INSERT INTO Authors (author_id, sex, first_name, last_name, birth_date) VALUES
(1, 'M', 'April', 'Holder', '1934-04-02'),
(2, 'F', 'Scott', 'Lowe', '1999-10-02'),
(3, 'M', 'Nathan', 'Archer', '1992-12-18'),
(4, 'F', 'Michelle', 'Mcgee', '1975-04-30'),
(5, 'M', 'Calvin', 'Richard', '1974-07-19'),
(6, 'M', 'Christian', 'Payne', '1939-05-13'),
(7, 'F', 'Kristi', 'Hicks', '1987-04-17'),
(8, 'M', 'Brandi', 'Marquez', '1998-05-19'),
(9, 'F', 'Ruth', 'Hill', '1954-02-01'),
(10, 'F', 'Kathleen', 'Soto', '1960-08-07'),
(11, 'M', 'Michael', 'Christensen', '1955-03-09'),
(12, 'M', 'Brooke', 'Nguyen', '1948-11-29'),
(13, 'M', 'Sarah', 'Ross', '1958-10-20'),
(14, 'M', 'Julie', 'Miranda', '1977-06-19'),
(15, 'M', 'Crystal', 'Johnson', '1963-01-09'),
(16, 'F', 'Keith', 'Brennan', '2005-03-18'),
(17, 'M', 'April', 'Spears', '1942-11-02'),
(18, 'M', 'Derek', 'Flores', '1964-11-20'),
(19, 'F', 'Peter', 'Davis', '1960-09-19'),
(20, 'F', 'Allison', 'Williams', '2002-07-17'),
(21, 'M', 'Lisa', 'Lynn', '1962-03-31'),
(22, 'F', 'James', 'Mills', '1940-11-22'),
(23, 'M', 'Mark', 'Hunt', '1996-10-23'),
(24, 'F', 'James', 'Small', '1936-10-23'),
(25, 'F', 'Jennifer', 'Brewer', '2001-03-09'),
(26, 'F', 'Christopher', 'Walters', '1955-12-30'),
(27, 'F', 'Brittany', 'Anderson', '1958-08-23'),
(28, 'F', 'Denise', 'Brewer', '1964-02-28'),
(29, 'M', 'Russell', 'Mckenzie', '1981-01-25'),
(30, 'M', 'Roger', 'Fry', '1981-11-06'),
(31, 'M', 'Anthony', 'King', '1983-09-20'),
(32, 'F', 'Cynthia', 'Bauer', '1937-04-16'),
(33, 'F', 'Paul', 'Spence', '1975-10-18'),
(34, 'M', 'Colleen', 'Gomez', '1992-11-22'),
(35, 'M', 'Rebecca', 'Owens', '1967-02-25'),
(36, 'M', 'Darlene', 'Nelson', '1994-08-10'),
(37, 'F', 'Linda', 'Jenkins', '1956-01-25'),
(38, 'M', 'Michael', 'Hart', '1967-05-14'),
(39, 'F', 'Brian', 'Carter', '1992-04-08'),
(40, 'M', 'Karen', 'Morales', '1943-04-06'),
(41, 'F', 'Sarah', 'Cantrell', '1985-02-16'),
(42, 'F', 'Melissa', 'Blevins', '1935-03-24'),
(43, 'M', 'Shawn', 'Mills', '1973-08-26'),
(44, 'M', 'Samantha', 'Thomas', '1953-12-25'),
(45, 'M', 'Joseph', 'Ruiz', '1994-07-08'),
(46, 'F', 'Manuel', 'Ramirez', '1994-04-30'),
(47, 'M', 'Megan', 'Hudson', '1949-02-11'),
(48, 'F', 'Robert', 'Scott', '1988-01-01'),
(49, 'F', 'Richard', 'Daniels', '1950-07-06'),
(50, 'M', 'Wanda', 'Baker', '1953-02-25'),
(51, 'M', 'Emily', 'Castro', '1974-07-24'),
(52, 'F', 'Erica', 'Bauer', '1969-07-16'),
(53, 'M', 'Michele', 'Powell', '1960-12-06'),
(54, 'M', 'Lauren', 'Mcmillan', '1986-09-24'),
(55, 'M', 'Angela', 'Hicks', '1983-04-01'),
(56, 'F', 'Linda', 'Ellis', '1937-06-24'),
(57, 'M', 'Kathryn', 'Lambert', '2001-08-24'),
(58, 'F', 'Donald', 'Moore', '1935-01-02'),
(59, 'F', 'Theresa', 'Davis', '1975-08-28'),
(60, 'M', 'Mary', 'Taylor', '1956-09-29'),
(61, 'F', 'Troy', 'Boyd', '1989-12-04'),
(62, 'M', 'Wesley', 'Lopez', '1965-08-24'),
(63, 'M', 'Kayla', 'Saunders', '1985-08-22'),
(64, 'F', 'Amanda', 'Wallace', '1996-09-04'),
(65, 'M', 'Peter', 'Arnold', '1978-09-19'),
(66, 'M', 'Marilyn', 'Long', '1937-03-31'),
(67, 'F', 'Eric', 'Maynard', '1944-08-25'),
(68, 'M', 'Howard', 'Wright', '1986-01-01'),
(69, 'F', 'Scott', 'Anderson', '1974-09-18'),
(70, 'F', 'Edward', 'Carrillo', '1949-07-18'),
(71, 'M', 'Anne', 'Hunt', '2001-02-08'),
(72, 'M', 'Justin', 'Larson', '1974-09-24'),
(73, 'M', 'Dennis', 'Moore', '1965-07-25'),
(74, 'M', 'Valerie', 'Avila', '1982-06-22'),
(75, 'M', 'Chad', 'Ryan', '1940-02-14'),
(76, 'M', 'Cheyenne', 'Wilson', '1967-01-03'),
(77, 'M', 'Brian', 'Delacruz', '2003-08-07'),
(78, 'M', 'Sara', 'Duke', '1981-01-06'),
(79, 'M', 'Samuel', 'Garrett', '1949-02-02'),
(80, 'M', 'Joanna', 'Martinez', '1962-07-28'),
(81, 'M', 'Jacqueline', 'Hughes', '1984-05-09'),
(82, 'M', 'Mark', 'Simpson', '1942-10-29'),
(83, 'F', 'Lauren', 'Martin', '1949-04-12'),
(84, 'F', 'Taylor', 'Bradford', '1980-08-04'),
(85, 'F', 'Kelly', 'Phillips', '1987-03-06'),
(86, 'M', 'Stephanie', 'Miller', '1965-08-27'),
(87, 'M', 'Jessica', 'Lane', '1959-12-27'),
(88, 'M', 'Anthony', 'Dennis', '1936-12-08'),
(89, 'F', 'Timothy', 'Lewis', '1938-12-01'),
(90, 'M', 'Vickie', 'Coleman', '1962-03-26'),
(91, 'F', 'Lisa', 'Blackburn', '2003-12-16'),
(92, 'F', 'Bonnie', 'Schwartz', '1945-01-12'),
(93, 'M', 'Ronald', 'Long', '1965-07-31'),
(94, 'F', 'Lisa', 'Lopez', '1958-01-15'),
(95, 'M', 'Mike', 'Price', '1944-02-01'),
(96, 'M', 'Angela', 'Fisher', '1993-11-06'),
(97, 'M', 'Debbie', 'Bernard', '1991-11-20'),
(98, 'F', 'Christy', 'Alexander', '1996-02-03'),
(99, 'F', 'Elizabeth', 'Riggs', '1977-09-11'),
(100, 'F', 'Ralph', 'Sharp', '1934-02-14');

INSERT INTO Categories (category_id, category_name) VALUES
(1, 'Fantasy'),
(2, 'Poetry'),
(3, 'Fiction'),
(4, 'Romance'),
(5, 'Mystery'),
(6, 'History'),
(7, 'Non-fiction'),
(8, 'Science'),
(9, 'Horror'),
(10, 'Biography');

INSERT INTO Books (book_id, title, isbn, author_id, publication_year, category_id, penalty_rate) VALUES
(1, 'There program seven out compare. Garden ahead performance decide wide. Series hand space day.', '5500643640000', 64, 1982, 8, 510.24),
(3, 'Act when much cause agent staff join. Continue also hard attack situation hear.', '2736511149130', 7, 1997, 9, 944.97),
(5, 'Than again policy five. Despite hear sure strong.', '3502944450056', 75, 2010, 2, 741.02),
(6, 'Woman anyone cold alone city station fight. Source participant article relate exist.', '1973980561210', 24, 1951, 8, 181.32),
(7, 'Response common who scene. Support push east officer break indicate probably.', '6606724471466', 5, 1939, 6, 108.44),
(8, 'Certain happy only only me new music us. Form consider president interest determine smile doctor.', '1330611582753', 98, 1925, 1, 273.97),
(10, 'Imagine consumer consider. Any avoid hot fact election actually.', '7123259025450', 29, 1950, 8, 526.82),
(11, 'Always behavior staff fear sell none. Apply Democrat many fine throughout.', '8046488563978', 40, 1970, 9, 858.88),
(12, 'Activity believe drug fire bank hit others next. Enough magazine hotel machine project dark stock.', '9734689220649', 2, 2013, 8, 591.85),
(13, 'Interesting authority a reach history region. Bar effort choose which.', '2593555087415', 68, 1950, 1, 6.54),
(14, 'Deal though loss third skill discussion when.', '7507733646524', 95, 1910, 10, 444.95),
(15, 'In material heavy total. Skill instead perhaps.
Well fine culture support.', '0166632969915', 85, 1920, 4, 62.17),
(16, 'Long member old girl.', '8509450057403', 98, 1937, 9, 228.19),
(17, 'Soldier future conference six size why matter.', '4003627029643', 37, 1966, 10, 738.82),
(18, 'Marriage adult represent available son statement. Firm medical you assume simple perhaps.', '1900795717223', 68, 1921, 9, 316.61),
(19, 'Room government such center reflect. Difference game pressure carry.', '6713606176824', 54, 2001, 4, 788.15),
(20, 'Lay dream citizen approach. Budget become need run both practice mean.', '2982774427592', 91, 1952, 5, 542.28),
(21, 'Rest care finish. Congress whose soldier shake full. Whatever rock which answer serve.', '3955696092641', 60, 1967, 4, 737.92),
(22, 'Scientist finally see candidate bad. Magazine condition moment discussion group.', '2122269663628', 43, 1941, 3, 244.68),
(23, 'Eight nothing agency treatment. May within participant successful less way continue enough.', '9570046631895', 91, 1999, 6, 434.49),
(24, 'Firm will down positive cut foot mission. Himself group guy finally rule rich.', '7817041970816', 20, 1982, 1, 725.41),
(25, 'Figure serious beautiful next stand former. Foot wind service represent if.', '1959745767774', 30, 1987, 9, 547.9),
(26, 'Both car yet speech adult. Rise west important PM say.', '0960510509898', 4, 1939, 2, 219.22),
(27, 'Owner memory institution take arm. Dark month check reflect now.', '1772622682261', 35, 1948, 1, 578.28),
(28, 'Toward year pressure matter three.', '9712983090094', 61, 1918, 2, 398.9),
(29, 'Foot almost despite fly company. Character same whatever. Bad this ask represent spend charge.', '8236973654926', 39, 2017, 6, 182.54),
(32, 'Language production nor hundred. History wish assume movie often medical any right.', '0507608208959', 58, 1944, 4, 977.01),
(33, 'Store person add identify house.', '2052921103219', 58, 2018, 4, 717.7),
(34, 'Ago skin though.
Behind brother national. Finally week before size soldier your.', '3831333800824', 74, 2015, 3, 413.39),
(35, 'Eye door toward education land. Her enter at everyone cover continue.
Sit paper street state.', '5287096644614', 78, 1906, 3, 694.9),
(39, 'And speak fund call. Cell plan use lawyer her have position effort.', '6933646588097', 6, 1910, 4, 797.3),
(40, 'Nor how none relationship. Clear do follow occur test.', '6468992042634', 79, 1913, 4, 176.42),
(41, 'Reveal each hospital. Pressure protect bit partner trip. Central left news a why.', '9628458927197', 42, 1916, 1, 2.68),
(43, 'Raise tax effect turn scene mouth. Soldier tonight party vote today second area.', '0782790442656', 25, 1956, 5, 518.73),
(44, 'Itself drug son who art national. Group other population director seat information task.', '2410023830723', 87, 2020, 5, 843.58),
(45, 'Lose just data enjoy eye quickly politics. Prove window individual cover national.', '0800402590345', 19, 1949, 10, 936.9),
(46, 'Event consumer way rich treat imagine.', '3998559173677', 19, 1960, 4, 46.91),
(48, 'His land detail condition property over north. Yeah above admit if authority girl.', '7856317579587', 64, 1951, 9, 623.31),
(51, 'Agent help budget hope. Trouble leg note decade child late.', '2046870564752', 66, 1968, 8, 17.52),
(52, 'Agreement main different notice education set. Compare pretty enough day.', '0864308773379', 14, 1963, 6, 714.59),
(53, 'Blue financial race low follow may. None less range computer yes interesting young.', '5012532573932', 84, 1955, 5, 415.42),
(54, 'Cause call human choose seven customer. Set under agency view. Development camera walk peace.', '6174370630347', 95, 1944, 8, 815.38),
(55, 'Hotel century Republican give across century feel.', '2617642546577', 75, 1967, 8, 589.3),
(57, 'Box main anything claim.', '9774168242202', 12, 1991, 10, 701.08),
(58, 'Word trouble wall answer up money. Positive whom treat relate country.', '6997541152106', 52, 1995, 2, 836.32),
(59, 'Rest could degree these. Apply sit else number.', '2240252465093', 30, 2004, 3, 288.83),
(60, 'Cut threat raise quickly safe number prevent. Style college behind American worry party run out.', '1144016618115', 12, 1955, 2, 546.58),
(61, 'Send as fight.', '0407205124943', 58, 1944, 7, 177.03),
(62, 'Value deep within while result play product take. Feel use group speech specific matter space.', '5205087788089', 95, 1954, 10, 448.06),
(63, 'Listen visit wrong wish reduce join amount such. Than through focus four range table picture.', '5503005378156', 34, 1974, 1, 338.06),
(65, 'Clear situation politics business.
Product no wait old the.
Camera high happy air.', '0815004872639', 69, 1986, 5, 944.83),
(67, 'Trial well action let. Card dark computer body finish director.', '9487213509361', 99, 2022, 8, 10.11),
(68, 'Adult rise behavior exist. Item sing with range soldier.', '6207731787037', 87, 2012, 10, 479.62),
(69, 'Mind result conference. Thing few glass difference.', '1453344617873', 26, 1996, 8, 447.0),
(71, 'System treat nearly onto.', '9580422547730', 60, 1920, 5, 247.87),
(72, 'Example they wear. Some live purpose mother analysis allow represent under.', '6087794550699', 79, 1957, 5, 950.81),
(73, 'Country party believe help campaign.', '0351375541441', 80, 1925, 4, 632.22),
(74, 'Just stage could government. Offer phone such couple sound.', '3596737360655', 50, 1976, 1, 917.55),
(75, 'Pattern guess local mother each compare less. Choose while third interesting knowledge interview.', '3633542147273', 63, 1940, 8, 946.28),
(76, 'Quickly peace science time old her. What rate system wait set memory commercial play.', '4883553457251', 79, 1929, 7, 865.78),
(77, 'Investment wait help. Explain particularly woman audience move staff instead.', '5009035400308', 10, 1962, 3, 973.72),
(78, 'The game I everything government appear. Miss account person two catch once worry.', '1922467762671', 13, 2021, 7, 813.42),
(79, 'Word rock part garden impact wife contain. Beat available military free determine education sell.', '5857775026607', 27, 1955, 5, 925.91),
(81, 'Also keep better name health. Offer involve ago thus science like. Moment set decide organization.', '1708901994293', 10, 1945, 7, 111.94),
(84, 'Building ground general common increase. Might cause traditional successful against.', '8114655242826', 81, 2018, 2, 771.79),
(85, 'Area sense popular investment add serious rich. Have money base onto western ground the.', '9999163383098', 69, 2015, 5, 22.59),
(86, 'Respond range air wall single feel. Would all same trip.', '8394286264862', 81, 1913, 5, 504.13),
(87, 'Natural result response. Party plant although. Trial who change here let.', '5387799632355', 33, 1975, 7, 703.06),
(90, 'Student goal language piece eye fly however man. System evidence citizen everybody nation.', '2163644599375', 25, 1938, 7, 578.04),
(91, 'Drug would benefit nature amount store. Official clear article special. Certain executive for race.', '6820548369642', 43, 1911, 7, 629.21),
(93, 'Truth real Democrat institution window various. There lose although assume money ok race.', '9017170761996', 1, 1916, 7, 996.21),
(94, 'Wrong lot risk source. Carry present meeting they. Bring when parent century.', '5904582150910', 99, 1981, 8, 715.74),
(95, 'Share begin trial audience media test next. Politics reveal open difference hair understand star.', '4334702355197', 69, 1969, 9, 168.14),
(96, 'Understand support game teach. Deep range everybody so whatever knowledge.', '5344683281923', 80, 1948, 1, 554.87),
(97, 'Six cost attorney different. Upon accept successful.', '4078978270920', 45, 1982, 2, 709.84),
(98, 'Lead eat site newspaper have.', '2250798012241', 21, 1987, 5, 567.6),
(101, 'Deal play food yet oil politics. Cell expect when certain. Upon table mind officer future firm.', '6716786205420', 2, 2023, 10, 109.78),
(102, 'Month side across about through.', '4456954986017', 14, 1998, 4, 424.09),
(103, 'Administration recent cut discover. Range election stay too list democratic.', '1032639969726', 47, 1931, 3, 621.55),
(104, 'Same pay plant street lot. Reflect born upon top. Develop career activity difficult hair.', '4851551639147', 91, 1916, 9, 857.44),
(105, 'House second such why exist within. Administration teacher strong walk. Use left not fire simple.', '9307232331372', 64, 1914, 10, 320.85),
(106, 'Form for case can network. Leg ask few collection. Set evidence outside.', '2226944345388', 93, 2005, 4, 312.94),
(108, 'Technology factor grow you blue. Either stop economy agency short newspaper hold.', '9362444390794', 47, 1976, 10, 673.97),
(109, 'Avoid case job accept ok raise sell civil.', '6361750798618', 49, 1966, 6, 931.84),
(110, 'Receive week sing doctor fill. Occur continue account.', '4497135821143', 55, 2020, 2, 1.64),
(111, 'Mission threat agreement I early. Father able difference employee police media.', '6963054062854', 22, 1996, 6, 692.76),
(112, 'Back building style movement green data friend upon.', '5169736189746', 48, 2002, 10, 237.71),
(113, 'Very community every white off least record. Film such model allow impact crime two former.', '3378078929297', 72, 1936, 4, 493.57),
(114, 'Cost how wish once. Claim respond according language glass end still.', '3628120787204', 71, 1976, 6, 900.22),
(115, 'Notice per usually true leg. Begin listen stage quickly better. Approach score record system.', '5068429362174', 41, 1927, 2, 312.68),
(116, 'Past impact safe.', '8206316754193', 6, 1959, 2, 626.57),
(117, 'Middle sell maybe raise lay best to. Best yeah maybe family outside.', '9136821910394', 6, 1971, 5, 337.84),
(118, 'Whether next determine beyond. Fund talk mission note. Catch life game town.', '6901773167831', 47, 1940, 1, 429.47),
(119, 'Rather usually fill usually. Trial provide religious call. Crime generation tonight time table.', '9265290138385', 27, 1913, 2, 860.4),
(120, 'Answer television office manager positive theory majority. Attorney say today lose which.', '0873324572349', 39, 2013, 8, 196.28),
(121, 'Event now vote. Know thousand house year dinner. Yet back which week positive.', '0549123000583', 14, 1949, 8, 111.43),
(122, 'Tree area easy be hotel. Though lay own course thing whatever agent.', '8304914541624', 26, 2022, 4, 321.37),
(123, 'Business everything serve up. Through travel network.', '1970106613778', 80, 1934, 6, 912.46),
(124, 'Night wife finish simple lead. Down news issue real another more customer ok.', '5213711309084', 81, 1940, 9, 592.87),
(126, 'Material build amount. Hit nor source instead song. College fire federal health.', '4806927406876', 7, 1955, 8, 782.1),
(127, 'Save record yes hear. Develop test fly watch.', '3788154173485', 70, 1903, 5, 603.66),
(128, 'Yes despite maintain wrong reality animal quickly. Doctor above no effect test heart.', '7606789659125', 47, 2010, 10, 519.53),
(132, 'Send continue no in throw task real. Region least according seek.', '7303788108395', 47, 2002, 6, 955.26),
(134, 'Address than focus chance.', '4211135798666', 50, 1983, 1, 809.32),
(135, 'Political whose happen up. Major more poor. Station describe plant book site street.', '8497374538716', 16, 2000, 4, 493.15),
(136, 'Also music area film scientist whatever bar. Bring tend improve now particular dinner pass.', '9195682097799', 12, 1954, 8, 350.98),
(137, 'Not send later board.
Writer deep recent someone. Election arrive time tell.', '4300250766150', 49, 1986, 8, 449.89),
(138, 'Prevent turn letter size easy.', '5631707263405', 79, 1913, 2, 568.39),
(139, 'Parent not state watch. Finish determine no force give understand.', '1778899681914', 91, 2012, 7, 703.34),
(141, 'Purpose as born something strategy. War look mean machine tend expert which.', '1022623034595', 54, 2006, 6, 156.87),
(142, 'Size audience unit national. Sound result material majority wonder feel.', '8375520135014', 77, 1926, 2, 315.19),
(143, 'Summer crime huge be have.', '2653167450205', 21, 1911, 1, 188.77),
(144, 'Recent attention simply exactly institution like. Training this without oil into.', '7430438427642', 22, 1950, 9, 450.45),
(145, 'Son ever attack role population. Why as data on sit increase wish.', '6279217185895', 11, 1954, 2, 158.82),
(147, 'Research arrive phone talk apply feeling vote. Day face political area system blood line foot.', '9993539636829', 96, 1937, 6, 791.12),
(149, 'Their performance first character pass find. Draw machine available be student coach.', '2062800888092', 23, 1966, 7, 772.36),
(150, 'Agent up born draw. His trial along role happen option detail.', '2688952291198', 57, 1961, 3, 926.43),
(151, 'Form speech structure another.', '8341943339964', 10, 2002, 6, 6.43),
(152, 'Only rock American fund. Decide general religious hair.', '1587110261470', 60, 1997, 7, 95.04),
(153, 'Entire black PM big political born identify central. Idea around while heart system.', '5864100265189', 53, 1952, 5, 127.36),
(154, 'Think far relate ten could yes.', '0417236019632', 40, 1976, 8, 653.93),
(155, 'Affect especially down recognize. Wrong staff center detail.', '0005899184404', 4, 2020, 9, 299.26),
(156, 'Sense explain opportunity. Represent ball player goal note husband audience.', '8895880498848', 32, 2020, 6, 578.25),
(157, 'Hit environmental stand position common. Several cultural security administration learn.', '8085045780816', 65, 1990, 6, 862.18),
(158, 'West TV rather risk. Cultural black person east.', '2032314003775', 27, 1900, 3, 437.85),
(159, 'Federal raise trouble line building fast. Half help try across property loss.', '4754017902078', 85, 1969, 7, 958.7),
(161, 'Yourself push conference center against. World between simple its foreign practice.', '2028764698160', 18, 1980, 3, 553.62),
(162, 'Analysis through edge avoid. Language account set security. Today common fire well reach itself.', '5633898318446', 76, 1962, 8, 852.83),
(163, 'Coach everyone who laugh down possible factor. Buy hour protect fund.', '3767836572289', 53, 1939, 8, 461.77),
(165, 'Suffer everyone stand stand school defense true.', '0453527997415', 77, 2012, 6, 137.88),
(166, 'Bad economy him past break box. Heart trade may piece happen.', '0887828574044', 22, 1912, 7, 773.59),
(167, 'Standard who kitchen history cup risk foreign. Short lawyer it so reason result.', '0270247391186', 2, 1918, 6, 570.41),
(168, 'Thing white street bring trial choose practice. Challenge board no.', '5357530332625', 2, 1917, 5, 102.57),
(169, 'Affect natural stock data painting grow. Member upon floor artist describe miss moment character.', '0107717151801', 95, 1961, 8, 397.68),
(170, 'Record range meeting poor figure table. Drug choice debate. Range rest affect green.', '2655472228951', 35, 1953, 1, 532.53),
(171, 'Human political wife allow street. Agreement wind ten hear.
Continue heavy role big message.', '5286434450356', 96, 1945, 6, 968.53),
(174, 'Lead officer miss human your enter. Others small better side mouth still.', '8034612696195', 46, 1936, 5, 508.41),
(177, 'Task door anyone alone. Unit institution fall occur mention lot spring.', '5462967868782', 36, 1975, 5, 264.2),
(179, 'War her deep art head only. Modern bar ground from herself.', '0778835820570', 43, 1927, 10, 317.67),
(180, 'Open unit peace receive theory good. Great series reason.', '8728368595758', 80, 1995, 6, 692.41),
(181, 'Food continue more significant. Fight behavior nature health own money score.', '6901011380214', 45, 1956, 3, 473.22),
(182, 'Third building growth year. All various public police be place join.', '3249516185400', 71, 1983, 3, 635.52),
(183, 'Thing follow write audience business modern them.', '8463767536497', 79, 1950, 2, 575.52),
(186, 'Chair claim issue institution kitchen.', '0292050936538', 16, 2012, 5, 83.97),
(187, 'Smile last why quality federal when.
Stop to reduce north. Pressure way expert nature peace argue.', '0665034495247', 57, 2018, 9, 907.56),
(188, 'Ground concern difference before part then tell. Grow leader wish energy deep.', '0683590458702', 2, 1995, 8, 220.39),
(189, 'Stock none ahead themselves. Week cut middle simply such over. Water point least music.', '1834824824343', 72, 1916, 10, 597.52),
(190, 'Final reflect blood fill. Those newspaper upon field create long.', '8993860311300', 38, 1900, 5, 616.03),
(191, 'Report improve represent per news responsibility. Price western figure wall.', '9632609386109', 76, 1966, 10, 308.2),
(192, 'Think how I sit. Tell political view do drug live.', '2248621067405', 3, 1974, 3, 35.49),
(193, 'Edge here pull lead finish in never lead. Number appear senior show arrive agree right the.', '2403528701507', 50, 1957, 1, 349.04),
(194, 'Rate nothing example almost. Mention behind until possible. Culture somebody employee.', '7427927131024', 10, 1935, 3, 287.12),
(195, 'Floor under allow whether production. Today guess street whose support.', '9629423969039', 83, 1972, 7, 813.05),
(196, 'Federal general themselves specific. Leave entire national outside treatment artist program.', '8142395606306', 5, 1936, 1, 734.83),
(198, 'Better later type really throughout present. Candidate door message many lay ahead nor paper.', '4303633529696', 11, 1957, 7, 706.42),
(199, 'Treatment wife develop here without cost less health. Deal for language.', '2659101726096', 92, 1976, 9, 955.68),
(200, 'Pattern Congress good tell manager candidate artist. Attorney simple somebody.', '8237418548853', 56, 1981, 1, 500.27);

INSERT INTO Members (member_id, first_name, last_name, email, registration_date) VALUES
(1, 'Hannah', 'Rogers', 'melaniegarza@example.com', '2023-09-26'),
(2, 'Daniel', 'Rodriguez', 'rojasmatthew@example.com', '2023-10-15'),
(3, 'Michael', 'Heath', 'zacharycummings@example.com', '2024-10-06'),
(4, 'Christina', 'Webb', 'gdavis@example.net', '2022-05-11'),
(5, 'Jane', 'Reyes', 'youngdanielle@example.net', '2023-01-28'),
(6, 'Christopher', 'Francis', 'gregory57@example.com', '2023-02-10'),
(7, 'William', 'Ramirez', 'tracy03@example.com', '2020-05-09'),
(8, 'Troy', 'Moore', 'elizabeth86@example.net', '2020-11-06'),
(9, 'Cameron', 'Roy', 'ematthews@example.net', '2021-09-12'),
(10, 'Leslie', 'Wilson', 'amanda69@example.net', '2023-05-24'),
(11, 'Amy', 'Tate', 'garyperez@example.org', '2023-07-06'),
(12, 'Johnny', 'Douglas', 'kristy70@example.com', '2023-04-28'),
(13, 'Michael', 'Miller', 'mrodriguez@example.net', '2022-07-03'),
(14, 'Johnny', 'Mitchell', 'stacie48@example.com', '2020-01-30'),
(15, 'Douglas', 'Castro', 'hansonjoseph@example.com', '2020-12-17'),
(16, 'John', 'Hicks', 'hhays@example.org', '2021-05-13'),
(17, 'Andrea', 'Baker', 'justin63@example.com', '2021-09-14'),
(18, 'Amy', 'Adkins', 'monique32@example.org', '2020-11-20'),
(19, 'Gregory', 'Nguyen', 'irush@example.net', '2022-03-29'),
(20, 'John', 'Rice', 'brendareyes@example.com', '2021-05-08'),
(21, 'Danny', 'Hanson', 'timothysmith@example.org', '2021-09-25'),
(22, 'Jennifer', 'Ford', 'kcampbell@example.org', '2024-03-24'),
(23, 'Destiny', 'Young', 'brian16@example.com', '2020-08-24'),
(24, 'Dominique', 'Becker', 'douglas60@example.org', '2024-06-05'),
(25, 'Vanessa', 'Garcia', 'benjaminadams@example.com', '2021-05-27'),
(26, 'Cynthia', 'Mcconnell', 'melissa66@example.com', '2020-01-03'),
(27, 'Alexa', 'Duran', 'melissamiller@example.net', '2020-03-11'),
(28, 'Susan', 'Vasquez', 'nrodriguez@example.org', '2020-11-26'),
(29, 'David', 'Perez', 'matthew28@example.com', '2019-12-18'),
(30, 'Ricky', 'Palmer', 'dennisdwayne@example.com', '2022-02-28'),
(31, 'Latoya', 'Flores', 'dawn85@example.net', '2021-06-21'),
(32, 'Daniel', 'Church', 'schneiderfrancisco@example.com', '2024-05-29'),
(33, 'William', 'Villegas', 'arogers@example.org', '2020-11-28'),
(34, 'Alice', 'Watson', 'braylauren@example.com', '2022-07-25'),
(35, 'Larry', 'Blevins', 'nconrad@example.com', '2022-07-12'),
(36, 'Michelle', 'Wallace', 'daniel23@example.org', '2020-05-30'),
(37, 'Steven', 'Crosby', 'rogersdawn@example.org', '2021-02-26'),
(38, 'Madeline', 'Drake', 'eking@example.org', '2023-06-09'),
(39, 'Elizabeth', 'Campbell', 'boothmorgan@example.net', '2021-04-28'),
(40, 'Nicholas', 'Hernandez', 'coxdustin@example.org', '2020-02-29'),
(41, 'Kimberly', 'King', 'fullerrussell@example.org', '2024-01-17'),
(42, 'Melissa', 'Huff', 'kwilliamson@example.org', '2019-12-28'),
(43, 'Matthew', 'Stark', 'ekelly@example.com', '2022-12-30'),
(44, 'Justin', 'Roberts', 'patrick75@example.org', '2023-05-02'),
(45, 'Christopher', 'Rosario', 'andreajohnson@example.net', '2020-01-02'),
(46, 'Catherine', 'Brown', 'juliegross@example.net', '2024-06-15'),
(47, 'John', 'Smith', 'jefferywilliams@example.com', '2021-03-01'),
(48, 'Todd', 'Wright', 'alexander43@example.net', '2019-12-06'),
(49, 'Kathleen', 'Williams', 'steven56@example.org', '2024-06-04'),
(50, 'Scott', 'Snow', 'barbararivera@example.net', '2023-09-02'),
(51, 'Steven', 'Garcia', 'radams@example.com', '2023-12-11'),
(52, 'Lisa', 'Cabrera', 'kenneth64@example.com', '2020-10-11'),
(53, 'Kathleen', 'Harris', 'wsmith@example.com', '2024-07-07'),
(54, 'Bobby', 'White', 'ihutchinson@example.org', '2024-08-09'),
(55, 'Tanya', 'Nash', 'cynthia14@example.org', '2021-07-07'),
(56, 'Kevin', 'Young', 'william42@example.net', '2020-12-30'),
(57, 'Samantha', 'Donovan', 'jonesstephen@example.net', '2019-11-08'),
(58, 'Erica', 'Pruitt', 'gregorywilkins@example.org', '2019-11-27'),
(59, 'Curtis', 'Gardner', 'farleyleslie@example.com', '2023-07-21'),
(60, 'Derek', 'Davila', 'kimberly33@example.net', '2024-02-17'),
(61, 'Richard', 'Glass', 'michaelcurtis@example.com', '2024-03-22'),
(62, 'Laura', 'Webster', 'ojohnson@example.com', '2020-09-29'),
(63, 'Mary', 'Brown', 'jeffrey77@example.org', '2020-05-10'),
(64, 'Rebecca', 'Nielsen', 'fwalters@example.net', '2021-01-19'),
(65, 'Gloria', 'Berry', 'kennethstevens@example.com', '2021-05-22'),
(66, 'Gregory', 'Nunez', 'stacyanderson@example.net', '2023-11-23'),
(67, 'David', 'Wilson', 'dawnray@example.net', '2024-06-04'),
(68, 'Kara', 'Daniels', 'johngarner@example.net', '2023-12-28'),
(69, 'Yvonne', 'Perez', 'anthony96@example.com', '2021-03-03'),
(70, 'Blake', 'Johnson', 'oconnorerica@example.com', '2021-05-31'),
(71, 'Bradley', 'Guerrero', 'stephanie08@example.net', '2019-11-17'),
(72, 'Anthony', 'Cantu', 'andre98@example.org', '2023-01-26'),
(73, 'Margaret', 'Bell', 'keithriley@example.com', '2023-06-24'),
(74, 'Robert', 'Gomez', 'davisveronica@example.com', '2022-10-24'),
(75, 'Sharon', 'Hughes', 'rwilson@example.net', '2023-04-06'),
(76, 'Corey', 'Hoover', 'patriciapollard@example.com', '2019-10-29'),
(77, 'Daniel', 'Simpson', 'davistiffany@example.org', '2020-07-02'),
(78, 'Monique', 'Morris', 'tcombs@example.net', '2020-03-16'),
(79, 'Jessica', 'Munoz', 'swilliams@example.com', '2022-06-07'),
(80, 'Vanessa', 'Garcia', 'stephen18@example.org', '2023-07-27'),
(81, 'Robert', 'Davis', 'xlynch@example.com', '2024-07-05'),
(82, 'Mary', 'Thompson', 'jonesedgar@example.org', '2020-06-27'),
(83, 'Kyle', 'Smith', 'sarahmatthews@example.org', '2023-01-08'),
(84, 'Donald', 'Macias', 'campbellfelicia@example.net', '2024-05-09'),
(85, 'Roger', 'Whitehead', 'david02@example.net', '2022-10-22'),
(86, 'Ryan', 'Escobar', 'lpugh@example.org', '2020-02-27'),
(87, 'Kimberly', 'Jones', 'wwong@example.net', '2021-06-12'),
(88, 'Hannah', 'Murphy', 'taylormosley@example.org', '2020-09-17'),
(89, 'Susan', 'Lynch', 'staceymartin@example.net', '2022-10-17'),
(90, 'Maureen', 'Lee', 'shane64@example.org', '2020-09-08'),
(91, 'Jay', 'Tran', 'fjones@example.com', '2020-05-18'),
(92, 'Wesley', 'Armstrong', 'michaelmathews@example.net', '2023-12-10'),
(93, 'Tina', 'Davis', 'fuenteskaren@example.org', '2021-01-16'),
(94, 'Brenda', 'Coffey', 'zdunn@example.net', '2022-06-27'),
(95, 'Adam', 'Le', 'vbishop@example.com', '2024-02-21'),
(96, 'Heather', 'Jimenez', 'tsanchez@example.net', '2023-05-19'),
(97, 'Amy', 'Lee', 'andrew38@example.com', '2019-11-18'),
(98, 'James', 'Roth', 'pfitzpatrick@example.com', '2020-06-19'),
(99, 'Jennifer', 'Dudley', 'dlopez@example.org', '2022-09-12'),
(100, 'Thomas', 'Mccoy', 'lsnyder@example.org', '2021-02-11'),
(101, 'David', 'Weeks', 'sarahbrown@example.net', '2022-06-11'),
(102, 'Jill', 'Davis', 'williamstiffany@example.com', '2023-04-20'),
(103, 'Melinda', 'Hernandez', 'mendezcheryl@example.com', '2021-03-22'),
(104, 'Tiffany', 'Klein', 'lonnie26@example.com', '2022-05-26'),
(105, 'Kristin', 'Baldwin', 'adam41@example.org', '2024-05-15'),
(106, 'Amy', 'Johnson', 'makayla38@example.net', '2023-05-04'),
(107, 'Renee', 'Hopkins', 'summerwilkinson@example.net', '2019-11-28'),
(108, 'John', 'Wallace', 'swilson@example.com', '2021-07-25'),
(109, 'Jeffrey', 'Thornton', 'lopezgabriel@example.net', '2022-04-13'),
(110, 'Christina', 'Hughes', 'williamsjohn@example.com', '2020-08-13'),
(111, 'Samantha', 'Rodriguez', 'sbennett@example.net', '2023-03-16'),
(112, 'Brandon', 'Thomas', 'robin97@example.org', '2022-06-19'),
(113, 'Alexandra', 'Wood', 'jgomez@example.net', '2022-03-11'),
(114, 'Emily', 'Conner', 'alexanderhammond@example.com', '2024-05-25'),
(115, 'Kaylee', 'Jackson', 'boydmark@example.org', '2024-09-22'),
(116, 'Kevin', 'Chavez', 'houstonerik@example.com', '2023-12-12'),
(117, 'Stephanie', 'Thornton', 'ortizcaleb@example.com', '2020-08-02'),
(118, 'Meredith', 'Parks', 'zcampbell@example.com', '2023-02-04'),
(119, 'Laura', 'Gonzales', 'ericwyatt@example.net', '2022-04-28'),
(120, 'Grant', 'Hunter', 'andrea77@example.com', '2020-02-29'),
(121, 'Chad', 'Garcia', 'josephhanson@example.org', '2021-09-20'),
(122, 'Crystal', 'Burke', 'tjackson@example.com', '2021-06-09'),
(123, 'Jonathan', 'Harper', 'imoore@example.org', '2021-04-14'),
(124, 'Raymond', 'Martinez', 'jamesshane@example.org', '2022-11-02'),
(125, 'Jeffrey', 'Burgess', 'zbowers@example.org', '2020-06-27'),
(126, 'Dylan', 'Harrison', 'alyssawilson@example.com', '2021-08-11'),
(127, 'Vanessa', 'Jones', 'barnesanna@example.org', '2023-09-19'),
(128, 'Emily', 'Warner', 'tara52@example.net', '2023-03-23'),
(129, 'Molly', 'Rice', 'katrina09@example.com', '2022-02-22'),
(130, 'Thomas', 'Miller', 'laura83@example.net', '2021-07-31'),
(131, 'William', 'Salinas', 'znguyen@example.org', '2023-05-05'),
(132, 'Travis', 'Petty', 'pjohnson@example.net', '2020-12-25'),
(133, 'Zachary', 'Robertson', 'louis80@example.net', '2022-08-02'),
(134, 'Matthew', 'Carey', 'aaronhughes@example.org', '2020-03-21'),
(135, 'Faith', 'Carroll', 'elaineramirez@example.com', '2022-10-02'),
(136, 'Matthew', 'Schmidt', 'brandilittle@example.org', '2023-12-21'),
(137, 'Edward', 'Smith', 'ielliott@example.org', '2022-10-11'),
(138, 'Ashley', 'Jefferson', 'glovermorgan@example.com', '2020-11-21'),
(139, 'Jason', 'Molina', 'andrew12@example.org', '2021-09-16'),
(140, 'Kevin', 'Dickerson', 'pallen@example.com', '2022-11-18'),
(141, 'Kristina', 'Randolph', 'carterchristina@example.net', '2022-05-21'),
(142, 'Lawrence', 'Adams', 'barbarawilliams@example.com', '2024-07-01'),
(143, 'Melissa', 'Gilbert', 'wilsonmichael@example.org', '2023-03-14'),
(144, 'Alexandra', 'Torres', 'stephanie40@example.net', '2024-01-02'),
(145, 'Andrea', 'Wu', 'mannandrea@example.com', '2021-12-13'),
(146, 'Gina', 'Martinez', 'leonardheidi@example.com', '2023-07-20'),
(147, 'Douglas', 'Ball', 'albertcunningham@example.net', '2023-10-22'),
(148, 'Ryan', 'Turner', 'larry90@example.net', '2023-02-14'),
(149, 'Karina', 'Jenkins', 'rwilliams@example.com', '2022-02-12'),
(150, 'Kyle', 'Nguyen', 'sandrapierce@example.org', '2023-11-20');

INSERT INTO Loans (loan_id, book_id, member_id, loan_date, due_date, return_date) VALUES
(3, 120, 4, '1986-05-11', '2011-12-06', '2021-05-26'),
(4, 108, 72, '1997-11-06', '2020-07-01', '2014-11-30'),
(6, 8, 29, '1970-08-04', '2010-04-04', '2008-01-12'),
(7, 109, 44, '1978-11-09', '2016-02-27', '1990-10-25'),
(8, 134, 15, '1973-10-01', '1977-07-28', '1979-01-04');

INSERT INTO Penalties (penalty_id, loan_id, penalty_amount, penalty_date) VALUES
(1, 6, 2331, '2003-09-07'),
(2, 8, 5328, '2002-09-07'),
(3, 6, 646, '2004-06-16'),
(4, 3, 3642, '1986-01-06'),
(6, 8, 7466, '1986-02-08'),
(8, 4, 6863, '1991-01-28');