INSERT INTO Customers (customer_id, first_name, last_name, email, phone, registration_date) VALUES
(1, 'Jared', 'Burke', 'steelejoseph@example.net', '+1-621-358-7908', '2022-07-21'),
(2, 'Martin', 'Wright', 'renee47@example.net', '208.608.9297', '2023-03-28'),
(3, 'Michael', 'Mitchell', 'graykevin@example.net', '6706509168', '2024-01-09'),
(4, 'Mark', 'Russo', 'sheila86@example.org', '430-972-6860x21', '2022-09-11'),
(5, 'Christopher', 'Castillo', 'edwardsdavid@example.org', '(567)732-3353x5', '2023-04-16'),
(6, 'Chad', 'Anderson', 'diazrick@example.com', '001-599-518-852', '2021-04-07'),
(7, 'Jeanne', 'Shaw', 'amber29@example.net', '001-661-758-319', '2024-02-20'),
(8, 'John', 'Bennett', 'barronmargaret@example.org', '316.696.7242', '2022-02-24'),
(9, 'David', 'Smith', 'jimenezduane@example.net', '+1-978-359-6844', '2021-10-22'),
(10, 'Justin', 'Schmidt', 'brownelizabeth@example.org', '(500)523-4935x4', '2024-09-05'),
(11, 'Robert', 'Ortiz', 'gary39@example.org', '539-226-6591x16', '2021-05-10'),
(12, 'Jason', 'Allen', 'kristen01@example.net', '(912)830-4604', '2024-07-22'),
(13, 'Stephen', 'Rodriguez', 'syang@example.org', '001-640-233-514', '2022-11-22'),
(14, 'Jessica', 'Koch', 'matthewgoodman@example.com', '540-359-1198', '2021-07-17'),
(15, 'Stacey', 'Anderson', 'peterbutler@example.net', '001-960-993-415', '2024-05-01'),
(16, 'Brent', 'Hicks', 'thomascook@example.net', '001-738-260-192', '2022-06-30'),
(17, 'John', 'Henderson', 'jcardenas@example.net', '404-856-6169x87', '2022-07-03'),
(18, 'Christian', 'Davies', 'lberger@example.org', '926-933-5302x72', '2023-03-06'),
(19, 'Stephen', 'Parker', 'james40@example.net', '001-244-677-994', '2022-04-01'),
(20, 'Crystal', 'Zhang', 'nancy50@example.org', '749-624-4562x78', '2022-08-24'),
(21, 'Elizabeth', 'Jones', 'dglenn@example.net', '288.668.0725x19', '2022-09-14'),
(22, 'Erika', 'Mcdonald', 'victoria07@example.net', '292-819-0093x50', '2020-05-21'),
(23, 'Shaun', 'Williams', 'osanders@example.com', '001-767-798-467', '2021-04-22'),
(24, 'Erika', 'Anderson', 'melissawatson@example.com', '(556)464-4520x0', '2023-11-02'),
(25, 'John', 'Brennan', 'lukehicks@example.com', '619-303-2640', '2022-06-28'),
(26, 'Ashley', 'Williams', 'loganlinda@example.net', '289-513-0034', '2020-09-24'),
(27, 'Alexa', 'Little', 'andrew90@example.net', '(853)343-4110x9', '2020-05-06'),
(28, 'Benjamin', 'Padilla', 'knoxsarah@example.org', '001-724-866-700', '2021-11-05'),
(29, 'Wendy', 'Shepherd', 'riosscott@example.net', '(349)651-1695', '2020-01-15'),
(30, 'Kenneth', 'Small', 'shawn98@example.org', '+1-852-656-7996', '2023-11-16'),
(31, 'Rebekah', 'Dickerson', 'smithmichael@example.org', '+1-947-395-1213', '2021-08-01'),
(32, 'Megan', 'Rose', 'stevensedward@example.net', '763-678-9093', '2021-08-11'),
(33, 'Alexander', 'Duncan', 'tina05@example.com', '4012440467', '2021-05-12'),
(34, 'Andre', 'Kramer', 'tonya23@example.net', '784.886.4970', '2023-08-21'),
(35, 'Lisa', 'Noble', 'barkercraig@example.net', '380-227-8211x40', '2020-02-23'),
(36, 'Kyle', 'Cunningham', 'kenneth00@example.com', '832.569.5518x85', '2020-05-16'),
(37, 'Kurt', 'Thompson', 'feliciarodriguez@example.com', '001-982-724-857', '2024-10-07'),
(38, 'James', 'Jackson', 'hmorales@example.org', '327-752-7157', '2023-05-18'),
(39, 'Charles', 'Blankenship', 'marcus63@example.com', '001-208-680-149', '2022-12-21'),
(40, 'Alicia', 'Smith', 'theresa94@example.net', '(734)962-4050x6', '2022-11-02'),
(41, 'Janet', 'Coleman', 'duncanjohn@example.com', '263.271.6001x26', '2023-01-11'),
(42, 'Allison', 'Walker', 'pamelaedwards@example.org', '8173509579', '2023-03-10'),
(43, 'Timothy', 'Lewis', 'natashamartinez@example.org', '+1-634-994-4253', '2022-04-03'),
(44, 'Jaime', 'Johnson', 'copelandamy@example.com', '328.745.3536x31', '2022-09-06'),
(45, 'Joseph', 'Parker', 'herrerajulia@example.org', '001-749-612-113', '2024-02-29'),
(46, 'John', 'Stewart', 'tvelez@example.com', '467-971-1163', '2022-10-10'),
(47, 'Kevin', 'Miller', 'anthonygrant@example.org', '(438)271-7005x8', '2024-04-11'),
(48, 'Jonathan', 'Conrad', 'kemprodney@example.com', '651-797-1690x23', '2020-06-13'),
(49, 'Nicole', 'Hopkins', 'stephaniewalsh@example.org', '8314979167', '2020-11-17'),
(50, 'Megan', 'Henry', 'bradleyrodriguez@example.com', '(575)939-6210', '2023-10-12'),
(51, 'Emily', 'Blackburn', 'randolphariel@example.net', '001-459-463-081', '2024-08-12'),
(52, 'Kimberly', 'Smith', 'timothy38@example.net', '8078788051', '2022-03-27'),
(53, 'Meghan', 'Martinez', 'rjefferson@example.com', '935-517-2655x24', '2022-02-20'),
(54, 'Melissa', 'Garcia', 'brent42@example.com', '001-448-991-143', '2024-01-21'),
(55, 'Kara', 'Taylor', 'clarkbrenda@example.com', '+1-367-583-8261', '2020-04-25'),
(56, 'Michele', 'Cook', 'onguyen@example.net', '(312)431-1032', '2024-07-14'),
(57, 'Elizabeth', 'Ford', 'marcus10@example.net', '001-663-752-833', '2020-01-02'),
(58, 'Erica', 'Alvarado', 'fieldsdawn@example.com', '001-382-383-786', '2020-04-14'),
(59, 'Erika', 'Gallagher', 'marcbrown@example.org', '231.453.8511x89', '2020-11-10'),
(60, 'Daniel', 'Love', 'kathleen36@example.org', '542.898.1061', '2023-03-11'),
(61, 'Thomas', 'Mcdaniel', 'matthew65@example.org', '748-373-0372x23', '2021-10-28'),
(62, 'Rebecca', 'Smith', 'richardroach@example.net', '(227)217-2286x3', '2020-03-09'),
(63, 'Melinda', 'Warren', 'afuller@example.com', '508.479.1139x32', '2021-05-23'),
(64, 'Gary', 'Smith', 'gonzalezchristopher@example.org', '001-222-521-670', '2023-08-21'),
(65, 'Jill', 'Martin', 'sonya57@example.net', '436-719-9767', '2022-09-06'),
(66, 'Gene', 'White', 'justin76@example.net', '887-405-8130x76', '2020-12-25'),
(67, 'Suzanne', 'Gonzalez', 'kristen45@example.com', '001-514-222-606', '2022-09-27'),
(68, 'Nicolas', 'Chavez', 'lhodge@example.com', '(538)309-7921', '2024-04-08'),
(69, 'Curtis', 'Clark', 'philipmorgan@example.org', '635-867-5739x02', '2020-02-08'),
(70, 'Wendy', 'Turner', 'barronedward@example.net', '(292)427-3037x3', '2024-04-16'),
(71, 'Andrea', 'Wu', 'zmcintosh@example.org', '201.376.7840', '2023-01-17'),
(72, 'Rebecca', 'Evans', 'etaylor@example.org', '541.874.1816', '2022-07-29'),
(73, 'Danny', 'Moss', 'millsbailey@example.com', '551.502.7460x86', '2021-11-14'),
(74, 'Sharon', 'Wagner', 'courtneypage@example.org', '(229)731-9248', '2023-04-03'),
(75, 'Kelly', 'Tucker', 'xmullins@example.org', '001-776-464-148', '2024-08-13'),
(76, 'Richard', 'Walters', 'williamkane@example.com', '(336)308-0689x7', '2021-04-20'),
(77, 'Angela', 'Potter', 'snyderlaura@example.net', '626-312-9660', '2020-10-05'),
(78, 'Jeremy', 'Brown', 'joneschristopher@example.net', '874.606.0806x13', '2020-12-13'),
(79, 'Jasmine', 'Ferguson', 'cwilliamson@example.com', '001-327-278-483', '2024-06-10'),
(80, 'Kathy', 'Forbes', 'angela85@example.org', '202.989.1883x76', '2021-11-07'),
(81, 'Jesse', 'Perez', 'williamsjustin@example.com', '001-969-314-899', '2023-11-20'),
(82, 'Amy', 'Nolan', 'juanmccann@example.com', '001-876-362-479', '2023-11-25'),
(83, 'Megan', 'Schneider', 'eugenebrooks@example.net', '967-265-1975', '2021-08-26'),
(84, 'Jose', 'Cortez', 'sharon86@example.com', '6947291631', '2024-04-10'),
(85, 'Kiara', 'Freeman', 'burgessmichael@example.net', '530-226-8124', '2023-02-23'),
(86, 'Kristen', 'Mcdonald', 'traviskrueger@example.net', '436-832-2879x36', '2021-09-13'),
(87, 'Timothy', 'Marshall', 'fuenteskathleen@example.com', '(583)652-5600x4', '2021-09-24'),
(88, 'David', 'Parsons', 'charlescombs@example.net', '(356)626-6969x8', '2023-09-17'),
(89, 'Timothy', 'Diaz', 'mariaferrell@example.net', '(925)467-7605x1', '2024-08-27'),
(90, 'William', 'Wolfe', 'rachel74@example.com', '4198149965', '2020-10-06'),
(91, 'Sharon', 'Pace', 'emilyking@example.net', '001-228-428-065', '2020-06-21'),
(92, 'Anthony', 'Allen', 'joanne05@example.org', '365.307.3917x48', '2022-03-01'),
(93, 'Thomas', 'Gonzalez', 'ebuck@example.com', '404.357.7937x51', '2020-07-19'),
(94, 'Kimberly', 'Villanueva', 'mark38@example.org', '(297)415-3810x0', '2020-03-31'),
(95, 'Brian', 'Cameron', 'greenelizabeth@example.net', '282.949.1911', '2023-06-08'),
(96, 'Nicole', 'Li', 'amorris@example.net', '622-313-6533x44', '2022-10-24'),
(97, 'Ryan', 'Morales', 'kevin98@example.com', '(440)271-7000x5', '2021-11-28'),
(98, 'Travis', 'Freeman', 'santosjonathan@example.net', '732.551.6903x48', '2022-07-20'),
(99, 'Rebecca', 'Rodriguez', 'danielyoung@example.com', '2662765394', '2024-04-20'),
(100, 'Sharon', 'Watson', 'uperry@example.org', '+1-550-366-7443', '2023-02-26'),
(101, 'David', 'Zuniga', 'carlosshelton@example.org', '001-676-939-078', '2021-01-28'),
(102, 'Gabriella', 'Best', 'wileyrobert@example.net', '452-950-4544x86', '2024-09-17'),
(103, 'Brandon', 'Powell', 'nathanbernard@example.org', '7845193706', '2020-06-24'),
(104, 'Thomas', 'Martinez', 'munozcynthia@example.net', '001-290-449-160', '2023-04-04'),
(105, 'Amanda', 'Banks', 'uhughes@example.net', '274.449.0162', '2021-04-11'),
(106, 'Jon', 'Lee', 'cainmichelle@example.com', '(523)908-1352x7', '2024-07-23'),
(107, 'Kathleen', 'Thomas', 'ajones@example.org', '001-477-816-631', '2020-11-26'),
(108, 'Maria', 'Holden', 'moorekim@example.net', '(882)799-7471', '2022-04-29'),
(109, 'Anna', 'Jones', 'tlloyd@example.com', '977.319.5798', '2022-03-22'),
(110, 'Amy', 'Allen', 'sancheztamara@example.org', '5545139074', '2022-09-23'),
(111, 'Frank', 'Davis', 'christopher74@example.net', '(280)782-9608', '2022-03-26'),
(112, 'Melissa', 'Mcknight', 'ahodges@example.net', '912.863.0965x02', '2022-12-09'),
(113, 'Jared', 'Herrera', 'ernestgarcia@example.com', '(811)530-6433x8', '2020-07-30'),
(114, 'Robert', 'Robertson', 'ireed@example.org', '(628)862-9576', '2021-01-26'),
(115, 'Abigail', 'Parker', 'craig48@example.net', '808.532.3895', '2023-07-08'),
(116, 'Jeffrey', 'Moore', 'wallacenicholas@example.org', '246.305.6181x61', '2024-04-14'),
(117, 'Laura', 'Roberts', 'ecopeland@example.org', '(869)359-9150x0', '2022-01-10'),
(118, 'Chris', 'Green', 'bhiggins@example.com', '001-341-448-915', '2020-11-12'),
(119, 'Michelle', 'Vega', 'robert41@example.net', '(293)622-1741x1', '2023-11-28'),
(120, 'Tracy', 'Lyons', 'mcgeejames@example.com', '+1-484-918-8625', '2022-01-11'),
(121, 'Julie', 'Shepherd', 'robertcross@example.com', '001-799-264-286', '2024-02-07'),
(122, 'Matthew', 'Solis', 'cfigueroa@example.org', '(361)868-4574x4', '2020-02-20'),
(123, 'Joanna', 'Smith', 'qjohnson@example.com', '731.346.8418x63', '2020-02-24'),
(124, 'Bradley', 'Robinson', 'sanchezjeremy@example.org', '+1-993-403-6813', '2023-03-31'),
(125, 'Kevin', 'Sanchez', 'qfleming@example.org', '957-713-5146x55', '2024-07-11'),
(126, 'Timothy', 'Jordan', 'fostershannon@example.net', '725-424-0980x18', '2022-12-09'),
(127, 'Douglas', 'Martinez', 'moralesnichole@example.net', '264-556-1312x25', '2024-04-19'),
(128, 'Kimberly', 'Steele', 'brandonfrazier@example.com', '766.596.0208', '2023-04-22'),
(129, 'Lucas', 'Townsend', 'wjackson@example.net', '001-540-293-379', '2021-07-06'),
(130, 'Jeremy', 'Jordan', 'nwalker@example.org', '437.212.1087x59', '2024-03-19'),
(131, 'Lawrence', 'Jones', 'ricardo88@example.net', '+1-447-533-9101', '2022-02-28'),
(132, 'Mary', 'Alexander', 'sanderspatrick@example.com', '695-825-3656', '2023-02-12'),
(133, 'Christopher', 'Nguyen', 'turnerbrian@example.net', '459.586.6292x00', '2022-10-21'),
(134, 'Tiffany', 'Phelps', 'kaiserstacey@example.net', '791.703.0975', '2022-05-02'),
(135, 'Richard', 'Wallace', 'robertgalvan@example.net', '(296)348-6843', '2021-08-26'),
(136, 'Brooke', 'Wood', 'michellebyrd@example.net', '(776)349-3324x1', '2024-03-04'),
(137, 'Jacqueline', 'Gillespie', 'anita29@example.com', '+1-247-462-7040', '2023-02-15'),
(138, 'Courtney', 'Nelson', 'carol33@example.net', '798-468-3668x29', '2021-03-24'),
(139, 'Zachary', 'Evans', 'johnjohnson@example.com', '637.304.6850x61', '2022-04-12'),
(140, 'Erica', 'Reeves', 'daltonanderson@example.com', '001-576-772-024', '2023-04-05'),
(141, 'Alexandra', 'Kelly', 'wagnerstephen@example.com', '872-808-4903x55', '2024-08-25'),
(142, 'Dennis', 'Baker', 'jamesburnett@example.org', '(903)674-1690x9', '2024-08-19'),
(143, 'Katie', 'Santiago', 'taylordavid@example.org', '686-346-7260x00', '2023-05-04'),
(144, 'Courtney', 'Lewis', 'annetate@example.org', '354-295-4578x61', '2021-12-27'),
(145, 'Ariana', 'Dominguez', 'xmartinez@example.com', '998-520-1735x94', '2022-01-03'),
(146, 'Jessica', 'Woods', 'isimmons@example.net', '(939)240-5563x6', '2022-01-30'),
(147, 'Melissa', 'Gilbert', 'howerhonda@example.com', '274-214-9760x44', '2022-03-30'),
(148, 'Laura', 'Jones', 'alexandrajones@example.com', '001-256-233-109', '2023-09-27'),
(149, 'Kristina', 'Carpenter', 'clarson@example.net', '486.480.8193x64', '2022-08-15'),
(150, 'Courtney', 'Williams', 'carlahopkins@example.org', '908-860-1197', '2022-12-30'),
(151, 'Nicholas', 'Williamson', 'mark92@example.com', '407-807-6449x43', '2022-07-26'),
(152, 'Richard', 'Dillon', 'staceyjames@example.net', '749.739.0581x28', '2022-12-04'),
(153, 'Lindsay', 'Potter', 'davisjerome@example.net', '8275756218', '2020-10-27'),
(154, 'Lisa', 'Tran', 'nicole31@example.net', '001-244-422-345', '2021-03-29'),
(155, 'Ryan', 'Lee', 'williamstravis@example.net', '6883162474', '2020-04-04'),
(156, 'Matthew', 'Mason', 'jdonaldson@example.org', '384-790-8087x04', '2024-08-23'),
(157, 'Thomas', 'Vasquez', 'hhill@example.org', '(208)510-9063', '2022-08-25'),
(158, 'Jason', 'Guerra', 'jrichardson@example.net', '428.973.2364x89', '2023-02-13'),
(159, 'Deborah', 'Dominguez', 'thouse@example.org', '691.966.2016x44', '2021-12-15'),
(160, 'Amber', 'Shepard', 'ymorris@example.net', '001-255-541-988', '2020-10-29'),
(161, 'James', 'Everett', 'gtownsend@example.org', '+1-388-828-0422', '2021-08-26'),
(162, 'Joel', 'Waters', 'williambenjamin@example.org', '(223)268-6996', '2024-03-09'),
(163, 'Jeremy', 'York', 'danielle73@example.net', '8059852841', '2024-01-02'),
(164, 'Michelle', 'Silva', 'pamelaburns@example.org', '+1-422-276-2827', '2022-01-27'),
(165, 'Ashley', 'Cook', 'thompsonjeffrey@example.com', '001-353-458-452', '2020-10-05'),
(166, 'Christine', 'Olson', 'margaret29@example.com', '818-546-3544', '2022-07-12'),
(167, 'Andrea', 'Sawyer', 'doneill@example.org', '252-851-2864x69', '2023-05-21'),
(168, 'Louis', 'Turner', 'alexandria27@example.net', '769-870-5244', '2023-03-22'),
(169, 'Kevin', 'Garrison', 'matthewsronald@example.com', '+1-965-919-4070', '2024-08-16'),
(170, 'Connie', 'Mendoza', 'clane@example.org', '525.672.5056x69', '2023-07-15'),
(171, 'Mary', 'Price', 'walleramanda@example.org', '(609)263-8758x0', '2019-12-14'),
(172, 'Stephen', 'Phillips', 'dominic71@example.com', '+1-528-306-6662', '2024-04-16'),
(173, 'Nicholas', 'Parker', 'samanthaclark@example.com', '898-263-0890', '2021-04-10'),
(174, 'Susan', 'Howard', 'mark61@example.org', '6287820089', '2022-08-24'),
(175, 'Daniel', 'Francis', 'dennisfisher@example.net', '(897)798-0486x5', '2020-08-18'),
(176, 'Paige', 'Patton', 'duarteanthony@example.com', '(841)255-0844', '2021-08-15'),
(177, 'Joseph', 'Rodriguez', 'josephtucker@example.com', '369-507-3142', '2024-06-06'),
(178, 'Patricia', 'Villegas', 'nicole77@example.net', '001-484-985-496', '2022-03-30'),
(179, 'Holly', 'Singleton', 'parsonsolivia@example.net', '595-587-5187x58', '2023-07-26'),
(180, 'Mark', 'Briggs', 'scott49@example.org', '610.485.3312x18', '2020-11-04'),
(181, 'Timothy', 'Miller', 'craig02@example.com', '4077050340', '2024-03-20'),
(182, 'Sharon', 'Hill', 'carolynbrown@example.com', '499.965.6801', '2021-09-16'),
(183, 'Shane', 'Foster', 'andrew04@example.net', '454-624-8570', '2023-06-15'),
(184, 'Kimberly', 'Spears', 'rodriguezlucas@example.org', '+1-548-859-0200', '2023-10-29'),
(185, 'Anthony', 'Miller', 'richard00@example.net', '950-316-8236', '2023-12-03'),
(186, 'Lindsey', 'Curtis', 'bryanadams@example.net', '820-920-2709x83', '2021-01-31'),
(187, 'Danny', 'Valencia', 'krystalvargas@example.com', '9499333268', '2021-09-16'),
(188, 'David', 'Bauer', 'stewartnathan@example.org', '451.716.2979', '2022-03-30'),
(189, 'Lindsay', 'Baker', 'arroyojoanne@example.com', '001-370-322-638', '2024-06-25'),
(190, 'Christina', 'Gordon', 'rileymichael@example.net', '(394)512-6493x8', '2019-10-30'),
(191, 'Warren', 'Hughes', 'ashley38@example.net', '914-818-5779x78', '2024-03-01'),
(192, 'Danielle', 'Lindsey', 'vobrien@example.net', '(981)558-9225', '2022-12-24'),
(193, 'Brian', 'Brown', 'jmiller@example.net', '357.223.6388x74', '2020-02-11'),
(194, 'Tiffany', 'Holloway', 'velazquezandrea@example.net', '+1-414-474-3455', '2021-04-12'),
(195, 'Edward', 'Strong', 'beckwilliam@example.org', '(546)583-9620', '2021-01-07'),
(196, 'Elizabeth', 'Owens', 'troyjohnson@example.com', '001-826-470-670', '2021-01-13'),
(197, 'David', 'Saunders', 'jeffrey77@example.com', '(521)329-7031x0', '2021-10-27'),
(198, 'Frank', 'Davis', 'valeriemitchell@example.com', '001-625-912-575', '2020-03-10'),
(199, 'Valerie', 'Glenn', 'omason@example.org', '581.748.9893x88', '2019-12-01'),
(200, 'Erin', 'Ramirez', 'jbrown@example.org', '(278)302-2081', '2020-09-08'),
(201, 'Bradley', 'Lawson', 'ruizgloria@example.com', '789-543-2309x36', '2022-09-08'),
(202, 'Autumn', 'Flynn', 'harrellcarrie@example.org', '001-752-326-249', '2021-11-28'),
(203, 'Bradley', 'Bradley', 'davidknight@example.org', '001-712-706-335', '2022-06-06'),
(204, 'Eric', 'Weaver', 'codyjones@example.org', '(593)209-6287', '2022-03-22'),
(205, 'Holly', 'Johnson', 'adriana19@example.com', '(925)954-3830x7', '2022-10-11'),
(206, 'Rhonda', 'Levy', 'justincohen@example.com', '(364)981-1351x6', '2022-07-31'),
(207, 'Robert', 'Sanchez', 'ashley56@example.org', '(835)903-2644', '2021-06-02'),
(208, 'Brittany', 'Randolph', 'yjohnson@example.com', '6369309394', '2023-07-10'),
(209, 'Tina', 'Martin', 'deborah57@example.com', '746.585.4010', '2022-04-18'),
(210, 'Jordan', 'Wagner', 'burtontheresa@example.com', '(824)819-1652x3', '2022-06-24'),
(211, 'Chris', 'Walters', 'smithjeremy@example.net', '+1-229-451-0246', '2024-07-18'),
(212, 'Rachel', 'Parker', 'hhartman@example.net', '9628816124', '2023-01-23'),
(213, 'Mark', 'Cordova', 'davidfox@example.net', '+1-681-941-4786', '2020-04-29'),
(214, 'Janet', 'Pearson', 'veronica32@example.net', '409-755-9610', '2021-07-04'),
(215, 'Penny', 'Hall', 'thompsoncathy@example.net', '001-411-745-536', '2022-12-13'),
(216, 'Willie', 'Morales', 'jefferymays@example.com', '249.536.8800x73', '2020-05-29'),
(217, 'Rachel', 'Conway', 'dparker@example.com', '6629720701', '2021-02-05'),
(218, 'Jason', 'Booth', 'martinmichelle@example.com', '(385)774-5599', '2023-08-05'),
(219, 'Jeremy', 'Smith', 'kelly33@example.com', '2027361418', '2022-03-17'),
(220, 'Frank', 'Joseph', 'ehunter@example.com', '4868531596', '2021-10-26'),
(221, 'Mary', 'Schultz', 'jennifermitchell@example.net', '568.659.2270x18', '2021-07-29'),
(222, 'Dana', 'Johnson', 'millerkelsey@example.com', '(671)891-0703x4', '2022-11-16'),
(223, 'Laurie', 'Henry', 'janice78@example.com', '+1-420-259-8357', '2024-07-01'),
(224, 'Jessica', 'Castillo', 'lindadillon@example.com', '(827)210-2900x9', '2020-04-09'),
(225, 'Tara', 'Hooper', 'rgonzales@example.com', '001-240-798-381', '2024-09-27'),
(226, 'Timothy', 'Fisher', 'eroberts@example.net', '828.951.7177', '2020-09-29'),
(227, 'Jason', 'Schroeder', 'dhardin@example.net', '4066392410', '2024-05-22'),
(228, 'Dawn', 'Payne', 'allisonfrancisco@example.net', '001-358-965-176', '2024-10-09'),
(229, 'Mitchell', 'Landry', 'janetjones@example.org', '+1-590-886-1797', '2023-09-14'),
(230, 'Terri', 'Cooper', 'dparrish@example.com', '(408)638-2799x2', '2020-08-03'),
(231, 'Jessica', 'Miller', 'joannecunningham@example.com', '001-236-876-195', '2024-10-19'),
(232, 'Heather', 'Wong', 'miguel17@example.com', '+1-563-841-4892', '2019-11-14'),
(233, 'Keith', 'Wilson', 'marvin49@example.com', '948-299-1870', '2020-04-14'),
(234, 'Erin', 'Smith', 'parkskaren@example.org', '+1-590-953-9580', '2020-09-30'),
(235, 'David', 'Ferguson', 'murphyryan@example.com', '221-524-5457x21', '2021-04-03'),
(236, 'Peter', 'Lee', 'amendoza@example.com', '3799580381', '2023-03-19'),
(237, 'Patricia', 'Henry', 'nmartinez@example.net', '(245)940-0460x8', '2021-12-23'),
(238, 'Maria', 'Barnes', 'molinamackenzie@example.net', '(520)886-3814x6', '2021-01-27'),
(239, 'Scott', 'Cortez', 'james22@example.com', '716-905-7852x82', '2024-05-08'),
(240, 'Spencer', 'Velasquez', 'ngarcia@example.org', '661-260-8503x05', '2020-09-17'),
(241, 'Michelle', 'Martinez', 'wayne70@example.com', '(725)819-1437x7', '2024-03-25'),
(242, 'Jennifer', 'Beltran', 'angelaanderson@example.com', '543-824-0058', '2021-01-27'),
(243, 'Austin', 'Lyons', 'mbeasley@example.net', '2683094206', '2021-07-14'),
(244, 'Kenneth', 'Nelson', 'douglasvictoria@example.org', '572-359-3405x97', '2023-06-14'),
(245, 'Valerie', 'Dixon', 'desiree91@example.org', '470-329-7232', '2023-06-21'),
(246, 'Jennifer', 'Morgan', 'robertstrickland@example.com', '7466241157', '2022-08-04'),
(247, 'Edward', 'Neal', 'walkerheather@example.org', '6647783179', '2022-09-23'),
(248, 'Deborah', 'Wilson', 'patriciaanderson@example.org', '9509903198', '2020-08-10'),
(249, 'Sean', 'Lamb', 'ffields@example.org', '715-713-8230', '2023-11-01'),
(250, 'Sherry', 'Reynolds', 'michael30@example.org', '224-894-3699', '2020-01-15'),
(251, 'Robert', 'Anderson', 'fwright@example.org', '8665678009', '2022-10-17'),
(252, 'Wayne', 'Baldwin', 'sphillips@example.org', '(710)912-0174x6', '2023-11-09'),
(253, 'Theresa', 'Weaver', 'adamramirez@example.net', '001-827-361-960', '2024-08-08'),
(254, 'Timothy', 'Castillo', 'yangthomas@example.net', '+1-235-992-2046', '2022-09-22'),
(255, 'Lori', 'Johnson', 'hmurray@example.com', '+1-956-622-3503', '2019-11-28'),
(256, 'Jonathan', 'Washington', 'emilygarner@example.com', '2016631790', '2021-07-14'),
(257, 'Ethan', 'Gibson', 'pbond@example.com', '211-912-2230x37', '2020-10-18'),
(258, 'Sandra', 'Galvan', 'julie02@example.net', '001-788-493-931', '2022-10-19'),
(259, 'Paula', 'Rogers', 'wgibson@example.net', '(220)517-0980x8', '2021-03-05'),
(260, 'Carmen', 'Swanson', 'stephen01@example.net', '290.356.6858', '2020-12-05'),
(261, 'Destiny', 'Thompson', 'ryangarcia@example.org', '+1-801-794-4873', '2023-04-22'),
(262, 'Michelle', 'Whitaker', 'vangdenise@example.org', '001-910-419-721', '2022-03-28'),
(263, 'Allison', 'Yu', 'jeremy69@example.net', '+1-830-927-4374', '2022-08-10'),
(264, 'Jennifer', 'Anderson', 'erinstevens@example.org', '+1-223-235-1392', '2021-07-03'),
(265, 'Brad', 'Hughes', 'micheleruiz@example.net', '243.403.6181x81', '2020-08-31'),
(266, 'Heather', 'Rodriguez', 'davidadams@example.com', '001-728-253-997', '2021-01-12'),
(267, 'Marisa', 'Orr', 'matthewfranklin@example.net', '(552)786-5938x6', '2021-04-18'),
(268, 'Maria', 'Hernandez', 'georgecollins@example.com', '934-735-2301x17', '2021-11-01'),
(269, 'Joyce', 'Reed', 'jennifer56@example.net', '001-887-744-181', '2023-01-24'),
(270, 'Shane', 'Haas', 'johnsonanna@example.net', '(848)514-7439x9', '2021-01-26'),
(271, 'Kayla', 'Hanson', 'kmoss@example.net', '+1-781-305-5825', '2023-01-09'),
(272, 'Miguel', 'Johnson', 'dominguezgregory@example.com', '001-212-438-119', '2023-06-30'),
(273, 'Stephanie', 'Barton', 'jefflynch@example.net', '001-999-276-543', '2022-06-11'),
(274, 'Jacqueline', 'Haney', 'crystalmartin@example.com', '001-472-736-366', '2019-11-12'),
(275, 'Mary', 'Hall', 'holmesjonathon@example.com', '(741)679-4123', '2020-06-21'),
(276, 'David', 'Coleman', 'linda54@example.com', '(678)292-3857x2', '2019-11-20'),
(277, 'Michelle', 'Farley', 'williambarton@example.org', '748.613.9794', '2021-01-05'),
(278, 'Michelle', 'Little', 'douglassloan@example.com', '4264961091', '2022-08-01'),
(279, 'Christopher', 'Patel', 'david08@example.net', '001-384-873-535', '2020-10-20'),
(280, 'Renee', 'Dunn', 'cruzrenee@example.com', '(358)265-2371x7', '2024-01-30'),
(281, 'Carly', 'Ellis', 'ricky62@example.org', '878-537-7751', '2023-06-11'),
(282, 'Deborah', 'Vazquez', 'mhoward@example.org', '+1-205-608-9176', '2021-07-15'),
(283, 'Laurie', 'Hayes', 'kyle96@example.org', '273.203.9515x33', '2020-02-09'),
(284, 'Brittany', 'Warner', 'acampos@example.org', '532-425-4755x54', '2023-04-22'),
(285, 'Whitney', 'Cook', 'brandonyoung@example.org', '+1-505-853-7145', '2021-05-26'),
(286, 'Calvin', 'Lowe', 'hendrixjoshua@example.com', '001-312-208-849', '2023-07-07'),
(287, 'Joshua', 'Singleton', 'hgarcia@example.com', '(844)418-7471', '2021-01-19'),
(288, 'Austin', 'Taylor', 'eric10@example.org', '(324)339-6050x1', '2021-09-04'),
(289, 'Gary', 'Franco', 'kruiz@example.net', '744-970-2090x94', '2020-08-23'),
(290, 'Donna', 'Pena', 'jefferyhorton@example.org', '542-272-2362x78', '2020-08-20'),
(291, 'Vincent', 'Sanchez', 'proctorjessica@example.org', '(410)664-6177x2', '2021-06-17'),
(292, 'Kevin', 'Lopez', 'gbrooks@example.org', '304.296.7051x05', '2020-11-21'),
(293, 'Brent', 'Rios', 'kathryn09@example.org', '3237370071', '2022-07-20'),
(294, 'Brian', 'Smith', 'aprilshort@example.org', '001-336-715-497', '2020-09-14'),
(295, 'Jeffrey', 'Phillips', 'dominiquefisher@example.org', '001-673-882-710', '2021-08-09'),
(296, 'Amanda', 'Mitchell', 'pjohnson@example.com', '477.928.6828x77', '2021-12-02'),
(297, 'Michael', 'Gomez', 'bbennett@example.org', '001-494-844-341', '2022-01-30'),
(298, 'Jennifer', 'Cabrera', 'ashleymaddox@example.com', '+1-422-272-8138', '2023-09-10'),
(299, 'Rita', 'Allen', 'nathanstewart@example.org', '794.650.5280', '2020-10-29'),
(300, 'Andre', 'Walker', 'hernandezbrian@example.com', '+1-404-668-5872', '2023-05-11'),
(301, 'Robert', 'Peterson', 'taylorerika@example.org', '(230)891-4963x0', '2022-07-19'),
(302, 'Amanda', 'Sanchez', 'lopezmary@example.org', '001-422-810-915', '2021-09-14'),
(303, 'Rhonda', 'Parks', 'gutierrezdawn@example.com', '764.826.3645x22', '2024-03-18'),
(304, 'Jeremy', 'Thomas', 'rmooney@example.com', '8059256698', '2019-12-03'),
(305, 'Donald', 'Perkins', 'mark77@example.org', '(451)919-8479', '2022-08-31'),
(306, 'Christopher', 'Townsend', 'connie19@example.org', '+1-634-658-6128', '2022-07-29'),
(307, 'Katie', 'Smith', 'bdyer@example.org', '839.831.1251x00', '2021-10-23'),
(308, 'Curtis', 'Joyce', 'jwatkins@example.org', '878.857.5910x18', '2021-11-10'),
(309, 'Wendy', 'Dixon', 'jasonsmith@example.com', '982.282.3884', '2021-08-31'),
(310, 'Carrie', 'Thompson', 'xbaker@example.net', '001-703-811-351', '2024-04-21'),
(311, 'Connor', 'Jackson', 'meganball@example.com', '001-801-814-981', '2022-11-14'),
(312, 'Jennifer', 'Thomas', 'vjohnson@example.com', '(587)559-9175x7', '2021-07-10'),
(313, 'Gregory', 'Lee', 'rfox@example.org', '747-776-5344x87', '2023-04-24'),
(314, 'John', 'Gomez', 'rsantana@example.com', '(832)588-3110x5', '2024-03-24'),
(315, 'Crystal', 'Choi', 'vleon@example.net', '001-309-203-004', '2023-01-14'),
(316, 'Wendy', 'Watson', 'elizabethbaldwin@example.org', '+1-927-666-7813', '2020-01-23'),
(317, 'Donald', 'Warren', 'andre26@example.net', '(275)417-3852x2', '2023-07-24'),
(318, 'Kayla', 'Berry', 'danielle44@example.org', '8315485140', '2024-08-31'),
(319, 'Colleen', 'Murphy', 'johnmcgee@example.com', '2657588487', '2023-08-09'),
(320, 'Michael', 'Duarte', 'tdavis@example.org', '+1-355-436-8798', '2023-04-08'),
(321, 'Donna', 'Caldwell', 'khansen@example.net', '001-718-229-843', '2021-10-01'),
(322, 'Jordan', 'Munoz', 'alexander84@example.com', '995-735-1249', '2022-11-16'),
(323, 'Jaime', 'Smith', 'mprice@example.com', '969-298-3041', '2020-07-12'),
(324, 'Danielle', 'Benson', 'josephnelson@example.net', '479-630-0059x87', '2023-04-27'),
(325, 'Donald', 'Nelson', 'amanda18@example.com', '940.517.7970x41', '2021-01-27'),
(326, 'Joseph', 'Reynolds', 'acruz@example.net', '(842)738-5679', '2023-03-21'),
(327, 'Denise', 'Hunt', 'pdixon@example.org', '564.468.2738x57', '2024-01-17'),
(328, 'Miguel', 'Thompson', 'smithandrew@example.org', '001-892-691-197', '2022-04-26'),
(329, 'Stacey', 'Eaton', 'ycherry@example.net', '309-549-0287', '2023-07-15'),
(330, 'Anne', 'Golden', 'davidhorne@example.org', '685.548.0069', '2023-12-01'),
(331, 'Sarah', 'Abbott', 'victoria55@example.org', '640.821.0844', '2022-04-21'),
(332, 'Joseph', 'Watson', 'rebecca63@example.org', '415-744-7877x26', '2021-03-31'),
(333, 'Tina', 'Stone', 'bryantpatricia@example.com', '+1-697-833-5212', '2024-04-07'),
(334, 'Christopher', 'Williams', 'fieldsgary@example.com', '(320)669-1531', '2023-03-06'),
(335, 'Deanna', 'Owen', 'andrew05@example.net', '358-432-8598', '2022-12-29'),
(336, 'Samuel', 'Miller', 'marshallscott@example.net', '958.446.3451x28', '2020-01-02'),
(337, 'David', 'Odonnell', 'grantryan@example.net', '484-522-6744x89', '2022-03-19'),
(338, 'Vickie', 'Wilson', 'mckaystacey@example.net', '+1-261-533-1856', '2020-04-09'),
(339, 'Christopher', 'Lee', 'castrojacqueline@example.com', '682-812-7389x15', '2021-04-01'),
(340, 'Troy', 'Ortiz', 'jillianhawkins@example.com', '812.974.1799x65', '2021-09-04'),
(341, 'Jacob', 'Walker', 'jason08@example.org', '(441)713-3814', '2020-09-06'),
(342, 'Brenda', 'Adams', 'kellybell@example.org', '458-463-2296x89', '2021-02-01'),
(343, 'Jorge', 'Porter', 'cgoodman@example.com', '917-479-4878', '2020-06-22'),
(344, 'Erica', 'Blair', 'pamela61@example.net', '836.969.5203', '2021-04-24'),
(345, 'Chad', 'Stewart', 'patricklopez@example.net', '001-739-567-026', '2023-03-18'),
(346, 'Devon', 'Pennington', 'forbesjoseph@example.com', '001-894-723-882', '2023-12-20'),
(347, 'Emily', 'Norton', 'waltontricia@example.net', '+1-373-932-7127', '2023-06-08'),
(348, 'Jesus', 'Chang', 'jeffreythompson@example.net', '483.515.9130x64', '2021-09-10'),
(349, 'David', 'Hansen', 'christopherstein@example.com', '385.347.4187x35', '2022-09-10'),
(350, 'Linda', 'Rodriguez', 'andersonryan@example.net', '408-414-0724', '2024-04-21'),
(351, 'Marissa', 'Armstrong', 'jeremiah31@example.org', '930.326.5170', '2019-11-29'),
(352, 'Brittany', 'Davis', 'martinezbill@example.net', '957-413-9265', '2021-09-17'),
(353, 'Cindy', 'Griffin', 'ywiley@example.net', '550-360-7417', '2020-08-20'),
(354, 'James', 'Glenn', 'tphillips@example.org', '550.799.6003x89', '2022-01-19'),
(355, 'Brandon', 'Woods', 'jgrant@example.org', '+1-465-535-5421', '2022-08-10'),
(356, 'Brian', 'Harris', 'denise12@example.net', '001-452-998-449', '2021-05-16'),
(357, 'David', 'Powers', 'dana99@example.net', '994-701-1039', '2021-01-01'),
(358, 'Jennifer', 'Smith', 'gregory72@example.org', '+1-306-924-6505', '2023-06-27'),
(359, 'Bruce', 'Cunningham', 'dawnfischer@example.org', '+1-344-783-4316', '2021-03-15'),
(360, 'Walter', 'Barnes', 'bradfordsandra@example.org', '(360)971-2056', '2021-06-21'),
(361, 'Stephen', 'Johnson', 'alvarezkevin@example.com', '6445102516', '2022-07-06'),
(362, 'Brandi', 'Bell', 'michaelgraves@example.org', '7959278582', '2021-02-05'),
(363, 'Brandy', 'Fleming', 'jillromero@example.net', '669-252-4531', '2022-04-17'),
(364, 'Veronica', 'Reyes', 'martinezaaron@example.org', '+1-903-372-9770', '2023-12-25'),
(365, 'Jeremy', 'Parsons', 'gonzalezrichard@example.net', '+1-297-277-9322', '2022-04-18'),
(366, 'James', 'Watson', 'rachelbrown@example.com', '9928584755', '2023-02-05'),
(367, 'Matthew', 'Rivera', 'iellis@example.org', '6556008645', '2023-10-02'),
(368, 'Jessica', 'Spencer', 'angelaclark@example.org', '001-930-325-650', '2020-01-24'),
(369, 'Margaret', 'Watson', 'nicole06@example.com', '522-243-0534x25', '2024-06-24'),
(370, 'Jason', 'Perkins', 'phillip53@example.org', '(893)702-2440x9', '2021-02-17'),
(371, 'Joann', 'Adkins', 'steven16@example.org', '927.385.8195x77', '2021-01-23'),
(372, 'Jaclyn', 'Roberts', 'david21@example.org', '+1-857-397-5154', '2022-07-09'),
(373, 'Sean', 'Lawson', 'jacqueline60@example.com', '+1-559-452-3902', '2023-02-06'),
(374, 'Jessica', 'Smith', 'vwilson@example.org', '930.815.2807x01', '2021-11-30'),
(375, 'David', 'Rhodes', 'julie26@example.com', '001-525-917-147', '2021-09-27'),
(376, 'Tara', 'Rice', 'fischerkenneth@example.net', '(682)548-8281', '2023-10-18'),
(377, 'Terri', 'Young', 'anthony36@example.net', '962.361.5288', '2020-10-16'),
(378, 'Debra', 'Barton', 'timothywelch@example.com', '(979)526-0548x0', '2024-03-12'),
(379, 'Teresa', 'Morales', 'drichardson@example.net', '001-360-798-437', '2022-08-27'),
(380, 'Brenda', 'Young', 'garcialauren@example.com', '(671)797-1947', '2020-09-30'),
(381, 'Julie', 'Acosta', 'raycorey@example.net', '001-344-332-446', '2024-07-28'),
(382, 'Daniel', 'Cole', 'kathryn90@example.net', '001-365-439-436', '2022-09-03'),
(383, 'Tony', 'Callahan', 'josephross@example.net', '(376)897-8291', '2022-06-15'),
(384, 'Joseph', 'Nelson', 'jeremy06@example.com', '447-602-4887', '2024-08-15'),
(385, 'Jessica', 'Stokes', 'xbyrd@example.net', '(750)897-8170x2', '2022-04-15'),
(386, 'Ryan', 'Irwin', 'frank05@example.com', '844-602-8282x38', '2024-03-31'),
(387, 'Timothy', 'White', 'libailey@example.org', '001-820-886-408', '2023-02-01'),
(388, 'Brian', 'Robertson', 'john11@example.net', '824.734.4362', '2022-06-15'),
(389, 'Crystal', 'Hinton', 'mwilliams@example.com', '(961)331-1111x6', '2020-06-20'),
(390, 'Chelsea', 'Silva', 'glenn04@example.org', '758-798-6621x62', '2022-08-18'),
(391, 'Stephen', 'Adams', 'alvarezkimberly@example.net', '001-378-238-912', '2022-02-04'),
(392, 'Cynthia', 'Adams', 'ryan31@example.com', '+1-755-601-4044', '2019-11-15'),
(393, 'Matthew', 'Robinson', 'rowetimothy@example.com', '(962)369-7608x5', '2020-03-29'),
(394, 'Francis', 'Martinez', 'debbie63@example.org', '(356)827-2559x3', '2022-09-18'),
(395, 'Thomas', 'Smith', 'garysmith@example.com', '(627)893-0859', '2022-12-03'),
(396, 'Nichole', 'Chapman', 'john75@example.com', '866.353.9682', '2022-07-06'),
(397, 'Chris', 'Lawrence', 'kristinabrown@example.org', '656.300.3880x12', '2024-08-21'),
(398, 'Brad', 'James', 'robertsharp@example.net', '352.798.7786', '2021-01-15'),
(399, 'Nicole', 'Fox', 'lewiscody@example.net', '+1-699-634-3451', '2020-12-28'),
(400, 'Kevin', 'Lopez', 'jamescarter@example.net', '(803)496-3728', '2022-06-20'),
(401, 'Renee', 'Powell', 'ewhite@example.com', '924-553-3089x54', '2022-02-18'),
(402, 'Jonathan', 'Sullivan', 'william37@example.com', '+1-366-839-1889', '2020-02-29'),
(403, 'William', 'Morales', 'robersonjanet@example.com', '+1-322-963-9574', '2022-01-12'),
(404, 'Shannon', 'Miller', 'gabriel41@example.com', '(515)959-6940x5', '2021-10-30'),
(405, 'Christopher', 'Larsen', 'nbarnes@example.org', '+1-674-731-8660', '2024-01-18'),
(406, 'Jacob', 'Webb', 'mary88@example.org', '(504)947-6983', '2021-05-17'),
(407, 'Regina', 'Stevens', 'tjames@example.net', '589-307-4409x62', '2021-02-02'),
(408, 'Patricia', 'Porter', 'hannah97@example.net', '293-968-9020', '2021-07-24'),
(409, 'Joshua', 'Sheppard', 'tara23@example.net', '001-720-725-061', '2022-09-19'),
(410, 'Allison', 'Porter', 'amandacisneros@example.com', '(314)623-7436', '2023-12-18'),
(411, 'Luis', 'Green', 'leemelissa@example.net', '385-320-3860x24', '2024-02-21'),
(412, 'Lynn', 'Jones', 'hansenamy@example.org', '001-951-554-999', '2023-10-26'),
(413, 'Daniel', 'Erickson', 'nicholasdavis@example.net', '417-961-1921', '2023-06-20'),
(414, 'Melissa', 'Jones', 'walkerronald@example.com', '788.206.1190', '2022-07-02'),
(415, 'Russell', 'Rodriguez', 'evandavis@example.net', '(729)242-0183', '2023-04-15'),
(416, 'Harry', 'Anderson', 'cayala@example.net', '+1-432-738-7660', '2022-10-29'),
(417, 'John', 'Esparza', 'emilyflynn@example.com', '(854)233-2917x8', '2023-01-23'),
(418, 'Marc', 'Jones', 'derek20@example.com', '001-803-569-105', '2023-05-13'),
(419, 'Kevin', 'Robinson', 'krista79@example.net', '(534)540-4545x4', '2024-09-02'),
(420, 'Robert', 'Morrison', 'andrea10@example.org', '001-883-764-332', '2022-08-03'),
(421, 'Ryan', 'Smith', 'hodgesmandy@example.org', '+1-458-994-9673', '2022-04-05'),
(422, 'Jessica', 'Wong', 'pamela88@example.org', '485-318-4535', '2022-12-10'),
(423, 'Victoria', 'Anderson', 'zpowell@example.org', '+1-708-990-4898', '2021-12-11'),
(424, 'Tracy', 'Robinson', 'ihouse@example.org', '598-305-0836', '2023-10-28'),
(425, 'Sara', 'Alvarado', 'georgenelson@example.org', '703.879.1749', '2023-11-29'),
(426, 'Theodore', 'Chen', 'andradekaren@example.org', '+1-693-500-8705', '2023-08-26'),
(427, 'Nicole', 'Baker', 'adamstevenson@example.net', '587-255-5401x90', '2020-04-03'),
(428, 'Melissa', 'Adams', 'gcastro@example.net', '+1-642-859-4287', '2023-06-08'),
(429, 'Philip', 'Franklin', 'erodgers@example.com', '(456)707-0300x7', '2024-10-17'),
(430, 'Robert', 'Mitchell', 'williamssamuel@example.org', '949-569-4795x01', '2021-07-21'),
(431, 'Marcus', 'Martinez', 'jessicamckinney@example.com', '001-621-232-745', '2024-01-12'),
(432, 'Laura', 'Hawkins', 'smithrichard@example.com', '713-636-2583', '2020-05-27'),
(433, 'Mario', 'Woods', 'robertwhite@example.net', '553.434.5376', '2021-10-14'),
(434, 'Laura', 'Johnson', 'jeremy59@example.org', '490.678.2953x11', '2020-02-24'),
(435, 'Billy', 'Griffith', 'kayla18@example.com', '949-652-1433x33', '2021-04-01'),
(436, 'Ronnie', 'Carroll', 'fthompson@example.com', '(725)439-5803x7', '2019-10-29'),
(437, 'Christina', 'Huff', 'thompsonterri@example.com', '(454)674-3146x4', '2023-04-10'),
(438, 'Dawn', 'Silva', 'angelahawkins@example.com', '+1-779-645-4327', '2020-07-20'),
(439, 'Cathy', 'Cruz', 'hmccoy@example.com', '216-315-5089', '2021-08-12'),
(440, 'Robert', 'Pierce', 'whitney80@example.com', '945-824-1936x23', '2022-11-01'),
(441, 'Damon', 'Thompson', 'jonesmatthew@example.org', '520-384-0310x57', '2024-04-18'),
(442, 'Meagan', 'Cunningham', 'edwardsmegan@example.org', '815-849-0230', '2021-12-12'),
(443, 'Kevin', 'Benitez', 'whoffman@example.com', '362-424-1839x03', '2020-07-30'),
(444, 'April', 'Berger', 'chelsea19@example.net', '(875)765-4012', '2020-12-26'),
(445, 'Crystal', 'Beard', 'xmooney@example.net', '+1-683-742-9505', '2024-10-06'),
(446, 'Elizabeth', 'Dominguez', 'john37@example.com', '(959)587-6959', '2024-09-05'),
(447, 'Joseph', 'Todd', 'scotttucker@example.com', '(686)358-6598x5', '2022-04-12'),
(448, 'Stephen', 'Cooley', 'dan63@example.org', '+1-910-347-9076', '2021-12-12'),
(449, 'Jennifer', 'Bennett', 'oconnorrobin@example.net', '+1-814-728-1633', '2022-07-05'),
(450, 'Joseph', 'Mack', 'kathleennewman@example.com', '001-894-430-327', '2021-03-12'),
(451, 'Reginald', 'Johnson', 'austinjulie@example.com', '(307)506-8957', '2023-05-18'),
(452, 'Cindy', 'Proctor', 'rachel55@example.com', '590.325.7473x62', '2020-02-16'),
(453, 'Timothy', 'Thompson', 'davidhansen@example.com', '209.980.1709x18', '2024-08-26'),
(454, 'Alexandra', 'Garrett', 'boltonpatricia@example.com', '(544)280-1145x8', '2023-01-11'),
(455, 'Veronica', 'Casey', 'barryjacobson@example.com', '(439)918-8265x1', '2021-07-21'),
(456, 'Kim', 'Jackson', 'oliverbenjamin@example.net', '8107583809', '2024-05-31'),
(457, 'Shannon', 'Molina', 'walkersamantha@example.net', '513.739.7746x78', '2022-04-05'),
(458, 'Christopher', 'Hudson', 'toni84@example.com', '(321)562-2195', '2022-11-06'),
(459, 'Christopher', 'Williams', 'tiffany45@example.net', '001-785-282-266', '2020-02-21'),
(460, 'Larry', 'Simmons', 'herreraaustin@example.org', '(928)457-1910x6', '2021-05-20'),
(461, 'John', 'Cannon', 'brandypowers@example.org', '421-482-2100', '2024-10-08'),
(462, 'Connie', 'Thornton', 'andrewwood@example.com', '(974)637-5072x2', '2021-05-31'),
(463, 'Cody', 'Parks', 'marybrown@example.net', '398.794.1282x54', '2019-11-24'),
(464, 'Veronica', 'Robles', 'thomas38@example.net', '818-420-0240', '2020-02-22'),
(465, 'William', 'Mays', 'stevenhooper@example.net', '001-978-898-277', '2022-05-03'),
(466, 'Ann', 'Herman', 'ahall@example.net', '(228)581-8806x8', '2021-11-23'),
(467, 'Dylan', 'Johnston', 'ashley72@example.net', '001-861-897-362', '2020-08-21'),
(468, 'Kristin', 'Garcia', 'kristaolson@example.net', '001-224-339-334', '2020-02-10'),
(469, 'David', 'Andrade', 'christinavelazquez@example.com', '458.602.5900x81', '2021-07-11'),
(470, 'Connie', 'Rodriguez', 'oconnellrichard@example.com', '231.354.6753x59', '2024-08-06'),
(471, 'Amanda', 'Coleman', 'laura98@example.net', '983.258.7817', '2023-06-16'),
(472, 'Eric', 'Brown', 'lperez@example.com', '001-766-295-710', '2023-08-23'),
(473, 'Richard', 'Roberson', 'riceangela@example.org', '356.772.3577x84', '2024-04-08'),
(474, 'Michael', 'Simmons', 'jason66@example.com', '914-231-2590', '2021-02-18'),
(475, 'Amanda', 'Ford', 'john09@example.org', '(453)846-9103', '2022-02-18'),
(476, 'Sara', 'Garcia', 'ann39@example.net', '+1-290-974-9146', '2020-03-28'),
(477, 'William', 'Williams', 'ashley59@example.net', '8406857849', '2021-03-28'),
(478, 'Cynthia', 'Stevens', 'bmontoya@example.org', '206-555-5027', '2020-02-20'),
(479, 'Jennifer', 'Jacobs', 'buchananchristopher@example.com', '565-804-0757', '2023-06-14'),
(480, 'Margaret', 'Elliott', 'morgankaren@example.org', '801-201-0884', '2020-01-16'),
(481, 'Kelly', 'Lee', 'craig07@example.org', '657.852.2033', '2020-08-02'),
(482, 'Megan', 'Green', 'john68@example.org', '001-211-343-590', '2024-06-05'),
(483, 'Steven', 'Hall', 'angelamyers@example.net', '+1-364-441-0682', '2022-02-21'),
(484, 'Anthony', 'Adams', 'bsanchez@example.com', '411-614-1905', '2021-06-12'),
(485, 'Vincent', 'Petty', 'pamhill@example.net', '653-806-2154', '2020-02-19'),
(486, 'Jimmy', 'Davis', 'colelaura@example.net', '(549)237-5471', '2020-10-09'),
(487, 'Jeremy', 'Bennett', 'gonzalezmary@example.org', '+1-876-283-7920', '2021-08-02'),
(488, 'Lisa', 'Salazar', 'danny52@example.com', '001-995-541-864', '2024-08-02'),
(489, 'Wendy', 'Li', 'rreese@example.net', '560.963.4356x48', '2020-03-24'),
(490, 'John', 'Savage', 'thomaspotter@example.com', '633-795-3551', '2023-10-28'),
(491, 'Stacy', 'Nguyen', 'smendez@example.net', '+1-450-442-0710', '2023-03-21'),
(492, 'Monica', 'Gibson', 'aadams@example.org', '(461)703-8001x2', '2022-02-24'),
(493, 'Jesse', 'Smith', 'derekrogers@example.org', '(523)717-9934x1', '2023-08-09'),
(494, 'Mercedes', 'Wilson', 'greghill@example.org', '001-479-342-287', '2021-11-07'),
(495, 'Hannah', 'Larson', 'mmarquez@example.com', '710.393.1173', '2019-12-22'),
(496, 'Melinda', 'Harris', 'morrowchristopher@example.org', '956-653-4138', '2024-09-01'),
(497, 'Kenneth', 'Davis', 'rosariobailey@example.com', '728.544.2919x47', '2019-10-27'),
(498, 'Joshua', 'Silva', 'lduke@example.com', '987-553-0796', '2023-09-02'),
(499, 'Tina', 'Cruz', 'denisehernandez@example.org', '(448)606-6840', '2024-03-24'),
(500, 'Erik', 'Carey', 'dcampbell@example.net', '(503)549-6057', '2022-07-25'),
(501, 'Kimberly', 'Scott', 'hernandezfrank@example.com', '314-434-2436', '2020-04-29'),
(502, 'Timothy', 'Garcia', 'klinematthew@example.org', '394-571-1687x80', '2021-04-09'),
(503, 'Christopher', 'Cohen', 'ortizjohn@example.net', '5694986891', '2023-05-13'),
(504, 'Lauren', 'Castro', 'hjones@example.net', '810.540.0062x79', '2022-01-08'),
(505, 'Andrea', 'Rangel', 'bpeterson@example.net', '+1-685-221-0392', '2023-01-18'),
(506, 'Brooke', 'Carpenter', 'harperamy@example.com', '(227)795-4462x3', '2020-06-25'),
(507, 'Lee', 'Douglas', 'johnsonmark@example.net', '638.937.9494x09', '2021-02-07'),
(508, 'Joseph', 'Archer', 'kyle95@example.net', '+1-958-310-4493', '2019-11-13'),
(509, 'Christopher', 'Lewis', 'ariel42@example.net', '5713699211', '2020-01-28'),
(510, 'Daniel', 'Zavala', 'jconway@example.net', '+1-391-742-4816', '2021-04-19'),
(511, 'Amanda', 'Wheeler', 'barryjames@example.org', '799-488-2824x82', '2020-11-08'),
(512, 'Ashley', 'Davis', 'pyoung@example.org', '(993)805-9132x7', '2021-05-26'),
(513, 'Leslie', 'Cook', 'ssanchez@example.com', '2227263231', '2023-01-28'),
(514, 'Leslie', 'Munoz', 'anthony26@example.org', '(634)586-5693x0', '2020-06-22'),
(515, 'Heather', 'Morgan', 'nancycain@example.org', '+1-752-666-5561', '2021-08-07'),
(516, 'Chad', 'Flores', 'michaelmorrison@example.net', '+1-975-559-6523', '2022-10-07'),
(517, 'Eric', 'Turner', 'petersoncassandra@example.net', '(999)754-3131', '2020-06-16'),
(518, 'Joshua', 'Atkins', 'kathleencabrera@example.org', '710.516.0447', '2020-01-02'),
(519, 'Gabriella', 'Willis', 'nicholas60@example.org', '(412)208-8652x5', '2022-09-21'),
(520, 'Tracy', 'Watson', 'fosborne@example.com', '217-482-7724x26', '2022-06-23'),
(521, 'Karen', 'Hansen', 'nicholas45@example.net', '001-853-368-262', '2022-05-01'),
(522, 'Natasha', 'Butler', 'charlesdavidson@example.org', '(677)376-6613', '2021-07-06'),
(523, 'Laurie', 'Buchanan', 'friedmanrichard@example.net', '+1-564-429-7275', '2021-01-26'),
(524, 'Shawn', 'Mckee', 'tadkins@example.com', '001-289-350-574', '2023-11-21'),
(525, 'Douglas', 'House', 'kfrazier@example.org', '001-674-576-061', '2022-09-06'),
(526, 'Jordan', 'Jenkins', 'rebekahlittle@example.org', '+1-467-520-3243', '2020-08-26'),
(527, 'Bethany', 'Rodriguez', 'ccummings@example.org', '370.429.3049x44', '2022-03-18'),
(528, 'Misty', 'Pace', 'lbutler@example.net', '673-695-5699', '2024-01-06'),
(529, 'Jeanette', 'Gomez', 'tparker@example.org', '234.804.1468x27', '2022-07-24'),
(530, 'Brian', 'Burgess', 'michael59@example.net', '969.261.0287x67', '2022-02-25'),
(531, 'John', 'Orr', 'ashley54@example.org', '840-256-9324x49', '2020-02-29'),
(532, 'Krista', 'Henderson', 'ballkimberly@example.org', '235-814-7598x37', '2021-11-22'),
(533, 'Jacob', 'Rodgers', 'suzanneleon@example.com', '515.997.9227x52', '2021-05-20'),
(534, 'Joseph', 'Mitchell', 'gary08@example.com', '001-902-928-566', '2022-11-21'),
(535, 'Gregory', 'Burgess', 'brandy42@example.com', '378-486-6781x12', '2023-04-05'),
(536, 'Stephen', 'Rodriguez', 'qstone@example.com', '(576)969-3825x5', '2022-05-06'),
(537, 'Brian', 'Phillips', 'kevinhamilton@example.org', '281-947-4191x38', '2022-05-28'),
(538, 'Calvin', 'Walker', 'jwilliamson@example.org', '(331)330-0501x1', '2022-04-01'),
(539, 'John', 'Walsh', 'jessica17@example.com', '450.510.8407x05', '2023-04-24'),
(540, 'Jason', 'Freeman', 'nicole21@example.net', '963.602.2971x12', '2024-04-30'),
(541, 'Donna', 'Hall', 'sarah13@example.net', '387.322.8102x59', '2021-10-12'),
(542, 'Austin', 'Russell', 'mparrish@example.org', '6624903032', '2022-01-23'),
(543, 'Karen', 'Shah', 'carralexander@example.net', '+1-502-277-6644', '2024-06-25'),
(544, 'Jordan', 'Young', 'edwardsmith@example.net', '+1-904-988-9160', '2023-05-19'),
(545, 'John', 'Huynh', 'reyessharon@example.com', '(293)383-1161', '2024-05-24'),
(546, 'Phillip', 'Brown', 'samuelswanson@example.org', '625.983.5392', '2023-08-30'),
(547, 'Andrew', 'Dominguez', 'chines@example.com', '(715)985-9060x5', '2022-10-23'),
(548, 'Jon', 'Vasquez', 'millstracy@example.net', '351.244.4529x37', '2020-07-12'),
(549, 'Jason', 'Wilson', 'brandon79@example.com', '634.904.9271', '2020-12-15'),
(550, 'Kyle', 'Gutierrez', 'kalvarez@example.org', '001-487-507-483', '2019-11-15'),
(551, 'Jessica', 'Johnson', 'lauramitchell@example.org', '(844)351-4584x5', '2022-12-31'),
(552, 'Timothy', 'Lawrence', 'alexander58@example.net', '(499)323-3702x2', '2024-01-16'),
(553, 'Richard', 'Roberts', 'jrobinson@example.com', '695.828.2064x32', '2023-01-06'),
(554, 'Amanda', 'Davis', 'radams@example.com', '+1-463-888-5189', '2024-01-10'),
(555, 'Michael', 'Randall', 'jaredsimmons@example.org', '(858)201-0926', '2023-03-05'),
(556, 'Kathryn', 'Hernandez', 'jefferywilson@example.net', '+1-234-869-9399', '2020-07-28'),
(557, 'Lauren', 'Robinson', 'stephaniebright@example.net', '001-739-389-365', '2023-12-14'),
(558, 'Matthew', 'Kirby', 'heather37@example.net', '275-477-5364x42', '2023-12-06'),
(559, 'Whitney', 'Miller', 'elizabeth81@example.com', '001-369-463-760', '2020-08-01'),
(560, 'William', 'Lee', 'robert51@example.net', '569-584-2646x25', '2023-05-08'),
(561, 'Matthew', 'Chang', 'sfisher@example.com', '(703)970-6759x7', '2024-06-19'),
(562, 'Kyle', 'Webster', 'jennifer46@example.org', '695-974-0539x85', '2020-05-29'),
(563, 'Emily', 'Anderson', 'gmoore@example.net', '359-478-7871x10', '2024-04-19'),
(564, 'Tyler', 'Williams', 'psanchez@example.net', '667-802-5669x22', '2021-06-03'),
(565, 'Kari', 'Roman', 'montgomerydaniel@example.net', '(282)726-6338', '2022-02-22'),
(566, 'Donald', 'Williams', 'ihunter@example.org', '370.909.7452x63', '2019-11-12'),
(567, 'Madison', 'Harris', 'aliciagibbs@example.net', '(731)593-3716', '2021-08-09'),
(568, 'Michelle', 'Maxwell', 'brownbrandon@example.com', '001-600-300-350', '2020-10-29'),
(569, 'Eric', 'Rowland', 'ryan77@example.net', '727-836-1642', '2022-11-16'),
(570, 'Teresa', 'Lucas', 'davidjacobs@example.net', '730-439-2702', '2022-02-06'),
(571, 'Adam', 'Kim', 'sherry45@example.org', '749.916.2805x95', '2022-11-07'),
(572, 'Larry', 'Torres', 'ihood@example.com', '699.341.3477', '2024-01-18'),
(573, 'Justin', 'George', 'mcortez@example.com', '001-974-515-968', '2022-07-01'),
(574, 'Raymond', 'Fletcher', 'steven88@example.net', '430.590.8372x00', '2022-02-11'),
(575, 'Devin', 'Smith', 'williamscatherine@example.net', '498-265-2862x91', '2022-11-09'),
(576, 'Linda', 'Russell', 'bryantshelley@example.org', '+1-698-992-5560', '2019-11-07'),
(577, 'Tina', 'Ramirez', 'robertadkins@example.net', '+1-297-482-7312', '2023-07-09'),
(578, 'Joy', 'Brady', 'patrickherrera@example.org', '366-504-9221x58', '2021-05-27'),
(579, 'Kurt', 'Johnson', 'fwilson@example.com', '001-877-504-616', '2023-05-16'),
(580, 'Alicia', 'Ramos', 'orivera@example.org', '234-897-6227', '2022-09-02'),
(581, 'Austin', 'Jensen', 'glenn42@example.org', '642-345-2332', '2019-10-31'),
(582, 'David', 'Campbell', 'lopezjoseph@example.org', '001-501-672-195', '2023-04-27'),
(583, 'Danielle', 'Williams', 'kevin13@example.org', '001-951-838-820', '2019-12-31'),
(584, 'Derrick', 'Garcia', 'ybradley@example.com', '+1-749-576-5848', '2021-01-21'),
(585, 'Kelly', 'Joyce', 'alejandro20@example.org', '+1-434-523-2593', '2023-01-08'),
(586, 'Patricia', 'Smith', 'terrilopez@example.org', '580-833-2895', '2021-08-02'),
(587, 'Thomas', 'Rose', 'estradasamantha@example.net', '001-709-356-741', '2020-10-05'),
(588, 'Crystal', 'Orozco', 'linda24@example.org', '214-381-0902', '2024-08-13'),
(589, 'Caitlin', 'Shaw', 'abbottdeanna@example.net', '522.403.3538x08', '2023-11-20'),
(590, 'Amy', 'Goodman', 'timothyschmidt@example.com', '001-500-700-834', '2020-01-15'),
(591, 'Valerie', 'Russell', 'tonya06@example.com', '6158051059', '2023-07-31'),
(592, 'Laura', 'Hodges', 'benjaminmaxwell@example.org', '866.394.9802', '2020-08-04'),
(593, 'Benjamin', 'Singh', 'charlesmark@example.com', '001-679-761-941', '2022-10-17'),
(594, 'Kimberly', 'Christensen', 'rickybryant@example.net', '924-935-3792x29', '2023-01-13'),
(595, 'Jesse', 'Freeman', 'hmiller@example.org', '552.892.9816x35', '2023-09-10'),
(596, 'David', 'Miller', 'haleydecker@example.org', '001-550-587-335', '2022-02-13'),
(597, 'Laura', 'Perez', 'michaelbeltran@example.org', '001-624-295-879', '2023-09-01'),
(598, 'Angela', 'Atkinson', 'steven96@example.net', '(683)869-3364', '2024-08-26'),
(599, 'Amy', 'Cordova', 'jhooper@example.com', '+1-777-487-1817', '2024-05-14'),
(600, 'Ashley', 'Haynes', 'mjordan@example.org', '344.403.9431', '2020-10-15'),
(601, 'Victoria', 'Stafford', 'shepardjennifer@example.org', '229-652-1314', '2024-10-20'),
(602, 'Sean', 'Obrien', 'nathanclements@example.org', '808.312.9797x66', '2021-07-20'),
(603, 'Angela', 'Garcia', 'micheal21@example.com', '(344)620-3425', '2021-07-11'),
(604, 'Tracy', 'Cooper', 'bmarshall@example.org', '001-331-406-915', '2021-09-07'),
(605, 'Jill', 'Hall', 'torresmitchell@example.com', '(943)748-3438x9', '2023-03-14'),
(606, 'Lisa', 'Stephens', 'shellyreynolds@example.com', '001-843-517-463', '2023-06-03'),
(607, 'Kathleen', 'Russell', 'wattstimothy@example.net', '(941)530-0179', '2020-06-16'),
(608, 'Ethan', 'Fisher', 'blackerin@example.org', '001-441-821-468', '2022-12-01'),
(609, 'Vincent', 'Ramos', 'prhodes@example.net', '264-200-5582x40', '2024-06-21'),
(610, 'Johnny', 'James', 'ehobbs@example.com', '433-379-0558x95', '2020-02-06'),
(611, 'Anna', 'Tran', 'james90@example.org', '376-482-4560x21', '2022-09-05'),
(612, 'Amy', 'Ross', 'dalton80@example.com', '001-946-898-435', '2021-10-27'),
(613, 'Jacob', 'Henry', 'martinezdebra@example.org', '8606895018', '2023-01-09'),
(614, 'Lisa', 'Hernandez', 'brianmyers@example.org', '+1-955-506-5897', '2021-08-12'),
(615, 'Jose', 'Cunningham', 'smithross@example.net', '5618273986', '2022-01-02'),
(616, 'Julie', 'Griffin', 'jeffreycarr@example.net', '(777)245-8199', '2020-08-29'),
(617, 'John', 'Kelly', 'arthuralvarez@example.org', '+1-374-981-4610', '2022-01-16'),
(618, 'Brenda', 'Shields', 'markcaldwell@example.com', '666.814.9801x82', '2022-05-05'),
(619, 'Jennifer', 'Summers', 'heather02@example.com', '889.323.9325', '2023-10-14'),
(620, 'Victoria', 'Maxwell', 'ijones@example.com', '669.760.5527x22', '2020-03-29'),
(621, 'Sarah', 'Irwin', 'howarddaniel@example.org', '001-228-925-010', '2023-09-24'),
(622, 'Jodi', 'Bradshaw', 'williamharper@example.net', '+1-749-411-1513', '2020-09-02'),
(623, 'Dana', 'Hill', 'barbaraward@example.net', '+1-261-294-6731', '2023-09-12'),
(624, 'Craig', 'Flowers', 'upalmer@example.org', '982.562.9242x39', '2021-08-20'),
(625, 'Jennifer', 'Williams', 'trodriguez@example.com', '407-611-4546', '2024-10-05'),
(626, 'Mark', 'Williams', 'bpowell@example.net', '(311)504-6736x7', '2023-06-16'),
(627, 'Joshua', 'Hill', 'travis69@example.org', '695-551-2560x35', '2022-11-22'),
(628, 'Megan', 'Reid', 'daydana@example.com', '001-849-561-937', '2022-01-19'),
(629, 'Brooke', 'Smith', 'ericarichmond@example.net', '405.489.8572x50', '2021-02-07'),
(630, 'Michelle', 'Williams', 'millsgeoffrey@example.net', '001-884-551-196', '2024-07-20'),
(631, 'Elizabeth', 'Stephenson', 'jessicawilliams@example.com', '791-924-9648x16', '2022-08-18'),
(632, 'Amy', 'Flores', 'selena31@example.net', '(656)315-9621x7', '2022-06-26'),
(633, 'Toni', 'Black', 'michelleolsen@example.net', '001-648-202-531', '2024-07-04'),
(634, 'Michael', 'Roach', 'matthewbell@example.com', '+1-290-429-8149', '2022-04-29'),
(635, 'Dawn', 'Campos', 'wsmith@example.net', '+1-330-559-8751', '2023-09-09'),
(636, 'Elizabeth', 'Greer', 'ncowan@example.org', '244.537.7166', '2023-10-18'),
(637, 'Jose', 'Bryant', 'shawveronica@example.com', '(425)445-0522', '2024-10-09'),
(638, 'Daisy', 'Dickson', 'barbarajones@example.net', '9585133629', '2024-06-05'),
(639, 'Shannon', 'Davis', 'bchapman@example.org', '+1-211-549-2585', '2021-07-19'),
(640, 'Kevin', 'Young', 'huertamatthew@example.org', '+1-980-201-5237', '2020-03-31'),
(641, 'David', 'Clay', 'tbarker@example.net', '966-297-2317', '2023-01-03'),
(642, 'Courtney', 'Graves', 'stacie43@example.net', '339-312-9736', '2024-08-18'),
(643, 'Joel', 'Mcguire', 'christopher16@example.org', '9372214754', '2020-08-04'),
(644, 'Justin', 'Lawrence', 'dcruz@example.com', '336.633.3059x53', '2021-12-14'),
(645, 'George', 'Thomas', 'gbaker@example.org', '001-650-857-710', '2023-10-05'),
(646, 'Lauren', 'Williams', 'jerome44@example.net', '242.493.3337x49', '2021-10-11'),
(647, 'Curtis', 'Thomas', 'jolsen@example.net', '001-733-341-378', '2022-09-13'),
(648, 'Darren', 'Mills', 'josephrichardson@example.org', '239.404.6272', '2021-12-14'),
(649, 'Gary', 'Wright', 'amanda56@example.org', '(900)354-2842x0', '2021-02-15'),
(650, 'Katherine', 'Cherry', 'amandalopez@example.net', '001-618-555-990', '2024-08-16'),
(651, 'Gregory', 'Harris', 'nancydudley@example.com', '(813)205-9146', '2020-03-28'),
(652, 'Bethany', 'Stewart', 'phillipsbeth@example.org', '001-599-855-962', '2024-02-21'),
(653, 'Ryan', 'Burns', 'lauraturner@example.org', '+1-990-354-4658', '2021-01-30'),
(654, 'Sandra', 'Estes', 'lmartin@example.com', '+1-777-876-5480', '2022-03-01'),
(655, 'Taylor', 'Dunlap', 'macksharon@example.net', '820-550-1430x39', '2024-04-13'),
(656, 'Kimberly', 'Davis', 'gloriaochoa@example.net', '647.262.3984', '2023-10-05'),
(657, 'Clifford', 'Taylor', 'matthew74@example.com', '210-311-7279x47', '2022-11-23'),
(658, 'Rachel', 'Wolfe', 'melissagarcia@example.com', '001-983-897-607', '2022-03-16'),
(659, 'Tina', 'Giles', 'dominguezjennifer@example.com', '337.301.9023', '2024-05-05'),
(660, 'Erik', 'Sims', 'ghester@example.net', '(673)515-0208', '2021-07-30'),
(661, 'Lisa', 'Bernard', 'joseph18@example.com', '707-966-6157x51', '2020-12-01'),
(662, 'Mary', 'Reynolds', 'marc79@example.org', '(937)817-0145x4', '2023-04-05'),
(663, 'Jason', 'Cox', 'christina79@example.net', '4807594556', '2021-09-22'),
(664, 'Lance', 'Stephenson', 'jessicaharrington@example.org', '999.981.0526', '2024-05-29'),
(665, 'Kelly', 'Becker', 'fobrien@example.net', '399.509.8320x02', '2019-12-19'),
(666, 'Loretta', 'Pena', 'lindsayknight@example.com', '(898)885-3539x7', '2023-04-21'),
(667, 'Joe', 'Wells', 'shawrebecca@example.com', '697.739.8770', '2022-06-12'),
(668, 'Samuel', 'Anderson', 'billydowns@example.net', '+1-634-260-8662', '2022-10-08'),
(669, 'Robert', 'Cook', 'ashleegarcia@example.org', '+1-484-558-5687', '2022-10-20'),
(670, 'Ashley', 'Duncan', 'carl38@example.com', '001-531-759-037', '2021-06-18'),
(671, 'Jason', 'Wilson', 'jasongreene@example.net', '391.857.0883x88', '2022-03-25'),
(672, 'Michelle', 'Simmons', 'kgarcia@example.com', '713.238.8523', '2020-04-25'),
(673, 'Theresa', 'Espinoza', 'qgregory@example.com', '322-672-9821', '2021-11-29'),
(674, 'Randy', 'Ross', 'nlee@example.org', '463.392.3983x79', '2024-09-22'),
(675, 'Cynthia', 'Pham', 'kellywaller@example.net', '521.865.6049x03', '2023-09-14'),
(676, 'Philip', 'Phelps', 'tsmith@example.com', '416-726-1765', '2022-02-10'),
(677, 'Austin', 'Owens', 'justinblair@example.org', '001-247-828-382', '2022-05-21'),
(678, 'Cindy', 'Singleton', 'cwatkins@example.net', '744.821.2915x56', '2024-01-29'),
(679, 'Jonathan', 'Torres', 'zperry@example.com', '(242)622-2042x4', '2023-05-15'),
(680, 'Rebecca', 'Wells', 'wandastanley@example.org', '5714639174', '2024-06-25'),
(681, 'Cheryl', 'Brown', 'wrighttimothy@example.org', '6459663722', '2020-10-12'),
(682, 'Emily', 'Joyce', 'ymills@example.org', '+1-623-948-1277', '2023-01-15'),
(683, 'Michael', 'Rogers', 'udeleon@example.net', '8733183002', '2020-05-18'),
(684, 'Daniel', 'Morris', 'michael39@example.org', '(563)334-0170', '2021-08-12'),
(685, 'Billy', 'Phillips', 'lance45@example.org', '+1-452-636-3070', '2023-10-09'),
(686, 'Cindy', 'Guerrero', 'larry11@example.org', '(955)415-0973x3', '2024-10-13'),
(687, 'Erika', 'Mora', 'amber55@example.net', '601-681-4246x28', '2022-07-07'),
(688, 'Taylor', 'Black', 'zacharymcintyre@example.org', '5098232257', '2021-09-12'),
(689, 'Ronald', 'Lopez', 'christopherrichmond@example.com', '001-837-222-313', '2021-05-29'),
(690, 'Donna', 'Nichols', 'patriciaprice@example.net', '+1-745-383-3628', '2021-01-23'),
(691, 'April', 'Brown', 'kendra15@example.com', '(706)627-0582', '2024-08-29'),
(692, 'Lindsey', 'Rasmussen', 'cheyenne32@example.org', '5635105058', '2022-11-15'),
(693, 'Nicholas', 'Griffin', 'kariblack@example.org', '(605)879-3336x6', '2022-04-21'),
(694, 'Crystal', 'Ellison', 'nicholas95@example.com', '+1-259-668-7427', '2023-04-02'),
(695, 'Donna', 'Newman', 'ukennedy@example.com', '(349)623-3130x4', '2020-07-22'),
(696, 'Jennifer', 'Sanders', 'kimberlyromero@example.org', '001-264-873-410', '2021-06-09'),
(697, 'Cory', 'Turner', 'jonesjulie@example.com', '001-746-685-619', '2022-08-26'),
(698, 'Jody', 'Williams', 'michael58@example.com', '568-992-2302', '2022-12-30'),
(699, 'Benjamin', 'Stone', 'uherrera@example.net', '+1-382-629-0416', '2023-05-16'),
(700, 'Sandra', 'Rodriguez', 'huangmadeline@example.org', '001-956-792-075', '2020-09-17'),
(701, 'Kevin', 'Villanueva', 'jonescindy@example.com', '820.496.7645x18', '2022-05-08'),
(702, 'Erica', 'Gallegos', 'bryan91@example.org', '(317)344-3539', '2020-12-20'),
(703, 'Richard', 'Sanchez', 'alexisclay@example.net', '+1-964-678-2984', '2020-09-27'),
(704, 'Shannon', 'Willis', 'tammysandoval@example.org', '(548)224-2394x2', '2021-08-27'),
(705, 'Alexandra', 'Cervantes', 'nlove@example.com', '452.603.5667', '2024-04-29'),
(706, 'Natalie', 'Mcdonald', 'elizabeth14@example.com', '618-618-2774x57', '2023-11-20'),
(707, 'Nicholas', 'Jones', 'rebecca56@example.net', '304.817.7577', '2022-01-17'),
(708, 'Michael', 'Hill', 'carrolljasmine@example.com', '6689984581', '2024-04-23'),
(709, 'George', 'Porter', 'fbauer@example.net', '843.613.8928', '2023-03-31'),
(710, 'Carol', 'Johnson', 'cassandra71@example.org', '882-693-6153', '2022-06-04'),
(711, 'Kimberly', 'Werner', 'vmiller@example.net', '552-825-3915x94', '2023-04-08'),
(712, 'Nancy', 'Lucas', 'denise79@example.com', '001-872-803-281', '2019-11-24'),
(713, 'Jack', 'Nunez', 'johnsonwilliam@example.org', '2433395812', '2020-06-23'),
(714, 'Alison', 'Barr', 'imontgomery@example.com', '(345)547-3719x2', '2021-04-26'),
(715, 'Cassandra', 'Rodriguez', 'osmith@example.net', '2642514538', '2024-09-24'),
(716, 'Julia', 'Rogers', 'millermonique@example.org', '959-486-0052x28', '2024-03-14'),
(717, 'Alexandra', 'Guerrero', 'jaredharris@example.org', '650-923-9417', '2022-07-29'),
(718, 'Matthew', 'Campbell', 'santanamary@example.com', '859-856-2396x16', '2024-10-22'),
(719, 'Linda', 'Foster', 'kevinkim@example.com', '(641)683-9469x7', '2023-06-14'),
(720, 'Joseph', 'Graham', 'ajackson@example.org', '+1-794-849-8929', '2023-12-01'),
(721, 'Suzanne', 'Fletcher', 'paulhughes@example.org', '7267828323', '2021-12-22'),
(722, 'Shannon', 'Williams', 'richard09@example.org', '778.455.5556', '2024-07-25'),
(723, 'John', 'Hall', 'kinglaura@example.org', '841.449.6294x42', '2020-01-28'),
(724, 'Thomas', 'Garcia', 'william57@example.org', '(386)733-7961x2', '2022-01-27'),
(725, 'Chad', 'Harris', 'tylerjohnny@example.com', '9875816713', '2020-10-28'),
(726, 'Bradley', 'Castro', 'hallkrista@example.org', '2598122291', '2023-01-14'),
(727, 'Lisa', 'Davila', 'deborah98@example.org', '(387)603-4787x3', '2024-06-14'),
(728, 'Sandra', 'Green', 'brian15@example.org', '+1-346-470-5101', '2024-01-16'),
(729, 'James', 'Williams', 'vparker@example.org', '(353)266-6147x1', '2022-07-05'),
(730, 'Meghan', 'Stevens', 'williemendoza@example.net', '2383703238', '2024-07-25'),
(731, 'Lawrence', 'Howard', 'charles73@example.com', '431.852.0693x98', '2022-01-14'),
(732, 'Michael', 'Chapman', 'farrellchristopher@example.com', '001-415-463-021', '2021-01-24'),
(733, 'Robert', 'Gonzalez', 'brandon20@example.org', '599-875-5918', '2024-03-11'),
(734, 'Brianna', 'Macdonald', 'kthompson@example.com', '001-506-318-392', '2023-12-20'),
(735, 'Katherine', 'Costa', 'michaelroth@example.com', '386.542.8791', '2020-06-15'),
(736, 'Gary', 'Martinez', 'carlos78@example.net', '001-748-956-364', '2024-10-23'),
(737, 'Kenneth', 'Blankenship', 'tylerkayla@example.com', '+1-870-738-1668', '2021-02-14'),
(738, 'Audrey', 'Livingston', 'stanleykramer@example.org', '(551)314-6751', '2020-04-21'),
(739, 'Amber', 'Wade', 'chavezjulie@example.com', '764.656.5160x16', '2023-08-26'),
(740, 'Erin', 'Trujillo', 'thomas36@example.org', '(368)586-8462x9', '2023-11-22'),
(741, 'Rachel', 'Salazar', 'nicholaspoole@example.net', '001-541-861-425', '2022-06-10'),
(742, 'Erin', 'Garcia', 'kathleen45@example.net', '5839382027', '2020-04-10'),
(743, 'Julia', 'Oneal', 'reynoldscynthia@example.net', '001-846-960-626', '2020-05-13'),
(744, 'Lindsay', 'Taylor', 'michael85@example.net', '264.652.4311x09', '2020-11-17'),
(745, 'Wendy', 'Watson', 'bsnyder@example.com', '3277102888', '2023-07-30'),
(746, 'Kimberly', 'Burns', 'morenojeremy@example.org', '794-878-2368', '2021-12-09'),
(747, 'Trevor', 'Conner', 'dixonstephen@example.com', '641-262-3168', '2022-11-22'),
(748, 'Paul', 'Jackson', 'nicholas47@example.net', '+1-951-912-1140', '2023-01-23'),
(749, 'Anthony', 'Tucker', 'perezeric@example.org', '665.498.7617', '2023-08-09'),
(750, 'William', 'York', 'shannon25@example.net', '847-567-0665', '2022-09-15'),
(751, 'Anthony', 'Velez', 'wgreer@example.org', '689.896.2725', '2019-10-28'),
(752, 'Melissa', 'Sweeney', 'cvalenzuela@example.com', '756-973-6506', '2021-08-16'),
(753, 'Debra', 'Alvarez', 'prush@example.com', '+1-314-622-9169', '2021-06-10'),
(754, 'Natalie', 'Rose', 'xnelson@example.com', '+1-741-566-1611', '2022-10-18'),
(755, 'Michael', 'Wright', 'fordjasmine@example.com', '212.245.5112', '2022-10-27'),
(756, 'Gregory', 'Flores', 'padillapatrick@example.net', '9315278802', '2021-09-29'),
(757, 'Rebecca', 'Patel', 'amy30@example.net', '(244)569-9421x0', '2022-12-29'),
(758, 'Elizabeth', 'Brown', 'wsimmons@example.net', '(971)936-5919', '2024-03-01'),
(759, 'Jamie', 'Murray', 'nkelly@example.net', '972.201.6678x56', '2024-05-03'),
(760, 'Crystal', 'Roberts', 'theresa60@example.com', '001-234-868-176', '2023-12-29'),
(761, 'Christopher', 'Thompson', 'tyoung@example.net', '+1-855-347-3077', '2024-09-06'),
(762, 'Angel', 'Alvarez', 'kathrynturner@example.org', '793-954-0768x88', '2020-07-20'),
(763, 'Debra', 'Hamilton', 'hhoffman@example.org', '(667)459-5249x6', '2023-01-24'),
(764, 'Jonathan', 'Smith', 'caitlin22@example.com', '(697)634-6348x4', '2022-04-27'),
(765, 'Nicholas', 'Christensen', 'jason29@example.com', '3755618574', '2023-08-06'),
(766, 'Andrew', 'Nelson', 'ashleybuckley@example.org', '797.424.0001x85', '2022-07-31'),
(767, 'Paul', 'Walters', 'millernathan@example.net', '796-516-3383x97', '2021-08-07'),
(768, 'Veronica', 'Avery', 'wthomas@example.com', '+1-509-619-6276', '2020-06-17'),
(769, 'Betty', 'Esparza', 'xhunt@example.com', '842-805-0054x91', '2021-07-16'),
(770, 'Carrie', 'Estes', 'timothygonzalez@example.com', '+1-613-214-6422', '2024-05-26'),
(771, 'Joshua', 'Woodward', 'lynn73@example.net', '001-475-374-677', '2022-01-19'),
(772, 'Dylan', 'Thompson', 'xreese@example.org', '001-866-754-276', '2021-06-21'),
(773, 'Michael', 'Newton', 'brandy09@example.net', '685-419-2125', '2020-05-17'),
(774, 'Robert', 'Mcdaniel', 'oruiz@example.com', '001-749-333-690', '2022-04-19'),
(775, 'Adam', 'Evans', 'chelseablankenship@example.org', '001-572-255-593', '2023-08-08'),
(776, 'Kaitlyn', 'Ortiz', 'umoreno@example.com', '(593)618-8875x3', '2020-12-15'),
(777, 'Matthew', 'Woodward', 'margaret70@example.org', '(693)659-3046x3', '2021-10-28'),
(778, 'Jessica', 'Bennett', 'hreynolds@example.org', '599-493-7622x57', '2022-09-21'),
(779, 'Margaret', 'Williams', 'charris@example.org', '+1-503-445-8666', '2024-09-07'),
(780, 'Kevin', 'Reese', 'mcarter@example.net', '+1-545-610-5702', '2023-02-13'),
(781, 'Nicole', 'Gibbs', 'danajacobson@example.net', '001-563-908-215', '2020-03-13'),
(782, 'Justin', 'Lucas', 'jerry65@example.net', '+1-204-214-2924', '2024-04-09'),
(783, 'Jennifer', 'Ray', 'michael49@example.com', '680-947-9044', '2023-03-24'),
(784, 'Jimmy', 'Smith', 'romerotiffany@example.org', '918.202.5813x84', '2020-11-17'),
(785, 'Maurice', 'Baldwin', 'craigvirginia@example.net', '240.782.7960x10', '2022-05-18'),
(786, 'Rachael', 'Rojas', 'brandon55@example.com', '949.535.7068x74', '2023-06-10'),
(787, 'Derek', 'Robinson', 'jameschandler@example.org', '+1-926-709-5974', '2022-04-28'),
(788, 'Ashley', 'Cannon', 'haroldmatthews@example.com', '480-440-3445x54', '2022-06-15'),
(789, 'Megan', 'Castro', 'hbentley@example.com', '+1-875-282-3881', '2021-05-22'),
(790, 'Nicholas', 'Hobbs', 'hernandezrebecca@example.net', '577.749.4035x65', '2020-07-01'),
(791, 'Samantha', 'Alexander', 'susanbranch@example.org', '+1-431-229-4782', '2021-12-24'),
(792, 'Richard', 'Olson', 'coxchristina@example.org', '6873495567', '2024-04-24'),
(793, 'Chelsea', 'Barron', 'holmesthomas@example.net', '001-664-487-324', '2024-06-02'),
(794, 'Jennifer', 'Hunt', 'christopherwatson@example.org', '7304811695', '2022-01-22'),
(795, 'Jason', 'Wright', 'tmiller@example.net', '001-327-697-549', '2021-06-28'),
(796, 'Edwin', 'Rose', 'pearsonteresa@example.org', '+1-929-710-1161', '2020-07-28'),
(797, 'Stephanie', 'Gray', 'barbara75@example.net', '653.455.3005x58', '2024-08-21'),
(798, 'Sarah', 'Kim', 'laurenaustin@example.org', '001-451-933-535', '2021-01-17'),
(799, 'Margaret', 'Rowland', 'andrew75@example.com', '588.737.8543x03', '2021-04-24'),
(800, 'Ashley', 'Martinez', 'hubbardbrandy@example.com', '752.676.5251', '2024-06-02'),
(801, 'Kyle', 'Lawson', 'stewartcarolyn@example.org', '(904)314-9664', '2021-05-11'),
(802, 'Jeffrey', 'Briggs', 'andrewlang@example.net', '(410)594-3228x4', '2020-12-08'),
(803, 'Crystal', 'Peters', 'patriciadavis@example.org', '(942)434-1316x7', '2024-03-09'),
(804, 'Katherine', 'Cole', 'rodriguezsandra@example.org', '+1-275-324-0401', '2024-06-16'),
(805, 'William', 'Gordon', 'paulwang@example.org', '(732)959-7029', '2023-09-11'),
(806, 'Paul', 'Koch', 'rebecca38@example.com', '(631)794-8765x1', '2022-11-01'),
(807, 'Luis', 'Stevens', 'williamschristopher@example.com', '(419)610-0685x3', '2022-03-19'),
(808, 'Evan', 'Freeman', 'torreslisa@example.net', '(975)633-1840x3', '2021-03-16'),
(809, 'Mark', 'Aguilar', 'joshuaburns@example.org', '554.997.2370', '2021-11-23'),
(810, 'Faith', 'Oneal', 'ann56@example.org', '784-254-9104x69', '2022-03-17'),
(811, 'Randy', 'Campbell', 'kmata@example.com', '305-852-0584x19', '2023-03-14'),
(812, 'Nathan', 'Jones', 'fieldsjohn@example.net', '335.874.2296', '2022-02-08'),
(813, 'Alan', 'Humphrey', 'amanda60@example.com', '499-260-1987x01', '2023-12-12'),
(814, 'Joel', 'Wilson', 'calebanderson@example.com', '(869)427-7305x0', '2023-02-17'),
(815, 'Joshua', 'Lawson', 'carterbriana@example.org', '(842)259-0908', '2022-07-19'),
(816, 'Molly', 'Smith', 'katie06@example.net', '+1-896-683-3165', '2023-05-20'),
(817, 'Jon', 'Bailey', 'harrellmichael@example.net', '8594633075', '2024-07-12'),
(818, 'Felicia', 'Johnson', 'wrodriguez@example.org', '879.420.1354x46', '2019-10-30'),
(819, 'Ronald', 'Scott', 'snowjames@example.net', '001-324-674-927', '2024-09-07'),
(820, 'John', 'Harris', 'hroberts@example.net', '206.580.3915x07', '2022-12-20'),
(821, 'Shari', 'Benton', 'matthew15@example.org', '2556770857', '2023-11-29'),
(822, 'Emily', 'Welch', 'tiffanybeard@example.org', '603.528.2348', '2024-05-09'),
(823, 'Lisa', 'Cole', 'gutierrezaustin@example.net', '(791)836-8008x1', '2024-01-11'),
(824, 'Patrick', 'Hart', 'christianreed@example.org', '001-244-249-260', '2023-01-31'),
(825, 'Charlene', 'Clark', 'elizabeth58@example.net', '243.788.8566x63', '2019-11-28'),
(826, 'Nicole', 'Hood', 'zthomas@example.com', '366.319.4443x08', '2021-12-15'),
(827, 'Amy', 'Tanner', 'lewischeryl@example.com', '001-436-815-149', '2024-07-07'),
(828, 'Erik', 'Sanchez', 'marksimpson@example.org', '+1-750-312-2057', '2021-10-14'),
(829, 'Michael', 'Bray', 'jill41@example.com', '+1-895-618-2758', '2020-11-01'),
(830, 'Donna', 'Munoz', 'justin14@example.com', '711.600.7303x09', '2022-02-06'),
(831, 'Ronald', 'Cowan', 'nicole91@example.net', '+1-343-457-8582', '2019-12-13'),
(832, 'Jennifer', 'Case', 'valdezjames@example.org', '(473)767-2876', '2023-01-23'),
(833, 'Matthew', 'Mcintosh', 'danielwilliams@example.org', '686.899.6884x26', '2021-10-27'),
(834, 'John', 'Pacheco', 'gonzalezbrian@example.org', '673-609-7530x64', '2022-01-02'),
(835, 'Gregory', 'Melton', 'gsmith@example.net', '231-262-0502', '2023-08-08'),
(836, 'Heather', 'Diaz', 'georgewilliams@example.net', '(597)490-6190', '2024-04-11'),
(837, 'Rebecca', 'Shah', 'debrafletcher@example.org', '(275)572-1348x2', '2021-11-29'),
(838, 'Larry', 'Townsend', 'asingleton@example.org', '001-726-871-655', '2024-05-30'),
(839, 'Darrell', 'Payne', 'welchgeorge@example.org', '001-715-638-001', '2024-10-01'),
(840, 'Ashley', 'Dyer', 'willisrichard@example.org', '001-587-343-956', '2020-02-10'),
(841, 'Chad', 'Griffin', 'edwardsallen@example.org', '226-868-7423x48', '2024-05-02'),
(842, 'Jennifer', 'Clark', 'thomasjonathan@example.org', '331.394.8630x14', '2024-05-26'),
(843, 'Paul', 'Smith', 'xlopez@example.com', '688.550.4052x95', '2021-01-30'),
(844, 'Norma', 'Martinez', 'fnash@example.org', '+1-687-333-4322', '2020-11-28'),
(845, 'Heather', 'Burton', 'darrylmendoza@example.com', '001-213-475-570', '2020-05-21'),
(846, 'Christian', 'Burton', 'carrie78@example.org', '(510)778-3957', '2023-01-16'),
(847, 'William', 'Vazquez', 'donovanjaime@example.com', '+1-690-401-4466', '2022-09-01'),
(848, 'David', 'Lopez', 'lisacaldwell@example.com', '(385)651-7128x3', '2024-09-13'),
(849, 'Robert', 'Woods', 'danieldominguez@example.org', '(844)948-4656', '2022-09-08'),
(850, 'Ariana', 'Bender', 'perezshannon@example.com', '3795235654', '2020-12-12'),
(851, 'Bianca', 'Williams', 'jennifer50@example.net', '684.701.3493', '2020-01-16'),
(852, 'Marcus', 'Orozco', 'adriana05@example.org', '001-605-523-632', '2022-07-14'),
(853, 'Heather', 'Mack', 'ijensen@example.net', '(261)573-7157x5', '2020-09-30'),
(854, 'Jessica', 'Barnett', 'richgabrielle@example.net', '001-934-845-377', '2023-04-25'),
(855, 'Kylie', 'Lewis', 'amandacunningham@example.net', '001-959-622-765', '2022-07-14'),
(856, 'Shawn', 'Pierce', 'danielwood@example.com', '(864)747-0056x1', '2021-08-01'),
(857, 'Heather', 'Solis', 'melissaroberts@example.org', '5586282753', '2023-07-27'),
(858, 'Justin', 'Thomas', 'rebeccastephens@example.net', '3425192038', '2024-03-12'),
(859, 'Heather', 'Velez', 'nicolevalentine@example.com', '(404)318-4022x0', '2023-02-19'),
(860, 'Tiffany', 'Gill', 'lauren32@example.net', '001-213-466-616', '2020-02-20'),
(861, 'Amy', 'Jackson', 'xortiz@example.org', '(254)593-8586', '2023-03-19'),
(862, 'Corey', 'Dalton', 'sandraherrera@example.com', '744-729-0456', '2023-02-08'),
(863, 'David', 'Riggs', 'curtisrobert@example.com', '980.982.3890', '2021-01-15'),
(864, 'Annette', 'Patel', 'carneynicole@example.com', '(996)538-1460x8', '2021-05-06'),
(865, 'William', 'Stewart', 'adavis@example.net', '(940)935-5649', '2023-11-23'),
(866, 'Andrew', 'Freeman', 'delgadomary@example.org', '+1-813-570-6005', '2024-03-15'),
(867, 'Kristen', 'Harper', 'april04@example.net', '(417)616-9324', '2020-10-19'),
(868, 'Martin', 'Cruz', 'sara59@example.net', '931-722-2056x14', '2022-08-11'),
(869, 'Christina', 'Olson', 'xvillarreal@example.net', '317.435.1748x02', '2024-10-17'),
(870, 'Suzanne', 'Kelly', 'tbrown@example.net', '+1-895-471-6258', '2021-06-16'),
(871, 'Barry', 'Gonzales', 'cynthia91@example.com', '222-708-3177x62', '2020-01-05'),
(872, 'Diane', 'Waller', 'ahammond@example.net', '7256791702', '2020-08-27'),
(873, 'Tanya', 'Fox', 'oparker@example.net', '3703364236', '2021-02-13'),
(874, 'Ryan', 'Edwards', 'michael19@example.org', '728.380.6643x31', '2024-08-17'),
(875, 'Brandon', 'Turner', 'jeffrey84@example.net', '(287)994-0415x9', '2022-12-06'),
(876, 'Jessica', 'Brown', 'nunezjames@example.com', '644.725.4148', '2021-08-13'),
(877, 'Kathy', 'Anderson', 'ryanharvey@example.com', '655.398.3582x08', '2023-02-03'),
(878, 'Ryan', 'Perez', 'howecatherine@example.net', '001-483-997-709', '2022-08-30'),
(879, 'Anthony', 'Fernandez', 'probinson@example.com', '291-867-8627x35', '2022-07-31'),
(880, 'Charles', 'Glenn', 'taylorphilip@example.net', '5774600654', '2019-11-22'),
(881, 'Dustin', 'Briggs', 'audrey84@example.org', '(765)698-1889', '2022-05-03'),
(882, 'Hailey', 'Zimmerman', 'carolrocha@example.net', '(204)236-5402', '2021-05-05'),
(883, 'Jesse', 'Schultz', 'melissadaniels@example.org', '(938)783-1388x6', '2022-02-13'),
(884, 'Bryan', 'Taylor', 'eburns@example.net', '(522)794-5417', '2020-09-20'),
(885, 'Summer', 'Carter', 'eday@example.net', '8234435931', '2021-05-18'),
(886, 'Shannon', 'Goodwin', 'mbates@example.net', '001-224-799-257', '2022-04-06'),
(887, 'Caleb', 'Long', 'bensonjames@example.org', '907.806.7585', '2020-03-18'),
(888, 'Michael', 'Buchanan', 'rperry@example.com', '983.604.6844x40', '2020-05-14'),
(889, 'Jeffrey', 'Aguirre', 'james56@example.com', '300-654-0860x20', '2021-02-11'),
(890, 'Adam', 'Yang', 'mary20@example.com', '(554)701-4662x1', '2021-11-06'),
(891, 'Mark', 'Gonzalez', 'obryant@example.net', '724.827.3845', '2022-09-29'),
(892, 'Cynthia', 'Cannon', 'ruthwood@example.com', '(724)797-7527', '2020-02-18'),
(893, 'James', 'Jennings', 'shermanvanessa@example.org', '8485258443', '2021-07-26'),
(894, 'Dawn', 'Burton', 'jennifer60@example.com', '685-452-4213x46', '2023-07-31'),
(895, 'Derek', 'Stevenson', 'dbell@example.net', '(761)529-1562', '2021-04-10'),
(896, 'Lucas', 'Long', 'jacqueline97@example.com', '8618512738', '2021-08-21'),
(897, 'James', 'Lopez', 'tanya29@example.org', '+1-432-223-9371', '2021-08-06'),
(898, 'Ronald', 'Roberts', 'thompsonadam@example.org', '+1-519-564-3120', '2023-11-12'),
(899, 'Adam', 'Anderson', 'joseph34@example.org', '001-918-289-192', '2020-05-23'),
(900, 'Sarah', 'Browning', 'judith61@example.net', '5383882008', '2020-01-19'),
(901, 'Mario', 'Stokes', 'emilymccarthy@example.org', '635.476.9137x26', '2020-08-22'),
(902, 'Mia', 'Ramirez', 'matthewroberts@example.org', '769-926-6750', '2021-04-18'),
(903, 'Christopher', 'Johnson', 'thomas35@example.com', '2667200945', '2022-03-16'),
(904, 'Jill', 'Ward', 'adamsdenise@example.net', '484-864-0581x46', '2021-07-18'),
(905, 'Michael', 'Preston', 'emilyrivera@example.net', '+1-525-626-2090', '2022-12-17'),
(906, 'Benjamin', 'Edwards', 'michael90@example.org', '200.653.8724x01', '2021-01-03'),
(907, 'Emily', 'Cobb', 'shepherdamanda@example.org', '7094174281', '2022-07-04'),
(908, 'Charles', 'Hill', 'katie96@example.net', '+1-264-885-0666', '2021-08-10'),
(909, 'James', 'Savage', 'jasonsanders@example.com', '001-603-827-437', '2023-06-21'),
(910, 'Michael', 'Lewis', 'archersuzanne@example.org', '+1-414-832-7833', '2022-07-17'),
(911, 'Jeffrey', 'Silva', 'michelehall@example.net', '875.696.7367x32', '2023-04-02'),
(912, 'Dustin', 'Roy', 'brooksrobert@example.org', '(998)641-2977x4', '2023-11-25'),
(913, 'Amanda', 'Bean', 'daniel51@example.net', '322-996-0490x15', '2023-11-26'),
(914, 'Philip', 'Hill', 'johnsontravis@example.net', '410-621-3418x29', '2023-02-09'),
(915, 'Joshua', 'Johnson', 'ipierce@example.com', '938-358-2177x21', '2020-05-20'),
(916, 'Jacob', 'Stafford', 'wilsonjennifer@example.org', '5253788887', '2022-02-03'),
(917, 'Amber', 'Robinson', 'jessica95@example.org', '879-269-2691x56', '2021-11-22'),
(918, 'James', 'Barker', 'rickflowers@example.com', '001-373-274-879', '2024-07-05'),
(919, 'Lisa', 'Barnett', 'hevans@example.net', '001-515-361-555', '2020-02-19'),
(920, 'Darrell', 'Brown', 'npatel@example.com', '446-362-9744x85', '2023-12-04'),
(921, 'Antonio', 'Carter', 'timothymiller@example.net', '+1-791-299-1118', '2020-01-17'),
(922, 'Aaron', 'Morris', 'whitneyhenry@example.com', '(795)339-2570x7', '2024-09-26'),
(923, 'Meagan', 'Aguilar', 'dixonelizabeth@example.net', '705-891-8996', '2023-02-01'),
(924, 'Shannon', 'Kemp', 'alexandrastein@example.net', '657.310.0400x68', '2023-11-07'),
(925, 'Marcus', 'Reed', 'richard64@example.com', '001-560-256-905', '2024-09-02'),
(926, 'Barbara', 'Anderson', 'katherine05@example.org', '9037094902', '2021-10-19'),
(927, 'Gavin', 'Rosario', 'dmarsh@example.net', '+1-316-284-1561', '2021-06-27'),
(928, 'Wendy', 'Gonzalez', 'leonard28@example.com', '7589425483', '2024-02-26'),
(929, 'James', 'Soto', 'taylor67@example.org', '991.496.8936x69', '2021-05-08'),
(930, 'Edward', 'Walls', 'kellymorales@example.net', '402-525-4514x47', '2023-07-03'),
(931, 'Kyle', 'Nelson', 'latoyanunez@example.net', '001-984-811-120', '2022-03-28'),
(932, 'Jennifer', 'Bautista', 'emoody@example.net', '637-246-1961', '2022-03-15'),
(933, 'David', 'Keller', 'hgibson@example.net', '(404)315-9411', '2021-07-07'),
(934, 'Henry', 'Garcia', 'rodriguezdaniel@example.com', '878-999-8708x84', '2024-05-10'),
(935, 'Alexis', 'Manning', 'jonathanmendoza@example.org', '361-546-3141x48', '2020-06-10'),
(936, 'Alicia', 'Barnes', 'stephaniecunningham@example.com', '(825)992-5634', '2021-05-31'),
(937, 'James', 'Bullock', 'rodgerskathleen@example.org', '371-602-3678', '2020-01-15'),
(938, 'John', 'Mckinney', 'amandaharris@example.net', '(332)793-3307x5', '2022-04-14'),
(939, 'Jeffrey', 'Turner', 'joe05@example.com', '981-645-7203x17', '2021-05-01'),
(940, 'Michael', 'Fitzgerald', 'dawnjohnson@example.net', '(870)208-4503x3', '2023-06-16'),
(941, 'Randy', 'Brown', 'leoncarter@example.org', '001-285-716-235', '2024-03-22'),
(942, 'Brandon', 'Jenkins', 'shannon27@example.org', '+1-816-341-5480', '2020-12-13'),
(943, 'Jose', 'Martinez', 'melissa91@example.net', '+1-736-265-9187', '2021-07-28'),
(944, 'Thomas', 'Harmon', 'stonetina@example.com', '7472740889', '2022-08-05'),
(945, 'James', 'Wright', 'juliedeleon@example.net', '001-527-890-197', '2022-02-24'),
(946, 'Daniel', 'Jacobson', 'bbrown@example.net', '919-527-3579x27', '2020-03-08'),
(947, 'James', 'Nicholson', 'mgraham@example.net', '244.709.5055x05', '2023-12-23'),
(948, 'Melissa', 'White', 'michaeljones@example.net', '597.556.9956x72', '2020-12-04'),
(949, 'Victoria', 'Morgan', 'stephanie78@example.org', '+1-843-792-6432', '2020-12-27'),
(950, 'Tiffany', 'Sheppard', 'sherryhowell@example.com', '+1-221-623-1598', '2020-12-28'),
(951, 'Frank', 'Morse', 'gregorykline@example.com', '+1-385-286-1633', '2022-07-26'),
(952, 'Cindy', 'Lopez', 'kennedygregory@example.net', '+1-759-943-3190', '2020-07-29'),
(953, 'Kristina', 'Lopez', 'aarongreene@example.org', '324.799.7502', '2022-09-11'),
(954, 'Michelle', 'Wright', 'johnabbott@example.org', '(517)342-2112', '2021-11-13'),
(955, 'Kathryn', 'Williams', 'melaniemontgomery@example.net', '839.917.6145', '2020-11-24'),
(956, 'Roberto', 'Steele', 'robertstewart@example.org', '(623)679-2115x4', '2023-06-09'),
(957, 'Theresa', 'Allen', 'vbright@example.net', '619.785.2128', '2021-06-05'),
(958, 'Daniel', 'Singh', 'eharris@example.org', '522-784-2727', '2024-08-19'),
(959, 'Mary', 'Hill', 'nmorgan@example.net', '251-398-8593x11', '2020-05-05'),
(960, 'Shawna', 'Fowler', 'evancoleman@example.com', '9465583285', '2022-11-19'),
(961, 'Jennifer', 'Morales', 'christopheroconnell@example.net', '+1-727-849-9727', '2023-03-25'),
(962, 'Christina', 'Wagner', 'mendozalucas@example.com', '801.590.2147x65', '2021-11-19'),
(963, 'Robert', 'Kelley', 'iespinoza@example.org', '001-506-234-241', '2024-10-22'),
(964, 'Brooke', 'Cruz', 'sharpmary@example.org', '227-857-2673x83', '2023-03-02'),
(965, 'Anthony', 'Edwards', 'tylertran@example.org', '001-511-643-222', '2020-11-14'),
(966, 'Roger', 'Hernandez', 'miguel04@example.org', '001-652-230-867', '2023-09-01'),
(967, 'Jean', 'Cherry', 'sara06@example.org', '4419681856', '2021-12-28'),
(968, 'Michael', 'Macias', 'charleneestrada@example.org', '(654)952-3695x5', '2023-09-19'),
(969, 'Annette', 'Dillon', 'clarklisa@example.org', '+1-640-944-7366', '2024-07-22'),
(970, 'Julia', 'Banks', 'hartmanchristopher@example.net', '(340)450-4850x7', '2021-10-12'),
(971, 'Jason', 'Mitchell', 'cwilliams@example.org', '001-537-706-389', '2022-08-25'),
(972, 'Anthony', 'Washington', 'sanchezguy@example.com', '677.965.4938x55', '2022-01-25'),
(973, 'Pamela', 'Dunn', 'dorothyporter@example.com', '713.852.9194x01', '2024-03-29'),
(974, 'Angela', 'Russell', 'mclaughlinjonathan@example.net', '001-962-424-918', '2023-03-01'),
(975, 'Colleen', 'Anderson', 'frostjose@example.com', '774-242-1858', '2024-07-03'),
(976, 'Troy', 'Wright', 'kimberlyoneill@example.org', '607.786.3738', '2021-01-18'),
(977, 'Robert', 'Jones', 'duranaaron@example.com', '756-991-6552x42', '2022-08-13'),
(978, 'Michael', 'Patel', 'cynthia73@example.com', '237.522.6385x21', '2024-03-26'),
(979, 'Robert', 'Ramirez', 'jacobbaird@example.org', '(429)565-6689', '2024-03-12'),
(980, 'Jamie', 'Cole', 'catherinemorales@example.net', '369-862-2298', '2020-05-12'),
(981, 'Nathan', 'Hernandez', 'christinaharvey@example.com', '+1-769-826-6950', '2023-04-26'),
(982, 'Christopher', 'Lewis', 'masseycharles@example.com', '4835559875', '2021-02-23'),
(983, 'Nicholas', 'Bird', 'rachel87@example.com', '7655101315', '2021-07-06'),
(984, 'Ronald', 'Pugh', 'lorettawelch@example.net', '753.285.7918x26', '2022-04-08'),
(985, 'Andre', 'Phelps', 'laura12@example.net', '4439352450', '2024-07-26'),
(986, 'Ruth', 'Cervantes', 'udelgado@example.org', '777-499-1990', '2021-05-18'),
(987, 'Andrea', 'Davis', 'taylor58@example.com', '(532)599-7411', '2024-08-21'),
(988, 'Kevin', 'Hernandez', 'zallen@example.com', '426.398.9290x80', '2020-09-27'),
(989, 'Matthew', 'Reed', 'martinhannah@example.net', '+1-821-402-6164', '2023-06-07'),
(990, 'Elizabeth', 'Lee', 'nhernandez@example.org', '001-453-305-350', '2022-10-13'),
(991, 'Alexandria', 'Christensen', 'frank96@example.org', '001-825-775-090', '2021-08-02'),
(992, 'Kevin', 'Wright', 'timothyblackwell@example.com', '608.493.2594x79', '2023-10-30'),
(993, 'Jennifer', 'Willis', 'johnsonsusan@example.com', '(808)954-4881x1', '2020-10-12'),
(994, 'Timothy', 'Humphrey', 'alexandersara@example.com', '367.912.7662', '2020-03-18'),
(995, 'Donald', 'Bailey', 'megansmith@example.org', '578.555.4259', '2021-01-06'),
(996, 'John', 'Phillips', 'mnelson@example.org', '328.522.2036x68', '2022-01-02'),
(997, 'Christopher', 'Andrews', 'richardcalhoun@example.com', '(786)453-4327x4', '2023-10-06'),
(998, 'Cameron', 'Hogan', 'xbell@example.com', '684-469-2646', '2021-09-26'),
(999, 'Alan', 'Gonzalez', 'erika22@example.org', '6412873839', '2021-06-15'),
(1000, 'April', 'Trevino', 'colemanlisa@example.com', '+1-517-465-8633', '2020-08-09');

INSERT INTO Products (product_id, product_name, price, stock_quantity) VALUES
(1, 'Mouse', 1769.17, 8),
(2, 'Camera', 1854.37, 6996),
(3, 'Printer', 823.43, 1995),
(4, 'Monitor', 345.3, 2644),
(5, 'Headphones', 763.75, 2702),
(6, 'Keyboard', 24.24, 6093),
(7, 'Smartphone', 1139.38, 6951),
(8, 'Tablet', 1713.25, 2854),
(9, 'Laptop', 807.28, 3267),
(10, 'Smartwatch', 1232.37, 7740);

INSERT INTO Orders (order_id, customer_id, order_date, total_amount) VALUES
(1, 414, '2023-07-11', 5570),
(2, 869, '2023-05-16', 2179),
(3, 717, '2023-10-17', 3303),
(4, 602, '2023-07-16', 480),
(5, 252, '2023-04-19', 3501),
(6, 973, '2024-08-19', 6664),
(7, 750, '2023-03-31', 8274),
(8, 639, '2024-05-27', 4373),
(9, 844, '2024-06-15', 5362),
(10, 600, '2024-02-24', 4393),
(11, 32, '2023-11-28', 2531),
(12, 855, '2023-04-02', 6877),
(13, 902, '2022-10-27', 1097),
(14, 17, '2024-03-14', 5185),
(15, 404, '2023-04-29', 6492),
(16, 964, '2023-05-27', 3439),
(17, 593, '2023-09-04', 865),
(18, 463, '2023-06-25', 9605),
(19, 49, '2024-01-26', 9),
(20, 563, '2024-08-22', 1109),
(21, 778, '2023-01-01', 4583),
(22, 151, '2023-04-03', 2192),
(23, 74, '2024-04-17', 526),
(24, 45, '2023-07-17', 2651),
(25, 750, '2024-08-31', 8730),
(26, 929, '2023-07-09', 5332),
(27, 463, '2023-05-10', 1485),
(28, 927, '2022-12-06', 8202),
(29, 60, '2024-07-11', 7716),
(30, 174, '2023-11-15', 4792),
(31, 735, '2024-10-03', 4786),
(32, 322, '2023-06-28', 2541),
(33, 761, '2023-09-17', 6919),
(34, 233, '2024-05-12', 5492),
(35, 373, '2023-03-12', 8641),
(36, 615, '2023-09-25', 7479),
(37, 407, '2022-11-26', 9224),
(38, 592, '2023-03-02', 9223),
(39, 658, '2022-11-16', 6890),
(40, 397, '2023-06-22', 837),
(41, 165, '2023-09-06', 6689),
(42, 501, '2024-05-18', 6251),
(43, 787, '2023-01-26', 9876),
(44, 752, '2024-09-13', 8809),
(45, 438, '2023-07-19', 9288),
(46, 547, '2022-12-05', 4863),
(47, 49, '2023-03-08', 307),
(48, 667, '2024-04-01', 1343),
(49, 175, '2023-02-19', 2308),
(50, 950, '2024-08-27', 4264),
(51, 285, '2024-10-25', 6197),
(52, 182, '2023-04-10', 6565),
(53, 155, '2023-06-05', 1484),
(54, 635, '2023-10-19', 4084),
(55, 829, '2023-10-15', 6903),
(56, 552, '2023-08-06', 2856),
(57, 130, '2024-10-21', 6501),
(58, 21, '2023-06-28', 4211),
(59, 12, '2022-11-21', 148),
(60, 149, '2023-08-15', 7897),
(61, 955, '2024-02-06', 642),
(62, 352, '2024-10-11', 8319),
(63, 631, '2024-07-04', 6597),
(64, 947, '2024-01-14', 216),
(65, 288, '2024-07-28', 842),
(66, 888, '2024-10-20', 8436),
(67, 359, '2023-04-27', 4692),
(68, 773, '2024-03-08', 6468),
(69, 654, '2024-06-22', 4540),
(70, 53, '2023-07-04', 7450),
(71, 754, '2024-05-16', 1694),
(72, 426, '2023-04-28', 585),
(73, 500, '2022-12-10', 3102),
(74, 534, '2024-06-18', 5930),
(75, 538, '2023-10-19', 8523),
(76, 533, '2022-11-26', 8663),
(77, 102, '2023-04-22', 4703),
(78, 199, '2024-09-18', 3667),
(79, 215, '2024-09-16', 574),
(80, 700, '2022-12-14', 3939),
(81, 379, '2024-02-24', 409),
(82, 758, '2024-01-04', 9633),
(83, 176, '2024-10-21', 4202),
(84, 849, '2023-10-18', 5878),
(85, 854, '2022-11-17', 1306),
(86, 480, '2023-11-07', 9533),
(87, 472, '2023-11-11', 9527),
(88, 525, '2023-02-03', 7132),
(89, 402, '2023-05-30', 3881),
(90, 464, '2023-10-02', 6357),
(91, 687, '2024-07-31', 7669),
(92, 763, '2023-09-23', 656),
(93, 330, '2022-12-17', 63),
(94, 284, '2024-08-02', 7808),
(95, 33, '2024-06-08', 8551),
(96, 337, '2023-10-10', 5844),
(97, 795, '2023-03-15', 3785),
(98, 348, '2024-07-22', 8593),
(99, 435, '2023-07-12', 213),
(100, 829, '2022-11-07', 7766),
(101, 783, '2022-11-27', 5521),
(102, 433, '2023-01-07', 9665),
(103, 197, '2024-03-30', 7123),
(104, 886, '2023-01-07', 4194),
(105, 755, '2022-11-20', 6808),
(106, 82, '2022-12-29', 5296),
(107, 686, '2024-07-15', 8016),
(108, 161, '2023-02-07', 150),
(109, 265, '2023-09-11', 5807),
(110, 667, '2023-05-10', 9867),
(111, 68, '2023-05-23', 391),
(112, 57, '2023-12-28', 9061),
(113, 346, '2023-09-28', 8673),
(114, 335, '2023-06-18', 6888),
(115, 857, '2022-11-11', 820),
(116, 734, '2024-03-19', 7712),
(117, 952, '2023-12-19', 234),
(118, 530, '2023-03-05', 2069),
(119, 833, '2024-01-07', 6749),
(120, 191, '2023-10-19', 3249),
(121, 624, '2024-09-15', 1041),
(122, 161, '2023-12-17', 9405),
(123, 344, '2023-12-18', 5400),
(124, 660, '2023-07-18', 3912),
(125, 529, '2023-04-19', 5837),
(126, 968, '2023-07-04', 3289),
(127, 860, '2024-04-12', 1027),
(128, 369, '2023-05-31', 600),
(129, 383, '2023-07-18', 2734),
(130, 485, '2024-05-28', 6997),
(131, 547, '2024-06-23', 4360),
(132, 114, '2024-06-20', 2403),
(133, 808, '2023-12-02', 1274),
(134, 419, '2022-11-11', 9444),
(135, 23, '2023-08-28', 1337),
(136, 728, '2024-07-12', 4176),
(137, 879, '2022-12-01', 1331),
(138, 478, '2022-11-25', 4353),
(139, 706, '2024-04-09', 3572),
(140, 505, '2023-03-24', 5531),
(141, 227, '2023-03-10', 252),
(142, 837, '2023-12-02', 4919),
(143, 660, '2023-03-17', 8229),
(144, 606, '2023-06-18', 8155),
(145, 338, '2024-04-12', 6501),
(146, 996, '2023-11-15', 3302),
(147, 565, '2024-10-18', 6372),
(148, 438, '2024-07-31', 7381),
(149, 226, '2024-05-31', 1355),
(150, 810, '2024-06-05', 1167),
(151, 235, '2024-05-02', 302),
(152, 976, '2023-11-21', 5266),
(153, 694, '2024-09-02', 5480),
(154, 425, '2024-08-28', 7328),
(155, 979, '2022-12-10', 1791),
(156, 734, '2023-10-26', 8544),
(157, 942, '2024-05-22', 2988),
(158, 105, '2024-03-23', 1311),
(159, 639, '2023-02-25', 2948),
(160, 908, '2023-10-29', 7088),
(161, 233, '2023-01-27', 5857),
(162, 633, '2023-04-07', 2005),
(163, 501, '2022-12-03', 2843),
(164, 756, '2023-01-10', 3759),
(165, 382, '2022-11-08', 8958),
(166, 230, '2023-02-01', 9268),
(167, 796, '2023-03-11', 7375),
(168, 521, '2024-02-21', 6086),
(169, 190, '2023-10-07', 3962),
(170, 33, '2022-12-08', 2829),
(171, 232, '2024-08-06', 4547),
(172, 345, '2024-07-16', 4044),
(173, 70, '2023-05-12', 1077),
(174, 722, '2024-02-06', 3062),
(175, 417, '2023-03-17', 7452),
(176, 734, '2022-11-23', 3953),
(177, 132, '2023-03-04', 3271),
(178, 281, '2023-05-22', 3532),
(179, 970, '2023-07-22', 3911),
(180, 216, '2023-11-15', 7325),
(181, 679, '2024-08-24', 6940),
(182, 499, '2024-02-21', 1348),
(183, 559, '2023-04-18', 9615),
(184, 556, '2023-04-28', 1914),
(185, 618, '2024-02-28', 5731),
(186, 27, '2023-05-28', 8576),
(187, 76, '2022-11-09', 7719),
(188, 561, '2023-08-01', 143),
(189, 728, '2023-10-13', 5721),
(190, 204, '2023-08-15', 8790),
(191, 649, '2024-10-07', 1722),
(192, 559, '2023-08-07', 4595),
(193, 607, '2024-05-29', 9797),
(194, 51, '2024-07-08', 7661),
(195, 550, '2023-07-10', 3821),
(196, 683, '2023-06-17', 7341),
(197, 665, '2024-04-06', 2339),
(198, 19, '2024-04-02', 5107),
(199, 481, '2023-09-26', 6409),
(200, 176, '2024-04-10', 8301);

INSERT INTO OrderItems (order_id, product_id, quantity, price) VALUES
(108, 3, 5413, 229.58),
(34, 8, 1565, 1113.14),
(54, 2, 6185, 357.6),
(173, 9, 6714, 1105.0),
(82, 10, 5522, 35.45),
(77, 7, 6343, 318.58),
(14, 8, 1192, 1372.96),
(100, 7, 2723, 500.87),
(135, 5, 6651, 408.8),
(104, 9, 514, 1558.62),
(199, 8, 18, 1020.12),
(99, 10, 488, 393.53),
(56, 10, 54, 366.83),
(70, 10, 871, 1776.68),
(5, 5, 6820, 836.05),
(62, 10, 4552, 61.41),
(46, 9, 7655, 1886.69),
(110, 4, 7532, 287.07),
(99, 6, 8121, 256.95),
(134, 3, 5045, 1150.33),
(83, 4, 3518, 652.09),
(54, 5, 3767, 50.16),
(113, 5, 2317, 727.41),
(144, 3, 7207, 408.46),
(34, 2, 7153, 1198.58),
(121, 4, 2121, 1943.23),
(58, 6, 5335, 1849.45),
(12, 8, 8869, 1224.06),
(28, 7, 6275, 850.76),
(70, 9, 2856, 345.84),
(96, 2, 7975, 1353.11),
(176, 6, 8933, 1537.85),
(168, 1, 4238, 441.23),
(151, 7, 6634, 440.53),
(27, 6, 2182, 1460.81),
(31, 6, 9525, 1733.08),
(92, 6, 76, 291.66),
(5, 7, 5561, 1797.18),
(72, 10, 4113, 717.91),
(32, 2, 758, 1537.87),
(138, 10, 3621, 511.17),
(109, 8, 548, 1257.47),
(112, 3, 1589, 1925.87),
(163, 4, 3268, 1965.86),
(100, 9, 9392, 1290.72),
(153, 5, 8376, 1939.22),
(46, 6, 2094, 1657.61),
(17, 5, 5162, 166.26),
(98, 3, 4770, 64.45),
(96, 10, 3280, 387.66),
(129, 4, 5356, 1301.4),
(11, 5, 1442, 60.41),
(21, 6, 9655, 961.22),
(60, 10, 1314, 381.33),
(200, 1, 3727, 851.25),
(115, 9, 5597, 1352.11),
(118, 1, 7458, 341.0),
(127, 5, 1484, 252.38),
(58, 1, 1943, 1020.43),
(129, 6, 8163, 560.86),
(2, 7, 1785, 885.84),
(173, 4, 3327, 889.61),
(129, 8, 7952, 913.47),
(6, 6, 9551, 671.69),
(169, 8, 9369, 40.13),
(108, 6, 2013, 920.62),
(167, 6, 2541, 735.9),
(167, 2, 4174, 1183.49),
(56, 6, 7566, 1671.07),
(59, 10, 6815, 1549.99),
(170, 9, 3453, 1650.84),
(62, 5, 9920, 637.77),
(63, 1, 5527, 330.04),
(40, 2, 2877, 1711.51),
(73, 10, 4526, 925.5),
(69, 4, 6012, 1369.26),
(56, 2, 7274, 531.51),
(105, 3, 5502, 487.61),
(168, 9, 8701, 538.36),
(110, 9, 3781, 1553.45),
(68, 3, 661, 384.43),
(171, 3, 9742, 870.29),
(97, 6, 1127, 185.91),
(140, 5, 5367, 567.24),
(16, 2, 1723, 214.37),
(35, 2, 4658, 1923.9),
(127, 9, 2253, 1916.16),
(156, 5, 6139, 1552.32),
(188, 1, 7355, 1075.89),
(196, 1, 6103, 1773.23),
(17, 7, 7430, 299.99),
(193, 4, 3543, 1557.65),
(62, 7, 192, 1356.18),
(147, 10, 3495, 252.22),
(30, 10, 5304, 27.27),
(100, 3, 4383, 1646.67),
(27, 9, 3806, 820.75),
(4, 7, 4782, 406.41),
(200, 7, 6237, 376.1),
(35, 8, 259, 1587.58),
(46, 8, 4528, 1004.31),
(86, 10, 5568, 1553.88),
(115, 10, 6126, 100.44),
(68, 7, 3464, 118.27),
(133, 5, 5152, 1199.83),
(41, 8, 3012, 483.91),
(25, 6, 7191, 1285.38),
(166, 5, 4985, 102.64),
(196, 10, 3931, 990.41),
(85, 1, 2229, 80.72),
(197, 4, 7809, 1830.62),
(137, 10, 4963, 1650.7),
(127, 8, 579, 882.48),
(148, 4, 2529, 1943.66),
(146, 2, 5545, 509.98),
(40, 3, 8495, 563.09),
(10, 3, 9602, 1804.9),
(43, 9, 4626, 354.59),
(186, 4, 9373, 1758.51),
(171, 5, 7756, 1810.28),
(158, 2, 9591, 181.35),
(163, 8, 3826, 1721.63),
(8, 7, 6476, 1136.03),
(152, 8, 9239, 1934.62),
(196, 6, 8018, 244.35),
(187, 6, 845, 1502.22),
(118, 3, 20, 382.83),
(66, 1, 6291, 1106.23),
(156, 7, 3817, 1659.11),
(10, 1, 7308, 1584.22),
(195, 5, 8952, 925.05),
(22, 5, 1764, 975.76),
(129, 7, 8055, 645.7),
(59, 8, 8918, 1286.67),
(29, 1, 5735, 62.71),
(196, 4, 8082, 926.83),
(129, 10, 7009, 206.75),
(192, 3, 1037, 1932.87),
(10, 10, 2850, 1100.71),
(94, 9, 9624, 697.08),
(190, 2, 3772, 1918.13),
(171, 6, 6764, 1747.17),
(111, 1, 7049, 1880.27),
(168, 5, 2795, 1257.99),
(194, 4, 8793, 541.82),
(180, 1, 1042, 603.57),
(144, 10, 1932, 1225.5),
(19, 10, 9075, 1466.06),
(116, 3, 2819, 841.52),
(60, 4, 7333, 643.77),
(36, 3, 4495, 81.99),
(187, 9, 3610, 1005.13),
(28, 2, 2218, 1448.03),
(123, 6, 7043, 359.16),
(9, 2, 4221, 526.1),
(142, 2, 8462, 1238.5),
(46, 3, 3684, 1985.55),
(62, 2, 2712, 385.22),
(88, 8, 6518, 858.53),
(18, 6, 2097, 1683.06),
(170, 5, 2387, 1749.56),
(20, 3, 2869, 160.68),
(25, 1, 4206, 1055.92),
(122, 6, 8598, 1218.22),
(154, 5, 6243, 32.25),
(10, 7, 1259, 1954.35),
(68, 2, 323, 152.43),
(34, 7, 5051, 988.45),
(143, 9, 9681, 159.61),
(163, 3, 1864, 126.61),
(160, 3, 8603, 872.19),
(103, 2, 8566, 165.62),
(14, 9, 3109, 131.94),
(141, 10, 4073, 1144.47),
(160, 8, 4564, 1760.72),
(80, 5, 754, 940.55),
(89, 2, 6694, 953.17),
(197, 2, 9133, 560.95),
(30, 4, 3157, 1194.62),
(81, 1, 2876, 657.08),
(169, 2, 3236, 1649.04),
(130, 8, 8364, 419.05),
(118, 2, 383, 1156.43),
(160, 7, 4481, 1351.43),
(27, 7, 9318, 277.45),
(102, 9, 1689, 824.68),
(45, 1, 5813, 365.94),
(84, 7, 8477, 1720.2),
(16, 6, 9460, 1903.09),
(158, 8, 2596, 1476.66),
(159, 5, 5438, 1184.19),
(174, 9, 4668, 1112.44),
(76, 7, 1084, 834.5),
(86, 4, 3842, 793.77),
(15, 5, 6689, 1530.01),
(140, 1, 2667, 1997.27),
(150, 6, 2018, 715.49),
(187, 3, 1441, 682.6),
(191, 4, 7166, 1736.0),
(111, 10, 4320, 1544.77),
(146, 1, 7010, 1047.73),
(192, 2, 9423, 999.61),
(142, 5, 6549, 1267.58),
(2, 5, 9354, 1759.71),
(134, 10, 1548, 329.27),
(72, 5, 2255, 1157.31),
(176, 1, 4286, 1698.74),
(107, 9, 6119, 1549.25),
(131, 5, 5390, 1837.51),
(39, 2, 8979, 1020.58),
(8, 8, 1346, 449.18),
(28, 5, 9606, 920.52),
(89, 6, 4169, 403.03),
(11, 9, 6026, 1072.97),
(181, 5, 6173, 1871.54),
(39, 1, 6980, 1840.59),
(13, 3, 5160, 945.13),
(75, 4, 3653, 119.66),
(160, 9, 1510, 237.35),
(176, 2, 2995, 144.49),
(163, 9, 7761, 1426.58),
(197, 7, 449, 502.46),
(61, 4, 1689, 1212.06),
(93, 2, 3624, 1629.34),
(104, 2, 4448, 381.35),
(81, 10, 5542, 1241.65),
(13, 5, 6568, 558.25),
(68, 5, 7162, 594.32),
(108, 5, 3950, 1142.44),
(54, 1, 108, 816.81),
(144, 8, 2032, 1223.67),
(4, 6, 285, 1759.23),
(130, 2, 5421, 443.64),
(116, 9, 8111, 1435.44),
(33, 4, 4307, 1898.19),
(196, 3, 3774, 560.8),
(22, 3, 1019, 1431.83),
(89, 1, 6172, 1738.77),
(13, 7, 5143, 1559.48),
(20, 7, 7265, 752.25),
(177, 8, 4222, 1471.02),
(107, 3, 1628, 1294.78),
(175, 6, 7970, 1347.71),
(74, 2, 575, 210.54),
(71, 6, 9424, 1666.31),
(145, 5, 3628, 458.49),
(124, 10, 9198, 726.44),
(18, 3, 3810, 1765.56),
(22, 2, 4535, 974.95),
(18, 1, 552, 399.33),
(137, 3, 3362, 376.5),
(86, 1, 9578, 679.67),
(32, 8, 1739, 1766.79),
(66, 10, 6170, 1287.08),
(95, 1, 1266, 783.32),
(151, 10, 2772, 46.59),
(80, 6, 68, 1891.71),
(6, 5, 3171, 1420.41),
(56, 3, 3679, 464.21),
(109, 2, 945, 1117.02),
(99, 9, 9822, 855.99),
(52, 10, 179, 520.97),
(25, 7, 4515, 114.44),
(7, 2, 2242, 653.34),
(183, 3, 8798, 620.84),
(8, 6, 1758, 1296.05),
(50, 1, 9908, 1418.83),
(107, 10, 5497, 1028.22),
(29, 2, 3226, 287.08),
(153, 6, 7531, 1778.61),
(170, 2, 6281, 1157.5),
(14, 6, 962, 1562.27),
(147, 3, 8401, 1352.94),
(148, 1, 7317, 1786.59),
(56, 8, 7426, 626.56),
(125, 7, 135, 1120.44),
(27, 5, 3414, 1163.14),
(63, 9, 8788, 315.18),
(38, 1, 6223, 1470.23),
(3, 1, 732, 908.06),
(60, 2, 1623, 1282.52),
(158, 7, 3238, 930.59),
(121, 1, 5422, 1176.77),
(45, 6, 6553, 493.2),
(76, 5, 1491, 324.27),
(172, 1, 492, 297.25),
(145, 8, 1067, 29.34),
(92, 4, 9376, 1413.6),
(40, 8, 9292, 808.09),
(152, 3, 3918, 1827.6),
(13, 8, 6959, 1996.4),
(143, 2, 9200, 1124.07),
(112, 5, 2024, 524.34),
(169, 6, 6139, 1989.11),
(200, 8, 6027, 279.56),
(145, 7, 8038, 262.63),
(179, 6, 4117, 828.9),
(80, 9, 8573, 189.81),
(53, 8, 5158, 1957.65),
(196, 7, 6497, 1589.98),
(43, 1, 5203, 1241.64),
(129, 5, 9965, 122.21),
(78, 10, 9729, 69.47),
(92, 2, 4581, 1044.06),
(101, 6, 2231, 1710.34),
(145, 4, 7506, 405.53),
(133, 9, 1262, 1224.81),
(120, 5, 9024, 120.5),
(136, 6, 9931, 1987.02),
(125, 8, 2662, 1332.73),
(51, 9, 6223, 670.52),
(48, 10, 8931, 961.33),
(62, 6, 4385, 1529.54),
(13, 9, 5255, 591.8),
(47, 10, 6943, 199.92),
(52, 7, 4051, 1720.11),
(28, 9, 969, 77.62),
(80, 3, 3165, 576.38),
(131, 4, 9662, 1168.92),
(101, 2, 2903, 1799.52),
(190, 5, 6101, 747.2),
(10, 6, 5921, 1205.86),
(150, 2, 7712, 1638.45),
(147, 8, 3329, 1637.93),
(184, 9, 2670, 823.83),
(25, 4, 6368, 1695.88),
(76, 9, 8670, 1999.72),
(47, 1, 9944, 983.82),
(188, 6, 582, 1659.57),
(96, 9, 2324, 1151.21),
(84, 4, 6705, 703.88),
(126, 5, 558, 857.14),
(123, 1, 7810, 822.76),
(154, 10, 2850, 338.07),
(185, 6, 9867, 1958.74),
(123, 8, 6352, 794.29),
(103, 7, 4158, 333.54),
(99, 3, 4233, 930.21),
(51, 4, 8989, 750.42),
(73, 1, 7000, 594.79),
(3, 8, 4595, 32.49),
(90, 4, 6736, 871.08),
(196, 9, 7290, 1733.53),
(119, 10, 9911, 1884.62),
(3, 3, 9075, 1010.12),
(121, 7, 9800, 1148.47),
(88, 2, 1569, 1269.5),
(140, 3, 236, 965.04),
(153, 1, 2291, 637.08),
(38, 6, 8417, 1430.99),
(125, 9, 3896, 131.21),
(39, 4, 4301, 1549.46),
(93, 9, 2708, 1265.38),
(80, 1, 8027, 1719.0),
(116, 2, 1053, 1018.97),
(143, 10, 7445, 1156.63),
(132, 7, 5385, 950.91),
(173, 7, 8492, 1056.66),
(106, 4, 2948, 786.41),
(138, 6, 7665, 1967.55),
(103, 6, 2987, 1281.85),
(177, 2, 4973, 1495.22),
(115, 7, 2612, 576.59),
(77, 1, 9927, 199.14),
(179, 5, 6717, 438.85),
(4, 2, 1787, 1556.48),
(121, 10, 2224, 792.51),
(41, 1, 9581, 1523.25),
(75, 7, 5234, 1198.32),
(55, 4, 9753, 601.04),
(191, 3, 5500, 559.21),
(194, 6, 7435, 606.19),
(54, 10, 1237, 73.99),
(159, 7, 6335, 1587.07),
(51, 1, 2150, 1654.57),
(52, 6, 5282, 299.69),
(156, 6, 1908, 1817.95),
(159, 4, 5928, 1022.66),
(88, 1, 5608, 1987.29),
(114, 8, 9370, 602.24),
(104, 5, 4680, 954.22),
(187, 4, 1143, 475.07),
(101, 4, 9519, 754.59),
(6, 3, 6203, 1360.27),
(193, 1, 723, 1765.01),
(70, 7, 8804, 1753.88),
(117, 2, 9688, 1611.88),
(189, 8, 3682, 1766.22),
(152, 7, 5223, 933.38),
(120, 2, 1571, 50.43),
(42, 1, 1113, 1444.46),
(183, 8, 6423, 1473.9),
(27, 10, 4549, 1994.59),
(188, 10, 5291, 775.84),
(106, 1, 9017, 1148.6),
(130, 4, 7201, 1700.05),
(69, 5, 8589, 961.91),
(49, 8, 5398, 485.51),
(30, 8, 9902, 578.63),
(47, 5, 8006, 678.85),
(48, 5, 9456, 1517.92),
(194, 9, 8893, 174.37),
(137, 1, 6472, 1742.07),
(28, 4, 2558, 1190.19),
(149, 6, 3842, 882.9),
(132, 9, 4942, 409.66),
(169, 10, 6243, 1475.27),
(76, 3, 7857, 1061.02),
(40, 9, 713, 1143.1),
(99, 4, 9847, 1127.46),
(71, 5, 7759, 938.97),
(172, 9, 5585, 1193.42),
(191, 9, 9670, 954.53),
(149, 2, 5164, 300.89),
(74, 1, 2267, 1444.4),
(78, 8, 4392, 1283.89),
(37, 4, 3573, 1162.55),
(149, 1, 139, 1225.07),
(161, 7, 5405, 798.7),
(148, 5, 404, 270.46),
(13, 2, 6974, 685.0),
(83, 5, 2867, 545.72),
(27, 2, 7370, 1770.19),
(73, 5, 4357, 1136.28),
(189, 9, 4598, 765.49),
(96, 1, 6909, 507.07),
(139, 2, 518, 1021.79),
(110, 10, 6723, 1327.08),
(195, 8, 2469, 1153.42),
(176, 10, 4980, 1633.69),
(89, 8, 4158, 355.46),
(91, 5, 9115, 324.85),
(103, 9, 1752, 1866.78),
(134, 9, 5004, 230.44),
(128, 5, 5320, 1405.27),
(180, 3, 5737, 817.38),
(9, 10, 8933, 1737.8),
(54, 3, 2565, 862.3),
(69, 6, 1930, 808.38),
(164, 9, 9252, 1961.77),
(153, 9, 2142, 910.39),
(145, 2, 8239, 824.0),
(182, 7, 5892, 1535.93),
(50, 4, 7981, 151.87),
(66, 7, 9422, 206.75),
(77, 2, 8525, 306.33),
(138, 8, 1634, 1228.23),
(74, 9, 464, 1848.91),
(97, 7, 3087, 400.39),
(107, 5, 5161, 237.64),
(174, 10, 2595, 346.56),
(185, 8, 7404, 1091.05),
(199, 5, 9286, 453.99),
(63, 10, 3716, 954.84),
(97, 2, 5917, 477.34),
(11, 10, 2670, 1275.75),
(106, 6, 7999, 1933.81),
(100, 10, 5741, 1677.37),
(65, 8, 1942, 149.68),
(78, 4, 5779, 1826.5),
(81, 2, 2779, 1720.66),
(93, 10, 5225, 1664.69),
(110, 2, 6000, 583.68),
(177, 1, 1021, 1914.97),
(171, 2, 9494, 38.41),
(163, 1, 965, 794.95),
(147, 4, 5761, 713.22),
(102, 3, 8708, 745.22),
(108, 10, 3842, 1585.35),
(122, 4, 7097, 505.12),
(67, 10, 5809, 669.01),
(61, 3, 7735, 812.85),
(177, 7, 7991, 945.1),
(119, 7, 1727, 1247.51),
(3, 7, 6984, 721.67),
(135, 4, 5783, 545.41),
(107, 4, 8252, 1122.41),
(36, 7, 7368, 230.44),
(169, 5, 6458, 944.63),
(92, 9, 7083, 1132.03),
(195, 6, 1423, 1034.93),
(57, 3, 9364, 354.4),
(170, 10, 2868, 1925.55),
(18, 4, 3125, 1788.91),
(117, 4, 3845, 1324.9),
(22, 8, 9095, 859.1),
(148, 3, 5322, 1221.89),
(131, 6, 5219, 1595.77),
(64, 6, 4020, 1932.95),
(64, 4, 3221, 1287.68),
(73, 4, 5620, 713.2),
(80, 4, 9108, 275.12),
(124, 2, 8072, 359.69),
(16, 8, 274, 876.19),
(71, 8, 7045, 209.39),
(151, 8, 2800, 20.01),
(8, 9, 901, 324.67),
(95, 8, 3063, 602.29),
(19, 3, 1398, 429.43),
(12, 1, 3462, 840.73);

INSERT INTO Suppliers (supplier_id, supplier_name, contact_name, contact_email) VALUES
(1, 'ElectroGoods', 'Gabrielle Ewing', 'deborahbauer@example.org'),
(2, 'TechCorp', 'Jose Lee', 'oknight@example.com'),
(3, 'AccessoryWorld', 'Gina Stark', 'shortwayne@example.com'),
(4, 'DeviceHub', 'Christina Huang', 'charles23@example.com'),
(5, 'GadgetSupply', 'Peter Mack', 'wcordova@example.net');

INSERT INTO ProductSuppliers (product_id, supplier_id, supply_price) VALUES
(5, 5, 526.43),
(3, 2, 576.8),
(10, 3, 284.49),
(9, 5, 241.97),
(3, 1, 660.67),
(8, 5, 904.26),
(9, 2, 811.2),
(7, 1, 352.15),
(10, 2, 63.19),
(9, 1, 290.44),
(7, 4, 267.48),
(1, 3, 76.93),
(8, 1, 861.35),
(8, 4, 563.42),
(6, 2, 692.39),
(4, 5, 637.69),
(6, 5, 809.89),
(6, 4, 177.7),
(2, 4, 846.85),
(7, 5, 831.13),
(5, 4, 184.33),
(4, 1, 32.27),
(2, 3, 710.03),
(10, 5, 841.54),
(1, 1, 431.86),
(8, 3, 70.18),
(5, 3, 367.75),
(3, 4, 302.41),
(10, 1, 876.87),
(7, 3, 597.48);