INSERT INTO Customers (customer_id, first_name, last_name, email, phone, registration_date) VALUES
(1, 'Erin', 'Wilkinson', 'kelligomez@example.net', '+1-964-584-0980', '2023-11-12'),
(2, 'Laura', 'Thomas', 'henry55@example.com', '+1-525-508-0643', '2020-07-30'),
(3, 'Derek', 'Farmer', 'michael27@example.com', '4036515259', '2021-05-05'),
(4, 'Elizabeth', 'Schaefer', 'vanessa17@example.com', '225.611.3568', '2020-03-07'),
(5, 'Matthew', 'Warner', 'anita29@example.net', '+1-813-598-5624', '2022-05-29'),
(6, 'Melissa', 'Myers', 'thompsondavid@example.net', '(340)765-9316x4', '2023-07-26'),
(7, 'Ryan', 'Yates', 'mark87@example.net', '509-521-3165', '2023-10-18'),
(8, 'Donna', 'Edwards', 'jonesbrian@example.com', '+1-912-521-8703', '2021-02-20'),
(9, 'Brian', 'Wright', 'wcarroll@example.com', '001-996-541-943', '2022-02-14'),
(10, 'Derek', 'Ellison', 'lori10@example.net', '(431)604-2533x1', '2022-01-01'),
(11, 'Amanda', 'Farmer', 'alexis02@example.org', '4755187633', '2023-12-13'),
(12, 'Matthew', 'Hawkins', 'davidmora@example.org', '+1-880-427-5581', '2020-03-30'),
(13, 'Kristen', 'Prince', 'rebeccamontoya@example.net', '612.807.1765', '2024-08-06'),
(14, 'Amber', 'Cook', 'kylesmall@example.org', '813.784.2418x82', '2023-04-24'),
(15, 'Chad', 'Martinez', 'johnsonmarissa@example.net', '660-634-3159', '2022-04-10'),
(16, 'Jennifer', 'Soto', 'jenniferponce@example.com', '001-717-551-548', '2023-04-07'),
(17, 'Joshua', 'Murphy', 'cmills@example.org', '429.980.5231', '2022-05-23'),
(18, 'Angela', 'Bradley', 'alexandramercer@example.net', '5275867155', '2022-08-14'),
(19, 'Samantha', 'Mitchell', 'debrajoyce@example.net', '+1-496-285-4319', '2022-07-27'),
(20, 'Kathleen', 'Lewis', 'timothyrodriguez@example.org', '+1-925-380-5907', '2021-10-11'),
(21, 'Jeremy', 'Conner', 'bjackson@example.com', '331-980-2264x41', '2020-07-29'),
(22, 'Cheryl', 'Sanford', 'watsonbrittany@example.org', '642.611.0562x35', '2022-04-25'),
(23, 'Mason', 'Baird', 'daniel75@example.com', '(678)922-2849x1', '2024-05-07'),
(24, 'Christopher', 'Page', 'gregory15@example.org', '(519)936-2039x4', '2023-07-04'),
(25, 'Bryan', 'Cole', 'edwardsmary@example.org', '905.613.7063x43', '2022-05-14'),
(26, 'Mary', 'Owens', 'hoganjonathan@example.org', '+1-254-717-0517', '2024-01-13'),
(27, 'Anna', 'Schneider', 'kimberlyguerrero@example.org', '(241)500-8523x8', '2022-02-22'),
(28, 'Stephanie', 'Perkins', 'kaylajones@example.net', '624-236-0671x97', '2020-04-10'),
(29, 'Heidi', 'Wagner', 'phillip48@example.net', '001-596-364-365', '2021-12-04'),
(30, 'Allison', 'West', 'hayesbetty@example.com', '970.235.7442x05', '2020-08-21'),
(31, 'Alfred', 'Jackson', 'kim28@example.net', '743.251.4636', '2020-07-23'),
(32, 'Paul', 'Crane', 'duncanamy@example.com', '001-218-874-424', '2019-11-04'),
(33, 'Christian', 'Jones', 'lisa61@example.net', '+1-282-352-9238', '2023-07-25'),
(34, 'Rachel', 'Barnes', 'daniel44@example.org', '001-742-694-413', '2024-10-22'),
(35, 'Teresa', 'Jenkins', 'scott76@example.org', '+1-491-245-9788', '2022-07-20'),
(36, 'Kevin', 'Murillo', 'edwardsbrenda@example.com', '769.891.5919x10', '2023-09-16'),
(37, 'Joseph', 'Garza', 'idelacruz@example.org', '773.830.2332x91', '2020-04-17'),
(38, 'Sean', 'Carpenter', 'marshmichelle@example.org', '4937243827', '2023-03-22'),
(39, 'Ashley', 'Townsend', 'rruiz@example.net', '(553)625-9968x9', '2022-07-03'),
(40, 'Daniel', 'Vega', 'stricklandalicia@example.org', '928-585-8374x48', '2021-10-28'),
(41, 'Heather', 'Novak', 'allison94@example.net', '(366)738-6988x8', '2023-06-12'),
(42, 'Amy', 'Jennings', 'feliciabarton@example.org', '(522)971-4220', '2021-03-29'),
(43, 'Shelly', 'Farrell', 'travis15@example.org', '001-955-745-355', '2020-07-10'),
(44, 'Edward', 'Wood', 'jillcooper@example.net', '+1-430-880-0561', '2021-07-20'),
(45, 'Daniel', 'Hodges', 'michelle28@example.net', '+1-991-303-6338', '2022-06-19'),
(46, 'Adam', 'Jordan', 'othomas@example.net', '(872)978-7962x1', '2024-05-06'),
(47, 'Bryan', 'Taylor', 'andrea28@example.com', '(738)271-0297', '2019-11-11'),
(48, 'James', 'Smith', 'carterdavid@example.org', '663-487-1763', '2021-06-11'),
(49, 'Maria', 'Smith', 'gsullivan@example.org', '430-309-8749', '2023-07-01'),
(50, 'Michael', 'Allen', 'jkemp@example.net', '616-894-2264x63', '2021-06-12'),
(51, 'Anthony', 'Roberts', 'tanthony@example.net', '001-234-562-443', '2024-03-14'),
(52, 'Adrian', 'Powell', 'troy04@example.net', '359-714-5684', '2020-01-11'),
(53, 'Robert', 'Golden', 'qmarquez@example.com', '598.497.4801', '2024-07-27'),
(54, 'David', 'Brady', 'edwin61@example.net', '(569)374-4820x1', '2024-07-29'),
(55, 'Teresa', 'Simpson', 'elizabethlloyd@example.com', '+1-944-995-5865', '2024-06-19'),
(56, 'Jennifer', 'Richmond', 'ucrane@example.org', '750-687-9035x93', '2023-06-22'),
(57, 'Lisa', 'Barajas', 'smithsherri@example.com', '001-420-732-745', '2020-12-17'),
(58, 'Lorraine', 'Benton', 'bberger@example.org', '6143628440', '2020-08-18'),
(59, 'Martin', 'Gomez', 'boylewilliam@example.org', '560-866-8812', '2019-11-17'),
(60, 'Sean', 'Harrington', 'dyang@example.org', '(450)340-8695', '2020-02-13'),
(61, 'Matthew', 'Lee', 'tiffany59@example.org', '9035143806', '2021-05-20'),
(62, 'Kristy', 'Miller', 'walshbrooke@example.com', '+1-307-915-1730', '2024-04-21'),
(63, 'Michael', 'Johnson', 'raymond33@example.com', '(200)539-2809', '2021-10-03'),
(64, 'Scott', 'Rodriguez', 'hsantana@example.org', '9762893566', '2020-10-27'),
(65, 'Jason', 'Ayala', 'millerwendy@example.net', '792-287-7069', '2023-07-19'),
(66, 'Tracey', 'Phillips', 'christinesantos@example.com', '937-948-4468x06', '2023-12-13'),
(67, 'Stephen', 'Murphy', 'swatkins@example.com', '001-781-627-484', '2023-10-23'),
(68, 'Robert', 'Pratt', 'joseph52@example.org', '+1-877-941-8853', '2023-07-10'),
(69, 'Amanda', 'Jordan', 'emilychristensen@example.net', '928-740-3707x98', '2024-07-14'),
(70, 'Patricia', 'Lynch', 'jessica78@example.net', '(791)217-0922x4', '2023-10-29'),
(71, 'Cynthia', 'Luna', 'ryanbrianna@example.com', '502.390.5964', '2023-07-29'),
(72, 'Billy', 'Hampton', 'zwashington@example.com', '422-745-0066x07', '2024-01-25'),
(73, 'Cindy', 'Hodges', 'campbellcourtney@example.com', '(548)384-5823x6', '2022-06-18'),
(74, 'Ryan', 'Cook', 'jamie78@example.net', '8336787782', '2022-10-24'),
(75, 'Angelica', 'Miller', 'samuel20@example.net', '5019402536', '2022-04-05'),
(76, 'Abigail', 'Morgan', 'rogermiller@example.org', '502.350.5275x79', '2021-08-04'),
(77, 'Caleb', 'Hill', 'cherylphillips@example.net', '(671)292-2045', '2023-11-03'),
(78, 'Ashley', 'Potter', 'uchavez@example.org', '+1-854-725-6543', '2024-09-11'),
(79, 'Shawn', 'Rodriguez', 'ngonzales@example.net', '301-956-2073x78', '2024-05-27'),
(80, 'Joseph', 'Kelley', 'adam39@example.com', '787.752.9536', '2022-05-20'),
(81, 'Rodney', 'Arias', 'coxoscar@example.com', '001-887-609-210', '2023-10-19'),
(82, 'Melissa', 'Wright', 'amandapotter@example.org', '221-441-4571', '2023-06-14'),
(83, 'Lisa', 'Weber', 'jennifermay@example.org', '508.327.9956x82', '2022-01-28'),
(84, 'Tiffany', 'Johnson', 'joneseddie@example.com', '+1-293-240-7987', '2024-05-21'),
(85, 'Melissa', 'Ramirez', 'tsandoval@example.org', '(387)412-1608', '2020-06-22'),
(86, 'Robert', 'Nelson', 'phernandez@example.com', '+1-331-404-7178', '2022-09-19'),
(87, 'Natasha', 'Williams', 'apratt@example.org', '644-977-9916x51', '2024-07-19'),
(88, 'Paul', 'Martinez', 'cassandracraig@example.net', '966-402-4004', '2024-03-08'),
(89, 'Jerry', 'Bryant', 'matthewwright@example.net', '(612)900-3062x2', '2023-10-29'),
(90, 'Marie', 'Gibson', 'johnnybailey@example.com', '(345)830-6828', '2023-05-03'),
(91, 'Johnny', 'Phillips', 'janeanderson@example.net', '5606490591', '2023-07-13'),
(92, 'Jennifer', 'Torres', 'debra33@example.com', '(827)283-0539', '2023-10-28'),
(93, 'Lauren', 'Underwood', 'briancarroll@example.net', '+1-443-375-4156', '2023-10-13'),
(94, 'Dawn', 'Smith', 'michellethompson@example.com', '(648)812-7577x9', '2022-06-18'),
(95, 'Rachel', 'Schwartz', 'cassiejones@example.net', '(938)685-4294', '2022-09-20'),
(96, 'William', 'Sexton', 'danielyoung@example.net', '(336)977-8395x4', '2020-10-17'),
(97, 'Cynthia', 'Thompson', 'johnsonshaun@example.org', '536.757.1356', '2024-08-09'),
(98, 'Nathan', 'Church', 'ethanmcmahon@example.com', '001-429-260-240', '2024-10-12'),
(99, 'Pamela', 'Martinez', 'kristine62@example.org', '001-927-611-410', '2023-08-05'),
(100, 'Matthew', 'Chandler', 'iwilliams@example.org', '(288)732-6288x2', '2024-06-04');

INSERT INTO Products (product_id, product_name, price, stock_quantity) VALUES
(1, 'Keyboard', 1987.2, 9709),
(2, 'Headphones', 1832.57, 4788),
(3, 'Tablet', 1888.25, 1832),
(4, 'Laptop', 1619.91, 9850),
(5, 'Monitor', 1944.54, 7999),
(6, 'Smartphone', 1339.86, 1169),
(7, 'Mouse', 93.14, 3662),
(8, 'Printer', 1235.99, 8461),
(9, 'Camera', 258.35, 843),
(10, 'Smartwatch', 1536.73, 7524);

INSERT INTO Orders (order_id, customer_id, order_date, total_amount) VALUES
(1, 26, '2024-02-15', 4571),
(2, 72, '2023-11-04', 6253),
(3, 82, '2023-07-17', 3028),
(4, 62, '2022-12-17', 9455),
(5, 61, '2022-12-25', 9365),
(6, 29, '2023-05-04', 4887),
(7, 1, '2023-11-18', 1587),
(8, 97, '2023-03-11', 556),
(9, 11, '2024-07-12', 4953),
(10, 73, '2023-02-01', 6005),
(11, 71, '2022-12-18', 388),
(12, 87, '2023-10-30', 7599),
(13, 30, '2023-07-11', 7232),
(14, 28, '2023-01-04', 4014),
(15, 3, '2023-12-12', 2357),
(16, 81, '2023-09-01', 656),
(17, 85, '2023-09-11', 5404),
(18, 48, '2023-07-31', 4522),
(19, 4, '2023-11-16', 7779),
(20, 94, '2024-04-07', 8102),
(21, 16, '2024-03-22', 7757),
(22, 3, '2024-10-01', 2264),
(23, 28, '2023-01-07', 9309),
(24, 53, '2024-03-31', 5996),
(25, 93, '2022-11-26', 9305),
(26, 23, '2022-12-03', 6236),
(27, 65, '2022-11-09', 188),
(28, 23, '2022-11-16', 2803),
(29, 8, '2023-02-25', 2998),
(30, 86, '2022-12-28', 9494),
(31, 33, '2023-07-03', 4929),
(32, 16, '2023-01-24', 6870),
(33, 39, '2024-06-11', 4118),
(34, 65, '2023-03-29', 7165),
(35, 42, '2022-11-27', 8780),
(36, 71, '2023-01-02', 7419),
(37, 48, '2024-10-09', 9452),
(38, 25, '2024-09-19', 9359),
(39, 37, '2024-07-16', 1714),
(40, 20, '2023-06-11', 549),
(41, 17, '2023-04-24', 6633),
(42, 10, '2023-12-11', 606),
(43, 28, '2022-12-23', 5369),
(44, 23, '2023-04-24', 4420),
(45, 28, '2023-11-30', 80),
(46, 69, '2024-01-05', 8456),
(47, 94, '2024-02-25', 757),
(48, 24, '2024-05-01', 9797),
(49, 37, '2023-09-21', 6225),
(50, 10, '2024-02-08', 5187),
(51, 29, '2023-07-08', 8613),
(52, 78, '2023-12-23', 9692),
(53, 47, '2023-08-11', 7197),
(54, 6, '2024-03-14', 6865),
(55, 51, '2023-11-26', 1010),
(56, 67, '2023-06-30', 3024),
(57, 37, '2024-05-31', 3088),
(58, 47, '2024-03-18', 7172),
(59, 15, '2023-08-29', 4414),
(60, 11, '2023-06-19', 481),
(61, 20, '2023-02-21', 2088),
(62, 32, '2023-07-15', 3727),
(63, 17, '2023-03-08', 3198),
(64, 16, '2023-08-28', 1596),
(65, 1, '2024-05-28', 5894),
(66, 35, '2023-11-04', 6009),
(67, 89, '2024-08-05', 6505),
(68, 9, '2023-12-05', 6716),
(69, 15, '2023-03-03', 1615),
(70, 59, '2023-10-23', 857),
(71, 86, '2023-06-01', 1301),
(72, 65, '2024-01-06', 1994),
(73, 57, '2023-11-29', 5593),
(74, 32, '2023-04-20', 8847),
(75, 24, '2024-04-30', 1894),
(76, 30, '2024-01-20', 3522),
(77, 42, '2023-07-02', 7942),
(78, 47, '2023-08-18', 8008),
(79, 87, '2024-03-28', 6247),
(80, 68, '2023-04-20', 5978),
(81, 29, '2024-02-14', 8108),
(82, 38, '2024-08-06', 9798),
(83, 65, '2023-08-08', 1495),
(84, 61, '2022-11-06', 4270),
(85, 78, '2024-09-12', 7896),
(86, 56, '2023-03-11', 4931),
(87, 13, '2024-05-31', 6018),
(88, 46, '2022-12-08', 9619),
(89, 99, '2024-08-16', 1729),
(90, 89, '2023-05-08', 3048),
(91, 17, '2022-11-02', 7606),
(92, 37, '2024-02-08', 9619),
(93, 38, '2023-01-02', 2991),
(94, 25, '2022-11-16', 7446),
(95, 50, '2022-11-22', 3487),
(96, 34, '2022-12-06', 2155),
(97, 90, '2023-01-06', 1515),
(98, 48, '2024-08-16', 5719),
(99, 44, '2024-01-01', 4607),
(100, 26, '2024-10-07', 7378),
(101, 83, '2023-09-25', 2861),
(102, 38, '2024-03-24', 4061),
(103, 61, '2023-12-02', 8229),
(104, 28, '2022-11-26', 9227),
(105, 18, '2023-02-25', 6068),
(106, 86, '2023-11-21', 3820),
(107, 25, '2023-10-12', 2303),
(108, 97, '2024-04-10', 3729),
(109, 16, '2023-09-02', 2326),
(110, 60, '2023-09-05', 3718),
(111, 100, '2022-11-15', 8399),
(112, 66, '2024-09-03', 5137),
(113, 78, '2023-01-24', 3218),
(114, 69, '2023-12-22', 7646),
(115, 59, '2023-03-28', 2645),
(116, 37, '2023-03-19', 1512),
(117, 11, '2024-02-09', 6299),
(118, 87, '2023-02-12', 9785),
(119, 70, '2023-11-12', 8317),
(120, 71, '2024-01-24', 5342),
(121, 35, '2023-05-13', 8492),
(122, 71, '2023-10-08', 8249),
(123, 92, '2023-11-29', 8119),
(124, 50, '2024-03-14', 4521),
(125, 23, '2023-12-05', 7303),
(126, 71, '2024-04-06', 9067),
(127, 19, '2022-12-30', 8479),
(128, 49, '2023-03-04', 251),
(129, 42, '2024-03-14', 6159),
(130, 18, '2024-02-20', 6918),
(131, 78, '2023-02-22', 2307),
(132, 52, '2024-04-21', 5446),
(133, 79, '2023-02-14', 2031),
(134, 95, '2024-10-13', 204),
(135, 44, '2023-01-22', 8161),
(136, 62, '2023-06-09', 6685),
(137, 22, '2023-04-01', 9789),
(138, 20, '2024-08-28', 3501),
(139, 31, '2024-01-14', 3097),
(140, 48, '2023-07-07', 6590),
(141, 83, '2024-08-03', 5386),
(142, 64, '2022-11-30', 5369),
(143, 64, '2023-03-08', 4270),
(144, 33, '2022-11-03', 6518),
(145, 62, '2022-12-05', 5240),
(146, 22, '2024-04-15', 6845),
(147, 19, '2022-11-28', 5293),
(148, 45, '2023-03-14', 5804),
(149, 15, '2023-09-26', 8557),
(150, 13, '2023-07-15', 8782),
(151, 19, '2024-03-19', 8809),
(152, 84, '2024-03-10', 4895),
(153, 53, '2024-03-14', 2566),
(154, 39, '2023-07-22', 7836),
(155, 30, '2023-07-06', 6576),
(156, 47, '2023-01-28', 1899),
(157, 20, '2023-05-08', 7735),
(158, 31, '2023-12-17', 6287),
(159, 19, '2023-02-21', 7406),
(160, 62, '2023-08-11', 8693),
(161, 11, '2023-03-14', 8074),
(162, 14, '2023-04-15', 9054),
(163, 64, '2022-11-13', 1476),
(164, 31, '2023-09-02', 9040),
(165, 94, '2022-11-28', 7375),
(166, 35, '2023-05-08', 5725),
(167, 45, '2024-01-11', 7073),
(168, 75, '2023-07-02', 9073),
(169, 62, '2023-04-24', 422),
(170, 84, '2023-08-04', 7255),
(171, 5, '2024-02-18', 9577),
(172, 58, '2024-04-26', 9963),
(173, 57, '2023-03-22', 3791),
(174, 73, '2024-09-16', 630),
(175, 61, '2023-11-09', 3977),
(176, 48, '2024-07-25', 8971),
(177, 38, '2023-03-21', 9587),
(178, 33, '2024-07-28', 185),
(179, 37, '2023-10-01', 4222),
(180, 41, '2024-08-28', 1958),
(181, 43, '2024-09-05', 6891),
(182, 31, '2023-06-21', 3119),
(183, 83, '2023-05-24', 5855),
(184, 69, '2024-03-23', 8060),
(185, 53, '2023-07-24', 7016),
(186, 63, '2023-01-03', 748),
(187, 20, '2023-07-09', 7139),
(188, 87, '2024-01-11', 2108),
(189, 29, '2023-10-31', 4704),
(190, 19, '2024-10-18', 5330),
(191, 71, '2024-10-17', 1209),
(192, 84, '2024-06-12', 3050),
(193, 48, '2023-05-06', 4268),
(194, 23, '2022-12-16', 1721),
(195, 18, '2023-04-11', 263),
(196, 97, '2024-01-26', 55),
(197, 44, '2023-03-02', 6739),
(198, 37, '2024-06-01', 9662),
(199, 27, '2023-11-18', 7763),
(200, 30, '2023-03-10', 7875);

INSERT INTO OrderItems (order_id, product_id, quantity, price) VALUES
(3, 3, 936, 1394.14),
(72, 6, 5209, 1726.84),
(64, 8, 7000, 1908.14),
(184, 8, 9052, 1474.29),
(7, 7, 8237, 958.1),
(45, 10, 9845, 1480.25),
(107, 8, 9371, 641.1),
(135, 3, 1095, 474.51),
(158, 9, 3110, 1893.66),
(20, 6, 2032, 1355.69),
(131, 8, 4780, 541.27),
(163, 2, 6520, 1633.41),
(37, 9, 3037, 996.47),
(154, 8, 1905, 861.63),
(140, 6, 9992, 648.47),
(62, 6, 4450, 625.1),
(149, 2, 7017, 172.79),
(144, 3, 502, 1897.67),
(91, 7, 8442, 1515.41),
(28, 8, 1454, 1359.78),
(47, 6, 7355, 1935.52),
(80, 9, 3605, 1379.43),
(29, 8, 589, 837.41),
(172, 8, 7745, 1032.65),
(196, 7, 4043, 670.48),
(30, 1, 9481, 751.96),
(187, 3, 8511, 557.99),
(149, 3, 5059, 1139.91),
(63, 7, 8572, 61.41),
(71, 4, 62, 516.2),
(180, 2, 6628, 512.15),
(189, 7, 4400, 1995.78),
(97, 8, 558, 1721.08),
(57, 10, 6402, 1525.79),
(172, 6, 5545, 667.83),
(2, 8, 8910, 140.1),
(98, 8, 4502, 161.94),
(84, 6, 3476, 350.54),
(131, 4, 9898, 1514.58),
(140, 4, 490, 420.61),
(198, 10, 6140, 238.18),
(61, 6, 1474, 892.07),
(139, 4, 3034, 1498.17),
(5, 3, 8816, 260.03),
(114, 5, 412, 1576.4),
(141, 6, 5953, 797.79),
(153, 8, 3691, 1909.94),
(108, 2, 9428, 21.8),
(92, 10, 1149, 993.49),
(7, 6, 2801, 860.91),
(138, 5, 7851, 557.63),
(62, 5, 2244, 384.36),
(164, 4, 2505, 1337.33),
(35, 6, 4288, 1659.65),
(122, 4, 4119, 1255.44),
(59, 5, 1317, 1970.11),
(59, 8, 5839, 678.36),
(65, 8, 2529, 1842.86),
(47, 8, 7202, 1240.24),
(56, 3, 1745, 596.62),
(140, 1, 5220, 509.57),
(91, 5, 4091, 1695.82),
(20, 3, 9076, 411.33),
(28, 6, 4282, 253.66),
(153, 3, 4940, 714.01),
(134, 10, 3813, 537.77),
(122, 3, 4868, 1935.49),
(194, 3, 7329, 586.16),
(195, 3, 6867, 1479.77),
(8, 4, 8951, 549.7),
(165, 2, 6519, 1168.29),
(48, 6, 2307, 67.14),
(184, 5, 4985, 1950.45),
(168, 6, 8526, 1791.81),
(105, 1, 9666, 1801.43),
(153, 7, 936, 335.59),
(66, 5, 6856, 97.24),
(36, 1, 4956, 651.7),
(184, 1, 3851, 216.33),
(164, 6, 8010, 639.68),
(128, 8, 6469, 337.02),
(150, 2, 1366, 1464.89),
(18, 4, 6029, 1752.34),
(117, 8, 6893, 1367.22),
(174, 4, 3191, 72.1),
(198, 8, 7077, 812.15),
(174, 5, 9808, 1993.9),
(37, 2, 3218, 1647.44),
(67, 5, 2061, 1956.82),
(145, 4, 391, 414.38),
(182, 3, 7882, 1905.5),
(72, 9, 77, 205.79),
(94, 10, 6696, 1480.01),
(16, 7, 2836, 332.69),
(48, 10, 4095, 318.79),
(70, 1, 6865, 1620.25),
(136, 7, 243, 417.59),
(102, 5, 4073, 902.66),
(33, 3, 9719, 1018.17),
(141, 8, 1098, 869.73),
(139, 2, 5264, 1972.67),
(46, 2, 5161, 703.84),
(195, 9, 6251, 1115.34),
(52, 8, 7362, 1718.58),
(72, 4, 5948, 1363.46),
(105, 7, 5685, 1512.61),
(19, 1, 2464, 1112.93),
(93, 2, 2021, 773.24),
(65, 7, 8584, 1548.68),
(93, 3, 6555, 504.11),
(129, 1, 5267, 1368.67),
(142, 4, 5933, 436.63),
(41, 5, 1174, 972.3),
(2, 2, 1074, 356.52),
(150, 9, 1079, 785.73),
(15, 10, 6496, 1164.74),
(40, 3, 9258, 1914.37),
(42, 5, 5978, 1054.27),
(182, 8, 870, 1120.89),
(188, 10, 8821, 231.22),
(192, 1, 334, 1145.86),
(100, 8, 8161, 1176.21),
(41, 3, 113, 903.85),
(199, 3, 8119, 861.12),
(34, 9, 3003, 1631.59),
(136, 5, 8131, 1274.7),
(18, 6, 2842, 1699.79),
(110, 3, 6427, 180.1),
(43, 1, 6336, 182.24),
(146, 8, 7107, 800.68),
(171, 3, 2621, 1834.72),
(158, 7, 562, 390.39),
(189, 1, 6307, 486.66),
(140, 8, 3823, 562.79),
(33, 1, 9304, 67.33),
(121, 9, 9288, 1138.89),
(177, 3, 4342, 531.45),
(159, 2, 1163, 1709.47),
(25, 7, 7434, 465.35),
(63, 9, 5992, 294.71),
(118, 10, 1027, 1326.43),
(194, 2, 7037, 1304.38),
(147, 4, 135, 338.88),
(22, 6, 2707, 47.09),
(115, 5, 7105, 307.72),
(105, 8, 9237, 1124.31),
(63, 4, 4177, 854.63),
(57, 5, 6481, 912.8),
(81, 7, 4138, 1509.76),
(162, 10, 1197, 762.02),
(99, 6, 4298, 1865.1),
(81, 3, 4041, 1667.69),
(153, 6, 4123, 1283.87),
(78, 9, 2985, 447.35),
(103, 7, 7426, 1571.27),
(147, 9, 9038, 725.01),
(17, 1, 3198, 1800.19),
(114, 7, 4766, 1137.05),
(171, 10, 7211, 815.75),
(183, 1, 3082, 1607.73),
(126, 3, 8545, 207.54),
(12, 9, 3985, 243.99),
(68, 8, 7551, 1745.23),
(123, 3, 8897, 1755.08),
(2, 5, 8274, 715.17),
(75, 9, 7226, 610.4),
(181, 9, 5341, 1704.06),
(128, 6, 6882, 142.62),
(125, 9, 8926, 847.68),
(98, 3, 4160, 1669.74),
(33, 8, 8779, 397.61),
(175, 9, 2378, 499.03),
(183, 5, 5507, 1778.5),
(7, 4, 8021, 287.06),
(109, 6, 2045, 789.3),
(114, 3, 5608, 933.78),
(111, 2, 6265, 1943.51),
(39, 8, 9234, 1035.66),
(182, 5, 3263, 1256.47),
(132, 1, 3447, 1274.14),
(73, 5, 5707, 944.9),
(65, 10, 2700, 1329.42),
(8, 10, 2429, 1246.9),
(133, 8, 2948, 1880.93),
(12, 1, 9733, 716.16),
(36, 5, 3599, 1471.74),
(124, 2, 1713, 1275.67),
(66, 2, 9041, 141.86),
(178, 1, 7279, 1297.42),
(118, 7, 1612, 961.8),
(30, 8, 4939, 343.41),
(9, 7, 7054, 747.96),
(14, 1, 4225, 1663.35),
(102, 3, 8250, 356.02),
(134, 3, 6515, 208.24),
(101, 1, 8176, 600.68),
(193, 3, 3703, 1733.55),
(103, 10, 2030, 627.76),
(18, 10, 7962, 1422.97),
(10, 2, 695, 1328.58),
(69, 2, 7631, 1747.34),
(70, 2, 4075, 1847.83),
(62, 9, 803, 266.2),
(123, 10, 6566, 1551.18),
(86, 5, 7648, 786.67),
(88, 10, 1296, 1612.37),
(197, 10, 637, 589.68),
(18, 1, 4610, 147.79),
(45, 6, 8671, 1257.84),
(196, 4, 6074, 1859.2),
(128, 9, 2719, 687.58),
(39, 2, 8731, 621.85),
(114, 6, 3042, 1430.72),
(142, 10, 6641, 257.74),
(51, 1, 7603, 474.34),
(66, 3, 9974, 973.51),
(194, 8, 3711, 1242.92),
(85, 4, 6045, 837.55),
(160, 5, 9677, 399.26),
(101, 8, 8238, 1061.8),
(92, 8, 9541, 1915.03),
(177, 6, 5332, 1601.13),
(200, 1, 9979, 1663.59),
(42, 4, 2232, 1712.5),
(192, 6, 906, 1462.8),
(40, 1, 4986, 1949.57),
(200, 7, 5464, 1832.76),
(182, 6, 8952, 323.56),
(102, 2, 8303, 113.4),
(133, 7, 6467, 1289.01),
(151, 5, 9958, 872.7),
(9, 4, 855, 230.36),
(168, 4, 4285, 1365.21),
(160, 1, 678, 457.39),
(11, 1, 3381, 82.91),
(68, 7, 7431, 1697.01),
(148, 7, 9294, 430.94),
(135, 7, 6342, 479.77),
(35, 3, 8176, 768.32),
(18, 5, 4568, 672.99),
(94, 6, 7595, 808.51),
(81, 6, 5691, 408.87),
(74, 7, 9872, 1548.27),
(179, 2, 3885, 208.12),
(6, 5, 8044, 1342.36),
(27, 2, 9434, 935.25),
(101, 3, 68, 1660.11),
(120, 3, 1219, 550.89),
(39, 3, 2805, 806.39),
(49, 9, 3113, 1587.52),
(13, 9, 6546, 276.7),
(70, 9, 9421, 1130.71),
(194, 1, 7248, 1191.23),
(187, 9, 1564, 1170.19),
(52, 10, 3675, 771.65),
(125, 7, 5390, 1025.87),
(100, 1, 7869, 1669.88),
(182, 9, 2052, 1156.09),
(5, 10, 3854, 1953.04),
(22, 1, 4410, 1398.23),
(107, 2, 8811, 866.53),
(163, 3, 9379, 102.73),
(29, 1, 7416, 722.76),
(73, 8, 7369, 600.49),
(64, 1, 9358, 296.0),
(58, 8, 5656, 729.33),
(172, 5, 9515, 1643.33),
(10, 6, 9006, 1595.83),
(37, 10, 8734, 1591.84),
(82, 10, 9610, 839.58),
(179, 10, 4788, 511.96),
(197, 2, 5599, 639.75),
(152, 10, 596, 346.36),
(129, 10, 2553, 1695.37),
(66, 4, 8546, 862.51),
(79, 9, 227, 435.7),
(197, 8, 1178, 1715.82),
(58, 10, 3076, 1886.75),
(138, 7, 7421, 237.88),
(92, 5, 7402, 1146.65),
(21, 8, 8256, 352.79),
(89, 9, 2370, 1033.41),
(88, 1, 6959, 837.6),
(103, 9, 8405, 205.35),
(124, 5, 357, 1000.85),
(178, 6, 3409, 1206.96),
(192, 3, 9515, 491.08),
(137, 7, 7736, 1420.04),
(190, 1, 9901, 740.55),
(125, 4, 3560, 51.39),
(89, 1, 2083, 1980.77),
(191, 8, 7988, 1908.93),
(6, 2, 2371, 1901.59),
(123, 1, 5646, 1643.39),
(9, 2, 6328, 1559.92),
(165, 4, 741, 950.2),
(165, 10, 5444, 517.09),
(9, 5, 2391, 1133.13),
(78, 4, 7813, 92.0),
(116, 2, 7030, 829.31),
(55, 10, 3611, 842.48),
(80, 3, 8765, 1637.64),
(118, 2, 3014, 798.33),
(178, 3, 3474, 446.76),
(118, 8, 9319, 1218.37),
(135, 8, 9108, 844.18),
(95, 8, 4967, 531.58),
(185, 1, 522, 1543.81),
(98, 7, 5076, 1523.85),
(165, 3, 9091, 1195.07),
(49, 10, 6447, 91.77),
(84, 7, 4441, 1996.71),
(109, 3, 5092, 1826.93),
(87, 10, 3532, 686.18),
(46, 4, 5512, 1787.89),
(76, 9, 806, 402.96),
(135, 5, 1215, 121.85),
(114, 2, 2060, 357.11),
(83, 7, 9741, 1614.19),
(124, 4, 2360, 868.24),
(164, 8, 7733, 658.65),
(78, 2, 6302, 1595.59),
(54, 3, 7234, 1607.59),
(56, 5, 8789, 991.14),
(15, 1, 694, 1597.61),
(22, 10, 5049, 1727.7),
(50, 10, 500, 45.3),
(98, 10, 9175, 1780.56),
(101, 7, 2294, 980.2),
(56, 8, 357, 1494.58),
(189, 9, 6188, 1842.6),
(173, 8, 1717, 1630.52),
(2, 7, 6104, 1963.28),
(46, 10, 5798, 151.99),
(121, 8, 5170, 1938.94),
(191, 9, 6181, 1119.54),
(64, 9, 1992, 818.97),
(77, 9, 5190, 1000.1),
(8, 2, 3148, 1834.68),
(77, 10, 7453, 1503.24),
(7, 2, 6211, 862.23),
(33, 5, 2715, 1328.98),
(17, 3, 7403, 1110.36),
(122, 9, 9075, 656.61),
(162, 8, 290, 69.74),
(51, 5, 9712, 1009.75),
(191, 5, 4217, 634.78),
(176, 10, 9724, 1053.33),
(105, 10, 1050, 1563.02),
(7, 5, 4665, 680.63),
(60, 8, 9252, 33.81),
(153, 1, 8300, 264.53),
(191, 7, 7746, 1920.08),
(26, 9, 7752, 124.39),
(140, 9, 4072, 1121.18),
(183, 7, 8604, 852.23),
(64, 5, 8296, 1113.02),
(198, 6, 9937, 948.9),
(116, 7, 4203, 1750.19),
(171, 2, 8512, 1626.93),
(12, 8, 7432, 57.37),
(130, 10, 7759, 408.52),
(200, 10, 4493, 55.78),
(147, 6, 6229, 1283.72),
(88, 2, 880, 1853.97),
(113, 10, 2031, 238.05),
(151, 6, 1459, 1374.23),
(145, 7, 2198, 1387.07),
(151, 3, 9891, 1639.16),
(116, 8, 3484, 1981.29),
(19, 10, 6861, 1819.3),
(52, 9, 3080, 437.69),
(47, 9, 4461, 1119.76),
(157, 3, 1072, 164.1),
(25, 2, 3341, 1994.96),
(185, 5, 8850, 812.79),
(24, 1, 3771, 934.24),
(71, 3, 1075, 1766.07),
(128, 10, 7183, 872.41),
(142, 3, 7862, 1674.95),
(148, 8, 2089, 1782.13),
(111, 5, 6415, 195.48),
(60, 9, 4894, 499.77),
(9, 9, 3162, 1808.66),
(20, 1, 1617, 1073.48),
(54, 2, 1719, 135.98),
(80, 1, 2943, 1385.0),
(70, 4, 7520, 1788.88),
(4, 2, 2768, 341.64),
(33, 7, 6880, 1528.56),
(20, 8, 2777, 1865.84),
(96, 9, 1625, 91.34),
(102, 1, 1137, 492.49),
(154, 5, 4102, 1274.74),
(19, 6, 4039, 1340.0),
(15, 3, 86, 42.52),
(170, 6, 8362, 538.48),
(1, 4, 8310, 880.19),
(71, 10, 9724, 713.96),
(21, 3, 3312, 1497.71),
(135, 4, 533, 455.21),
(120, 2, 844, 1219.72),
(63, 10, 5063, 1428.95),
(166, 9, 7565, 1595.8),
(170, 9, 7909, 1002.8),
(80, 6, 886, 580.53),
(174, 2, 6276, 982.87),
(17, 5, 4759, 1066.65),
(159, 8, 410, 683.69),
(3, 1, 7511, 1086.82),
(74, 6, 8450, 1002.33),
(156, 8, 3563, 1500.66),
(56, 4, 6824, 1718.69),
(138, 9, 5310, 1794.73),
(106, 4, 9304, 506.2),
(177, 7, 2435, 1205.48),
(84, 5, 501, 1444.32),
(112, 10, 3647, 392.71),
(176, 3, 8945, 1941.54),
(138, 8, 7360, 302.6),
(94, 5, 5936, 1417.82),
(54, 4, 8882, 713.17),
(30, 7, 1311, 673.72),
(145, 10, 1318, 1875.01),
(44, 7, 2974, 850.06),
(118, 6, 8107, 83.37),
(170, 5, 7368, 1107.67),
(150, 10, 3995, 1782.56),
(114, 10, 8085, 853.88),
(14, 10, 822, 315.38),
(192, 5, 1177, 1900.43),
(71, 5, 367, 166.63),
(93, 5, 9037, 1576.31),
(67, 1, 5938, 1645.14),
(79, 2, 1831, 1763.88),
(81, 1, 261, 281.68),
(14, 7, 4798, 1317.55),
(72, 3, 2134, 1445.18),
(52, 7, 907, 1516.27),
(197, 5, 9026, 1671.24),
(44, 6, 3335, 714.14),
(16, 2, 3371, 130.56),
(190, 9, 5464, 1593.91),
(177, 8, 1922, 1268.08),
(143, 10, 4199, 1328.39),
(21, 6, 4708, 1260.66),
(48, 3, 3248, 740.34),
(55, 7, 9976, 175.4),
(48, 7, 479, 309.6),
(185, 4, 1672, 31.48),
(139, 9, 9068, 440.3),
(113, 4, 1165, 1814.97),
(104, 1, 1909, 582.33),
(58, 7, 6638, 537.53),
(15, 9, 7795, 366.06),
(128, 7, 6912, 1069.04),
(199, 7, 2772, 967.14),
(141, 9, 1707, 1109.18),
(66, 9, 1020, 1396.7),
(194, 9, 2296, 286.33),
(156, 7, 5415, 1218.64),
(125, 5, 7760, 701.49),
(36, 3, 4459, 915.34),
(6, 10, 1894, 273.48),
(194, 6, 3873, 1033.73),
(80, 8, 8772, 816.34),
(184, 10, 5308, 846.06),
(104, 5, 1374, 1750.75),
(115, 8, 3254, 1442.31),
(12, 2, 2297, 1366.62),
(163, 6, 9117, 683.66),
(124, 8, 7219, 769.71),
(106, 7, 9859, 1069.84),
(175, 8, 958, 1172.05),
(187, 6, 6151, 353.37),
(155, 3, 7641, 517.06),
(166, 10, 2746, 550.54),
(4, 8, 1394, 1116.93),
(43, 7, 968, 1559.09),
(89, 2, 5856, 855.93),
(46, 1, 354, 616.9),
(35, 2, 3254, 226.52),
(30, 9, 8138, 920.28),
(21, 2, 4659, 1614.13),
(104, 4, 6255, 1120.74),
(113, 2, 1407, 510.01),
(21, 7, 8392, 1464.3),
(85, 3, 1546, 1342.55),
(117, 3, 8677, 1957.92),
(58, 9, 2884, 1564.27),
(139, 8, 9725, 679.62),
(8, 6, 375, 1150.19),
(135, 9, 1323, 1316.86),
(157, 4, 9887, 1339.46),
(90, 8, 5861, 1960.94),
(165, 9, 8883, 163.19),
(75, 8, 6578, 1421.69),
(9, 10, 9153, 270.5),
(108, 7, 298, 1025.55),
(38, 3, 4848, 974.68);

INSERT INTO Suppliers (supplier_id, supplier_name, contact_name, contact_email) VALUES
(1, 'ElectroGoods', 'Aaron Roberts', 'sarah79@example.net'),
(2, 'DeviceHub', 'David Boone', 'bishopmark@example.net'),
(3, 'GadgetSupply', 'Kenneth Hensley', 'chelsea41@example.com'),
(4, 'AccessoryWorld', 'Tammie Thompson', 'april20@example.com'),
(5, 'TechCorp', 'Donna Gonzales', 'tevans@example.com');

INSERT INTO ProductSuppliers (product_id, supplier_id, supply_price) VALUES
(10, 5, 263.08),
(5, 3, 52.23),
(8, 3, 771.59),
(9, 1, 17.59),
(2, 5, 229.23),
(3, 5, 636.57),
(7, 3, 523.17),
(1, 5, 337.81),
(1, 2, 877.44),
(10, 1, 872.44),
(6, 2, 954.04),
(5, 2, 268.74),
(8, 4, 507.91),
(8, 5, 967.4),
(3, 4, 819.32),
(2, 2, 883.26),
(10, 2, 473.94),
(7, 4, 202.89),
(4, 2, 788.43),
(8, 2, 520.91),
(4, 3, 785.95),
(6, 1, 689.95),
(1, 1, 212.69),
(7, 5, 929.37),
(10, 4, 477.6),
(9, 3, 921.3),
(3, 1, 491.45),
(6, 3, 90.09),
(9, 5, 861.01),
(2, 1, 398.07);