INSERT INTO Authors (author_id, sex, first_name, last_name, birth_date) VALUES
(1, 'F', 'Lorraine', 'Santiago', '1972-06-29'),
(2, 'M', 'Nichole', 'Hernandez', '1985-12-21'),
(3, 'M', 'Mariah', 'Guzman', '1976-10-02'),
(4, 'M', 'Andrea', 'Mitchell', '1936-06-22'),
(5, 'F', 'Miguel', 'Trevino', '1933-11-03'),
(6, 'F', 'Jessica', 'Rogers', '1979-03-23'),
(7, 'F', 'Cheryl', 'Andrade', '1968-01-10'),
(8, 'M', 'Jenna', 'Medina', '1999-06-05'),
(9, 'M', 'Kevin', 'Kim', '1954-09-23'),
(10, 'M', 'Anthony', 'Quinn', '1965-09-28'),
(11, 'M', 'Troy', 'Ward', '2002-11-14'),
(12, 'M', 'Miguel', 'Richards', '1949-07-14'),
(13, 'M', 'Crystal', 'Price', '1943-11-02'),
(14, 'F', 'Michael', 'Vasquez', '1940-03-13'),
(15, 'M', 'Kelly', 'Mueller', '1965-08-02'),
(16, 'M', 'Timothy', 'Black', '1951-07-15'),
(17, 'F', 'Alyssa', 'Flores', '1961-05-16'),
(18, 'M', 'Leslie', 'Wade', '2006-04-17'),
(19, 'F', 'Brooke', 'Williams', '1972-04-25'),
(20, 'F', 'Ronald', 'Montes', '1971-04-29'),
(21, 'F', 'Katherine', 'Sullivan', '1996-06-08'),
(22, 'F', 'Sean', 'Smith', '1983-01-12'),
(23, 'F', 'Edward', 'Wilson', '1981-01-15'),
(24, 'F', 'David', 'Gibson', '1939-02-27'),
(25, 'M', 'Wendy', 'Hayes', '1974-04-12'),
(26, 'F', 'Michael', 'Gutierrez', '1988-09-14'),
(27, 'M', 'Jeffery', 'Sanders', '1950-07-31'),
(28, 'F', 'Michael', 'Rodriguez', '1935-09-17'),
(29, 'M', 'Stephanie', 'Wood', '2002-08-19'),
(30, 'M', 'Arthur', 'Fowler', '1963-05-29'),
(31, 'M', 'Jeffrey', 'Farley', '2003-10-23'),
(32, 'F', 'Judy', 'Lindsey', '1982-02-11'),
(33, 'M', 'Kristin', 'Garner', '1990-07-10'),
(34, 'M', 'Brandon', 'Brady', '1989-06-27'),
(35, 'F', 'Christopher', 'Peterson', '2005-07-07'),
(36, 'F', 'Martin', 'Lawrence', '1958-12-11'),
(37, 'F', 'Anthony', 'Moss', '1987-04-04'),
(38, 'M', 'Colin', 'Wood', '1974-02-26'),
(39, 'F', 'David', 'Pratt', '2006-01-05'),
(40, 'F', 'Zachary', 'Miller', '1934-11-08'),
(41, 'M', 'Jamie', 'Roach', '1962-04-26'),
(42, 'M', 'Christine', 'Nelson', '1953-03-26'),
(43, 'F', 'Jillian', 'Fuller', '1991-04-06'),
(44, 'F', 'Frank', 'Phillips', '1992-10-11'),
(45, 'F', 'Christina', 'Villanueva', '1994-03-20'),
(46, 'M', 'Michelle', 'Hooper', '1989-07-04'),
(47, 'F', 'Richard', 'Howard', '1990-09-27'),
(48, 'F', 'Richard', 'Martinez', '1933-11-27'),
(49, 'M', 'Alyssa', 'Kim', '2004-09-04'),
(50, 'M', 'Melinda', 'White', '1963-11-11'),
(51, 'M', 'Kelly', 'Gonzalez', '1995-07-30'),
(52, 'M', 'Aaron', 'Wilkins', '1945-11-13'),
(53, 'M', 'Gina', 'Richardson', '1955-03-13'),
(54, 'M', 'Nancy', 'Rogers', '1958-03-15'),
(55, 'M', 'Stephanie', 'Mccarthy', '1983-05-05'),
(56, 'F', 'Amanda', 'Mack', '1957-09-01'),
(57, 'M', 'Kelly', 'Nguyen', '1936-12-10'),
(58, 'M', 'Kimberly', 'Davis', '1936-02-06'),
(59, 'F', 'Elizabeth', 'Hernandez', '1954-01-14'),
(60, 'F', 'Jenna', 'Perkins', '1970-03-20'),
(61, 'F', 'Judy', 'Howard', '1959-04-19'),
(62, 'M', 'Michelle', 'Williams', '1947-08-08'),
(63, 'F', 'Drew', 'Atkins', '1961-06-29'),
(64, 'F', 'Kimberly', 'Lucas', '1963-05-05'),
(65, 'M', 'Kylie', 'Montoya', '1986-04-24'),
(66, 'M', 'Richard', 'Jackson', '1937-02-19'),
(67, 'F', 'Justin', 'Hawkins', '1941-02-11'),
(68, 'M', 'Sheri', 'Hernandez', '1970-12-07'),
(69, 'F', 'Kyle', 'Chavez', '1995-01-26'),
(70, 'M', 'Brett', 'Short', '1995-11-29'),
(71, 'M', 'Kathryn', 'Green', '2004-06-13'),
(72, 'F', 'Jonathon', 'Turner', '1947-03-15'),
(73, 'F', 'Kelly', 'Myers', '1954-06-07'),
(74, 'F', 'Julia', 'Hill', '1945-11-16'),
(75, 'M', 'Melinda', 'Taylor', '1958-10-18'),
(76, 'M', 'James', 'Santos', '1939-04-25'),
(77, 'M', 'Michael', 'Wells', '1980-07-27'),
(78, 'M', 'Jeffrey', 'Henderson', '1974-10-24'),
(79, 'M', 'Erin', 'Mclaughlin', '1995-12-12'),
(80, 'M', 'Cassidy', 'Lynch', '1974-03-12'),
(81, 'M', 'James', 'Gonzalez', '1950-06-01'),
(82, 'M', 'Mary', 'Guerrero', '1947-10-20'),
(83, 'M', 'Barbara', 'Smith', '1966-01-05'),
(84, 'F', 'Michael', 'Rowland', '2003-08-04'),
(85, 'F', 'Devon', 'Douglas', '1982-12-15'),
(86, 'M', 'Patrick', 'White', '1958-10-01'),
(87, 'F', 'Sarah', 'Kim', '1981-03-01'),
(88, 'F', 'Lynn', 'Kelley', '1993-07-16'),
(89, 'F', 'Janet', 'Mitchell', '1973-09-07'),
(90, 'F', 'Joshua', 'Nichols', '1996-05-05'),
(91, 'F', 'Brandon', 'Lee', '1994-06-01'),
(92, 'M', 'Sean', 'Miller', '2006-08-13'),
(93, 'M', 'Bradley', 'Stone', '1939-10-12'),
(94, 'F', 'Christopher', 'Vincent', '1957-03-20'),
(95, 'M', 'Kathy', 'Jefferson', '1966-04-01'),
(96, 'M', 'Deanna', 'Thompson', '1935-06-30'),
(97, 'F', 'Kayla', 'Love', '2001-03-01'),
(98, 'F', 'Willie', 'Ellis', '1943-07-24'),
(99, 'M', 'Bruce', 'Henry', '1967-08-08'),
(100, 'F', 'Madison', 'Hoffman', '2000-10-27');

INSERT INTO Categories (category_id, category_name) VALUES
(1, 'Poetry'),
(2, 'Non-fiction'),
(3, 'Fantasy'),
(4, 'Mystery'),
(5, 'History'),
(6, 'Biography'),
(7, 'Horror'),
(8, 'Fiction'),
(9, 'Romance'),
(10, 'Science');

INSERT INTO Books (book_id, title, isbn, author_id, publication_year, category_id, penalty_rate) VALUES
(1, 'For someone foot on. First section significant among themselves. Carry situation others approach.', '8785399316054', 53, 1963, 8, 465.69),
(2, 'Modern agree positive skill tax could.
Mean give draw so teach film mind.', '1735657579315', 45, 1978, 5, 647.85),
(3, 'Firm skill prepare behind unit. Near land reduce nearly data onto.', '0452257957007', 84, 1991, 5, 370.93),
(4, 'Marriage give fact home condition. Occur total campaign president contain.', '1215289611343', 46, 2006, 6, 976.96),
(5, 'Local hard gun nation of friend. Although measure region. Pressure million black dark.', '5678490952637', 27, 2023, 8, 468.18),
(6, 'Your maintain song place behavior. History same home fund radio sort tax.', '9525974953755', 88, 2009, 5, 5.86),
(7, 'Although safe past crime despite. Agent approach later. Top agent reflect final.', '0471034094819', 21, 1962, 4, 247.76),
(8, 'Black play if foot wish southern standard. Beautiful difficult break size source.', '6031509660068', 4, 1926, 6, 296.42),
(9, 'Design education instead fight. Few last international my visit. Wall along himself meeting.', '9853297722931', 74, 1907, 7, 433.51),
(10, 'Risk agreement general identify must decade ball. Certain challenge body pick wrong call race next.', '1760617353083', 74, 1983, 9, 445.77),
(11, 'Not general increase particular pattern. Both or do. Own finish speak still suddenly.', '1643474682708', 41, 1910, 9, 759.78),
(12, 'Week decide special model law six. Order various put radio buy important within.', '9908395300848', 93, 1902, 4, 239.75),
(13, 'Build win property mother clear drive per. Can always with produce bed western.', '4273146731916', 89, 2014, 3, 303.95),
(14, 'Movie mother four task require. Require see talk everybody respond.', '3370282137057', 68, 2007, 9, 270.45),
(15, 'Learn raise image eye shoulder meeting that. Thank cultural worker oil analysis edge feeling most.', '3276603538699', 97, 1978, 8, 722.43),
(16, 'Ok five sort law crime wind. Our wide too. Garden government someone five key lot.', '5613439811831', 89, 1941, 5, 367.72),
(17, 'Wide image specific any evidence above. Among chair debate into room worry indicate.', '4225205251806', 16, 1920, 2, 529.32),
(18, 'Onto example couple senior your throw. Reason who argue camera during.', '4120856103493', 34, 1973, 2, 61.48),
(19, 'Player air watch together page better. Admit care moment time administration red approach owner.', '4548353938201', 28, 1923, 6, 591.08),
(20, 'Become sport firm term popular water.', '6196519427542', 22, 2020, 4, 958.61),
(21, 'Name quite necessary but car. Then else represent figure start.
Save look measure tree.', '5104232061673', 49, 1983, 5, 571.28),
(22, 'Environment agency sit cover.', '7408494042023', 86, 1918, 1, 158.59),
(23, 'Court over up up race.
Practice action yes shoulder full personal hour. Million foot walk.', '2282883535968', 41, 1906, 9, 475.55),
(24, 'Discover down teach ball both fight grow. Finally anything data compare.', '9173702722090', 71, 1938, 5, 75.8),
(25, 'Physical eat break series realize voice. Blue happy car establish.', '9973163694249', 46, 1974, 4, 104.36),
(26, 'Cost memory from. Over very option. Cause old popular together.', '2457440703616', 1, 1922, 4, 194.33),
(27, 'Owner fall finish. Go live popular.', '6251220173269', 82, 1904, 7, 642.33),
(28, 'Mouth last summer laugh point there. Wife yourself manager tell soldier forward window six.', '7029561068332', 61, 1983, 5, 831.6),
(29, 'However right guy toward approach enter. Collection indicate movement near budget doctor son whole.', '2918312089345', 16, 1928, 10, 111.91),
(30, 'Our someone interesting but. Country vote compare window. Perform style show operation fast.', '3247058758931', 1, 1948, 1, 975.85),
(31, 'Far choose force scene under. Play American dark still training create.', '7279638730114', 67, 1915, 8, 934.05),
(32, 'Her pass remember level in gas. Value itself memory investment their night various.', '1735191692351', 46, 2020, 2, 989.67),
(33, 'Every blue these let. Executive deep fall million within financial.', '8749568343037', 2, 1910, 8, 162.89),
(34, 'Start product hand high. Seven development most baby.', '8175035665496', 98, 2015, 2, 5.83),
(35, 'Hold summer subject series always line. Important threat best.
Cut term thus seem particularly you.', '8713271925963', 18, 1934, 7, 994.81),
(36, 'Off suffer live type.', '3097803233719', 61, 1997, 8, 779.32),
(37, 'Feeling room us laugh.', '1373860107952', 56, 1911, 10, 864.22),
(38, 'Congress yeah question either sister ability. Agent base question color keep.', '3242299608608', 62, 1914, 3, 509.25),
(39, 'Not glass animal point spring.', '9222678721022', 41, 1985, 4, 570.12),
(40, 'Already region message how each summer become. As watch development.', '0980643341574', 80, 1998, 9, 834.29),
(41, 'Modern detail manage great ahead require. Suffer perform best reflect. Arrive trial then.', '5500372923048', 11, 1945, 3, 198.28),
(42, 'College his three field fund. This reveal science begin between foot international.', '4461196688702', 97, 1924, 2, 425.49),
(43, 'Reduce others development. Different act those decide effort.', '4524126802219', 75, 1998, 7, 541.25),
(44, 'If girl from under I. Writer side girl couple suffer. North new subject such.
Sign wife however.', '2138157839042', 80, 1912, 5, 331.44),
(45, 'Trouble protect people. Enter itself analysis institution.', '2244310685336', 67, 2008, 9, 321.25),
(46, 'Travel strategy figure relationship side human. Return accept agency.', '1727880212733', 91, 1933, 4, 25.31),
(47, 'Note very region side think personal. Chair quality drop Congress local final bit.', '8792367822194', 88, 1955, 1, 978.96),
(48, 'Type study despite research since.', '7636881086908', 92, 1997, 4, 461.26),
(49, 'Provide build door letter. Agreement only manager wrong worker he. Democrat that effect.', '3210266008559', 57, 2003, 10, 979.53),
(50, 'Difference police dog value. Act hour sea development production decade.', '0272630461372', 98, 1939, 8, 529.85),
(51, 'Picture young beyond. Their catch tough cultural bar old doctor. Area military sort fish.', '7247424263525', 36, 1973, 9, 132.33),
(52, 'See deep everyone while investment community as.', '0020809002231', 84, 1964, 8, 997.96),
(53, 'It back college life. Left do main role imagine move something.', '2094356873987', 67, 1959, 4, 168.54),
(54, 'Important unit course up none assume. Yeah consumer more two rule.', '7701954751835', 39, 1915, 1, 812.32),
(55, 'Money from without glass.', '5086797383202', 19, 1951, 5, 513.5),
(56, 'History officer amount. Start great exist from.', '1645448867062', 6, 1913, 2, 878.3),
(57, 'Up player ready. Bar size way record recognize their. Traditional pull billion not market.', '1617018613986', 76, 2023, 3, 197.87),
(58, 'Onto reason value stuff. Be check happy large president left.', '8270951911820', 41, 1983, 4, 466.77),
(59, 'Food yard these age. Hand operation main part put. Pretty early eat ago.', '0390043912958', 37, 1986, 10, 618.98),
(60, 'Computer in other friend two. Quickly goal oil effort.', '2173115590677', 96, 1904, 4, 625.96),
(61, 'Too government cause. Record piece actually answer cause air.', '5472149816173', 29, 1935, 6, 641.59),
(62, 'Claim where fund accept. Less sit institution PM.', '4172409142940', 41, 2009, 3, 61.46),
(63, 'Bit number represent song position front reach. Pressure lay player attention finish hour.', '1348425879399', 80, 1994, 5, 686.04),
(64, 'Break begin network enough. Year century play area indicate study return. Save third most or.', '7099998749704', 74, 1907, 3, 408.43),
(65, 'Wind field offer long grow fish. Senior seat law although probably. Cold kitchen market.', '1143820748530', 68, 1995, 8, 557.35),
(66, 'Nearly likely its. Keep task garden similar certainly spring.
Deep begin pressure when.', '5018116864698', 83, 1919, 5, 738.42),
(67, 'Bag least cup.', '8464783822039', 84, 2013, 1, 914.76),
(68, 'Along carry daughter table manage. Skin ago believe present point kind sometimes science.', '1852090534399', 9, 2014, 8, 402.68),
(69, 'Thousand finish cut again board.', '2333842429703', 65, 1988, 2, 654.49),
(70, 'Help moment research success cost choice. Magazine special popular foot simple than.', '1815245904481', 9, 1947, 8, 790.58),
(71, 'Sing down hit Mrs each new. Form state green cover all. Pass road hard great carry rich.', '8097955032049', 37, 2012, 10, 28.04),
(72, 'Skin win discuss floor seem program. Thing church fight law foot real.', '0504634345690', 64, 1991, 2, 209.45),
(73, 'Live expect yard century amount buy. Edge reach professor. War performance imagine mother identify.', '9413088826114', 37, 1925, 2, 279.24),
(74, 'Might food plant general small hair major. Idea star American write.', '4626551198880', 6, 1917, 2, 734.62),
(75, 'Ball meet rate painting book team. Do strategy pretty door his ago.', '0362506459679', 10, 2007, 4, 765.57),
(76, 'Participant growth sometimes. Claim practice book first media reveal civil pattern.', '2530747571141', 31, 2015, 4, 908.62),
(77, 'Writer table include. Risk choose explain level. Finish crime difference.', '8502039988437', 75, 1913, 1, 391.93),
(78, 'Current the school physical.', '6512139142275', 69, 2009, 2, 885.51),
(79, 'Hold hand woman few. Less door role push live. Nothing organization friend every design so movie.', '8868702894368', 6, 1968, 5, 632.32),
(80, 'Resource business least standard. Baby sport leader civil fine.', '3887041849958', 67, 1975, 9, 304.32),
(81, 'Full very movie over positive paper.
Decade time now itself.', '2124740066920', 65, 1911, 1, 286.51),
(82, 'Personal most particular popular. Raise strategy white usually. Take political service.', '7640475537437', 89, 1943, 2, 804.69),
(83, 'Point law wear your enough account without create. Rock certain public religious.', '7151647482074', 16, 1965, 4, 580.9),
(84, 'Often sure civil drug only. Community table keep. Him reason garden ready free full seat.', '6213574519380', 62, 1953, 2, 772.86),
(85, 'City top present manager cut require kid. Deal same anything computer. All instead which four.', '9708018262137', 87, 1989, 2, 540.32),
(86, 'Ask have condition five work animal. Technology design send clearly.', '7425081478256', 8, 1913, 10, 813.74),
(87, 'Town art onto it international tonight.', '8426884929423', 75, 1903, 7, 872.71),
(88, 'System TV fact reveal. Moment occur send. Degree I Congress challenge money.', '6058183640991', 87, 1956, 7, 56.63),
(89, 'Else year long article mother year.
History fast from recently special trouble five.', '4780341217055', 57, 2024, 10, 579.36),
(90, 'Natural science exactly no. Camera score around fight. Visit speak operation social help move.', '4314116052419', 97, 1964, 7, 921.61),
(91, 'Everyone third middle suddenly. Talk whatever new far just water receive. Foot voice party five.', '7431366492917', 17, 1939, 8, 36.13),
(92, 'Never from market Mrs. Interest necessary high.', '3959653424995', 72, 1966, 1, 833.46),
(93, 'Partner energy growth. Yeah who natural. Already push follow.', '0474614983744', 53, 1938, 7, 211.86),
(94, 'Science easy friend. Southern focus policy whose. Would accept serious cover language.', '0930267843741', 75, 1961, 5, 258.29),
(95, 'Lot husband point girl idea son admit. Develop human he debate election.', '5083901051764', 71, 1948, 6, 52.11),
(96, 'True discuss commercial through. Serious sound always Congress yet. Spring agree design.', '8877772440103', 50, 1944, 8, 110.2),
(97, 'Sense service firm then. Age citizen see.
Movement firm market cold yourself charge possible.', '0645747627449', 91, 1927, 1, 821.99),
(98, 'Her analysis their various sing ahead those. Subject executive husband shoulder.', '0548951078820', 28, 1931, 7, 81.33),
(99, 'Compare thought goal degree group good. Region appear book green model who Republican.', '8131819297332', 51, 1925, 5, 120.21),
(100, 'Someone decision condition likely. Join building themselves food me.', '0032970334871', 63, 1999, 3, 976.65),
(101, 'Involve or all guess. Role market fly protect effort.', '2516272431205', 65, 2020, 1, 330.04),
(102, 'Great interest outside value our billion care. Authority white often somebody occur.', '6630644930300', 48, 1905, 6, 10.46),
(103, 'Performance election remain box. Provide your special. Me pretty investment too.', '4667629541418', 26, 1985, 7, 744.0),
(104, 'Write land record summer successful figure either. Low form American part. Share rule memory go.', '9214080067269', 87, 1979, 8, 265.42),
(105, 'Short pick wife seat radio.', '2306029960658', 76, 1989, 3, 188.49),
(106, 'Avoid generation should main ready. Own whom old during finally official nearly.', '7705910382886', 41, 1907, 4, 856.55),
(107, 'Save machine soon hundred hospital question.', '1326081800338', 37, 1963, 5, 199.07),
(108, 'Edge myself figure marriage.', '3799602638497', 74, 1929, 2, 85.32),
(109, 'Spend production hand write. Mind bill once best. Society talk analysis drive citizen nor skin Mr.', '3363092473975', 94, 1978, 8, 957.81),
(110, 'Issue professor but fill daughter.', '9905926024465', 68, 1904, 1, 754.03),
(111, 'Year heavy our speak section. Write lot administration.', '7621972610743', 28, 1961, 6, 209.34),
(112, 'Employee late special parent movement ball whether build. Meet record next somebody speak piece.', '4093857425530', 69, 2014, 7, 63.75),
(113, 'President worker bill Mr. Him treatment edge thousand director among number.', '0663943584829', 100, 2024, 6, 203.27),
(114, 'Dinner newspaper other might begin guess thousand bed. With magazine tell each.', '8610568133983', 67, 1901, 2, 538.14),
(115, 'Agent break pull care. Detail situation onto range my prove some.', '5901273952041', 32, 1974, 10, 23.48),
(116, 'Soldier animal color participant position effort growth. Low customer day from exactly yes may.', '5520296071048', 17, 1985, 3, 646.29),
(117, 'Study his news media decision thank. Sort themselves Congress wall push.', '5916880308714', 89, 1946, 8, 778.32),
(118, 'Save build for. Long several resource those.', '3481113895704', 17, 1926, 6, 768.6),
(119, 'Toward see different join Mr. Describe responsibility field rich central owner.', '9518901813299', 37, 1926, 3, 624.66),
(120, 'Finally summer age agreement black amount. Reveal evidence room star.', '4587840556443', 40, 1994, 5, 11.28),
(121, 'Visit decision green heart answer. Current attorney maintain keep answer measure culture.', '1595288384982', 89, 2009, 4, 697.79),
(122, 'Agent already identify. Face tree answer minute. Mean receive need heart form green cover nature.', '9918350412282', 67, 1945, 8, 251.66),
(123, 'Apply quickly support film. Five actually sit form. Either picture note themselves.', '1098847557845', 27, 1999, 8, 118.39),
(124, 'Anything night southern miss successful care. Billion buy every talk pick throw action.', '5355791726189', 7, 2001, 6, 322.2),
(125, 'Age company enjoy follow arm machine state. Wind reality bring.', '6627219687151', 16, 2010, 5, 180.13),
(126, 'Car social federal. Meet tax local two word my too.', '2837231302375', 53, 2016, 3, 847.49),
(127, 'Speak sense president general whole society. Group might ago policy responsibility including.', '5396597642011', 38, 1989, 8, 313.21),
(128, 'Still indeed foot responsibility deal ready. Yard bed college my interview.', '3876579764816', 98, 2002, 3, 803.14),
(129, 'Edge cut no. Republican stay director space radio. Indicate knowledge beautiful successful.', '6149883447449', 20, 1919, 3, 282.13),
(130, 'East also career would certainly appear.', '9785776361766', 81, 1986, 10, 148.66),
(131, 'Among so you produce everybody race Mr. Me business yes car can sense sister.', '4511212532970', 42, 1988, 10, 755.47),
(132, 'Rise everybody may. Cut hear president his data tough affect.', '9393520659633', 4, 1956, 10, 703.03),
(133, 'Writer operation yeah system. Yourself thousand also middle.', '5602133655506', 26, 1988, 5, 511.37),
(134, 'Third choose enjoy all keep past popular. Look from chance father company. Military trip hope.', '7349875825187', 1, 1962, 5, 171.35),
(135, 'Tend season already Congress everyone woman modern feeling.', '8589704270865', 84, 1956, 10, 270.37),
(136, 'Significant real provide. Raise develop mission receive opportunity add read interest.', '5835172158576', 49, 2015, 8, 967.1),
(137, 'Minute value firm total maybe case street. Order work everybody official control yet particular.', '7998935898155', 65, 1934, 8, 356.33),
(138, 'Unit hot television provide. Hope despite fine include yeah just college.', '6355658300682', 91, 2023, 7, 557.71),
(139, 'Spend call analysis seven task.
Study center role recently address. Store course prepare.', '3203815819825', 12, 1926, 7, 373.77),
(140, 'Prepare oil kind what. Add pretty operation once interesting.', '6452279733442', 44, 1951, 2, 836.73),
(141, 'Evening throughout serious character. Way painting process. After analysis bed tough century.', '4562602972916', 93, 2010, 5, 831.81),
(142, 'Seek week itself actually. Send mother must per tend. Long cultural close attorney.', '2402383806677', 29, 1926, 1, 275.3),
(143, 'Institution onto doctor home contain join after. Girl least they total room practice sure.', '1897629386622', 92, 2019, 3, 713.41),
(144, 'Property policy week. Former interesting forward movement. Here movie ask hot fill.', '7999303231599', 38, 1903, 9, 152.51),
(145, 'Trouble election establish one. Pay stay again prepare. Practice lawyer my pressure realize.', '2515827397413', 52, 1907, 2, 152.61),
(146, 'Sure person offer involve realize do.', '4659595884966', 100, 1998, 5, 12.03),
(147, 'Anything value of continue worker edge. Report exactly feel to show. Skill them green middle.', '3148515533602', 36, 1901, 6, 891.29),
(148, 'Good though boy these risk feeling tough rate. Order already into up color.', '2530513265965', 25, 1986, 5, 452.47),
(149, 'Heavy coach discover subject. Through opportunity public.', '3925558074276', 50, 1996, 3, 456.06),
(150, 'Final degree poor important own both arrive.', '5954041318003', 40, 1973, 6, 773.71),
(151, 'Them yet same approach study guess least. To poor record prove hand represent foreign.', '8747469185834', 33, 1949, 3, 959.14),
(152, 'Sometimes situation PM far. Plant door send sport.
Place impact recent our ability sort both.', '3189037600834', 3, 1983, 5, 910.93),
(153, 'Moment so end thank most.
Brother just term because show purpose. Painting base of price at accept.', '8009087204127', 23, 1947, 2, 787.17),
(154, 'Among this focus deal address design music. Time occur money probably.', '3088798469551', 71, 1963, 9, 563.11),
(155, 'Strategy us meeting move red. Lead local accept check claim hit of. Check data station well.', '2153554904278', 89, 1923, 5, 438.1),
(156, 'Sing itself experience specific medical hotel size father. Respond start budget both property wear.', '5464305887272', 14, 1948, 7, 292.06),
(157, 'Claim message reach method. Recent concern movement.', '3541412106209', 57, 1921, 5, 949.12),
(158, 'Painting report month. Thank east full chance reason sound.', '4087256310611', 72, 1909, 8, 970.77),
(159, 'Poor week crime wind.', '1475141175686', 75, 1900, 5, 22.09),
(160, 'From explain change head. History agent life interest.', '3777844974074', 44, 2008, 7, 203.19),
(161, 'Mention song leave ten.', '6281915768570', 48, 1947, 6, 302.7),
(162, 'Son star kind behavior management deep. Perform vote rather environmental.', '9553256336968', 66, 1931, 5, 681.21),
(163, 'Control purpose much feeling year as. Certainly card both certain much summer evening.', '3496207424957', 72, 2009, 7, 350.21),
(164, 'Lawyer coach reach much. Him manage window idea environmental instead.', '9745853422813', 74, 1997, 5, 273.54),
(165, 'Purpose send cost. Responsibility water until activity early. Culture out leg interview camera.', '9727349018410', 89, 1981, 5, 0.14),
(166, 'Since together statement reach kind open make executive. Pay while just enter.', '0690160370984', 76, 1942, 4, 365.98),
(167, 'Pass any know scene. Face for paper big perform. Professor help history eight explain science.', '4274551759544', 58, 1915, 2, 55.0),
(168, 'Measure easy church result eye pay.', '0871630014865', 6, 1907, 8, 850.4),
(169, 'Over eye rather mother enough. Debate bad consider.', '0335169675725', 4, 1927, 3, 968.16),
(170, 'News view similar evening there. Head particularly experience her.', '4904989289708', 54, 1968, 7, 873.39),
(171, 'Style small official season send price. Threat design this manage.', '9219637131615', 6, 1909, 7, 564.06),
(172, 'Only our both. Rock manage something manager there expect.', '4655622919521', 78, 1927, 9, 315.92),
(173, 'Their listen leave make. And expert each challenge attack there.', '3603701864129', 59, 1916, 1, 686.16),
(174, 'Imagine next meet international production. If election civil.', '6580273671926', 53, 1966, 2, 224.25),
(175, 'Really history administration back. Boy enter pretty suddenly fine top. Dog detail couple.', '0918182683961', 1, 1959, 8, 273.51),
(176, 'Eye program along these. West build life cause figure make soldier on.', '4923715809120', 74, 1977, 5, 639.29),
(177, 'Have future your start. Condition explain generation possible.', '7449755882940', 11, 1922, 3, 677.42),
(178, 'Develop night deep usually into finally. Week total life well society.', '7582314395973', 81, 1977, 7, 315.56),
(179, 'Someone it young fly administration may ask kid.', '0564208779528', 14, 1986, 4, 731.18),
(180, 'Can culture land pull. Ago mean child impact now fast.', '4435664144048', 29, 1946, 5, 633.82),
(181, 'Game letter marriage. Out idea heavy security central similar.', '2001812209948', 74, 1959, 7, 534.98),
(182, 'Yet up occur general. Laugh realize but. Turn theory parent hospital.', '9629892178836', 7, 1941, 2, 861.08),
(183, 'Song reason mouth culture. Be world half.', '9729094214325', 99, 1963, 4, 824.64),
(184, 'Discussion responsibility company try. Adult adult answer Republican six soldier.', '0180668238833', 64, 1945, 3, 890.97),
(185, 'Rest service and force yeah.', '5743915272844', 94, 1998, 6, 140.59),
(186, 'Because back size high. Or with tough. But easy beat lot maintain recent.', '1139910144289', 37, 1996, 9, 400.82),
(187, 'Seven matter boy we amount full act in.', '1195054868847', 17, 1995, 10, 163.46),
(188, 'Conference result before hair voice upon. Charge various nothing player. Others add simple.', '9462635484162', 69, 1976, 2, 837.88),
(189, 'Enter thus there such analysis rather indicate. Five per society hot last commercial.', '5543492378451', 10, 1996, 9, 42.86),
(190, 'Possible base far energy. Treatment especially defense camera continue. Risk institution smile.', '3904855464354', 34, 2003, 7, 604.6),
(191, 'Forget major right though. All any there.
Sea theory consider economic policy.', '2820951083882', 21, 1985, 8, 284.51),
(192, 'Beat hand agency. Time visit American close Congress. Among middle a career.', '2737506866869', 65, 1925, 3, 469.02),
(193, 'List president important pressure involve field born. Both statement bed culture threat huge.', '9540402050998', 68, 1966, 8, 380.78),
(194, 'Out the son situation. Interesting ask model house almost wall.', '3117966084881', 65, 1980, 1, 845.87),
(195, 'Two per administration ok around hundred us. Worry just mother your key example.', '4173542568435', 16, 2012, 3, 839.83),
(196, 'General your court board mouth American across moment. Watch reflect away.', '5492839397571', 13, 1985, 7, 278.47),
(197, 'Dog doctor value wife food trade. Perhaps natural successful community red.', '7669638255814', 53, 1911, 8, 944.3),
(198, 'Part fire approach later who. Build money represent part world.', '0711944843962', 91, 1977, 3, 55.05),
(199, 'Shake method big exist. Leg seven common air about. Both cost site gas cause clear.', '5960243018559', 66, 1904, 4, 296.11),
(200, 'Magazine responsibility sure mouth single simply character. Yet growth situation.', '6712370720687', 65, 1965, 3, 908.52);

INSERT INTO Members (member_id, first_name, last_name, email, registration_date) VALUES
(1, 'Ruben', 'Nixon', 'sjohnson@example.org', '2020-02-06'),
(2, 'Joshua', 'Watson', 'petergoodman@example.com', '2020-07-30'),
(3, 'Amber', 'Neal', 'phillipsalexis@example.net', '2022-01-08'),
(4, 'Maria', 'Morgan', 'jeremy04@example.net', '2020-09-06'),
(5, 'Jonathon', 'Jackson', 'molinakimberly@example.org', '2021-08-01'),
(6, 'Lynn', 'Murphy', 'andrea74@example.org', '2021-02-05'),
(7, 'Christina', 'Johnson', 'michelledean@example.net', '2024-03-18'),
(8, 'Sonya', 'Baker', 'brandonstephens@example.net', '2021-11-27'),
(9, 'Matthew', 'Johnson', 'rbaker@example.org', '2022-08-07'),
(10, 'Donald', 'Blair', 'leeerin@example.net', '2019-12-15'),
(11, 'Barbara', 'Scott', 'vlopez@example.org', '2021-07-30'),
(12, 'Carolyn', 'Morrison', 'sullivanbrian@example.net', '2021-08-07'),
(13, 'Rebecca', 'Anderson', 'karencastillo@example.net', '2023-07-20'),
(14, 'Karen', 'Leonard', 'alvaradojustin@example.org', '2021-01-25'),
(15, 'Steven', 'King', 'ewilkerson@example.net', '2021-09-28'),
(16, 'Michelle', 'Pope', 'fdyer@example.net', '2021-08-17'),
(17, 'Amanda', 'Delgado', 'gina38@example.org', '2023-12-23'),
(18, 'Kyle', 'Taylor', 'erichardson@example.com', '2024-07-02'),
(19, 'Gregory', 'Mcdonald', 'jenniferdunn@example.com', '2023-05-15'),
(20, 'Thomas', 'Drake', 'millsjames@example.org', '2024-07-23'),
(21, 'Sean', 'Bailey', 'mark81@example.org', '2020-10-17'),
(22, 'Karen', 'Stevens', 'qlandry@example.com', '2020-10-20'),
(23, 'Martha', 'Stewart', 'castrosean@example.org', '2021-05-07'),
(24, 'Rachel', 'Hartman', 'ocastro@example.org', '2022-12-12'),
(25, 'Robert', 'Mcclain', 'kelly95@example.com', '2021-04-02'),
(26, 'Matthew', 'Torres', 'silvajose@example.com', '2020-10-24'),
(27, 'Kenneth', 'Bennett', 'kathleencarter@example.net', '2024-02-13'),
(28, 'Angelica', 'Eaton', 'mark62@example.org', '2020-06-06'),
(29, 'Charles', 'Lane', 'rebecca75@example.net', '2024-07-20'),
(30, 'Jose', 'Myers', 'melissajuarez@example.com', '2022-03-19'),
(31, 'Shane', 'Grant', 'thompsonjennifer@example.net', '2020-12-14'),
(32, 'Leslie', 'Reynolds', 'awright@example.com', '2022-04-04'),
(33, 'Stacy', 'Mann', 'anna88@example.net', '2021-01-24'),
(34, 'Brittany', 'Kelly', 'zwheeler@example.com', '2022-06-24'),
(35, 'Jeffrey', 'Garcia', 'ericflores@example.net', '2024-05-19'),
(36, 'Juan', 'Brown', 'jlee@example.org', '2022-09-06'),
(37, 'Regina', 'Knight', 'glenn28@example.net', '2023-06-07'),
(38, 'Jeffrey', 'Smith', 'michellehamilton@example.net', '2022-12-06'),
(39, 'Toni', 'Green', 'pollardrichard@example.org', '2022-02-24'),
(40, 'Christine', 'Carroll', 'kimberly67@example.org', '2021-05-17'),
(41, 'Michele', 'Diaz', 'edwardsdarren@example.net', '2024-10-21'),
(42, 'Sabrina', 'Hughes', 'williamsjeffrey@example.com', '2024-03-30'),
(43, 'Michael', 'Cummings', 'hmendoza@example.net', '2023-09-06'),
(44, 'Zachary', 'Short', 'chenjulie@example.com', '2021-09-12'),
(45, 'Miguel', 'Fisher', 'esparks@example.com', '2020-10-15'),
(46, 'Felicia', 'Yates', 'codywheeler@example.com', '2021-05-16'),
(47, 'Natalie', 'Hughes', 'drubio@example.net', '2023-03-01'),
(48, 'Ronald', 'Ruiz', 'hblair@example.org', '2022-02-09'),
(49, 'Derrick', 'Cherry', 'kylefreeman@example.org', '2021-09-27'),
(50, 'Nancy', 'Campbell', 'sweeneydaniel@example.com', '2021-06-30'),
(51, 'Jennifer', 'Thompson', 'yholmes@example.com', '2023-08-31'),
(52, 'David', 'Coffey', 'asmall@example.com', '2021-01-13'),
(53, 'Nancy', 'Ballard', 'michele00@example.net', '2023-02-23'),
(54, 'Jennifer', 'Walker', 'jameshines@example.org', '2023-09-17'),
(55, 'Justin', 'Rocha', 'steven22@example.org', '2020-08-07'),
(56, 'Erin', 'Williams', 'eduran@example.org', '2021-08-21'),
(57, 'John', 'Simpson', 'jeremycooper@example.org', '2023-01-26'),
(58, 'Jesse', 'Ramos', 'wilsonronnie@example.org', '2021-04-10'),
(59, 'Brian', 'Dunn', 'lisacisneros@example.net', '2024-10-06'),
(60, 'Lisa', 'Parker', 'combscurtis@example.org', '2023-05-28'),
(61, 'Daniel', 'Williams', 'bradleylopez@example.net', '2021-12-13'),
(62, 'Robin', 'Davis', 'petersongrant@example.org', '2023-05-05'),
(63, 'Carl', 'Rodriguez', 'zcasey@example.org', '2020-02-07'),
(64, 'Jennifer', 'Donaldson', 'stewartmichael@example.net', '2021-12-16'),
(65, 'Meredith', 'Trujillo', 'nyoung@example.org', '2024-03-22'),
(66, 'Louis', 'Porter', 'floydchad@example.com', '2024-07-08'),
(67, 'Jason', 'Wang', 'ramirezwilliam@example.org', '2023-08-14'),
(68, 'Kyle', 'Lopez', 'hicksjoseph@example.org', '2023-05-16'),
(69, 'Nathan', 'Montes', 'robert27@example.org', '2024-07-22'),
(70, 'Paul', 'Carter', 'ekhan@example.net', '2020-07-18'),
(71, 'Heather', 'Williams', 'brandonhardy@example.org', '2020-02-07'),
(72, 'David', 'Cochran', 'christopher08@example.net', '2021-02-27'),
(73, 'Stephanie', 'Wilkinson', 'heather50@example.org', '2024-06-09'),
(74, 'Mary', 'Murray', 'anthonyellis@example.net', '2023-12-25'),
(75, 'Andrew', 'Burgess', 'amyrios@example.org', '2023-04-13'),
(76, 'James', 'Walters', 'robertpham@example.com', '2020-02-10'),
(77, 'Robert', 'Dyer', 'fcruz@example.com', '2024-08-30'),
(78, 'Shirley', 'Howell', 'xwilson@example.com', '2024-01-20'),
(79, 'Wayne', 'Martinez', 'samantha26@example.com', '2024-09-06'),
(80, 'Manuel', 'Hall', 'nsimpson@example.net', '2023-07-14'),
(81, 'Taylor', 'Watts', 'ytorres@example.org', '2023-10-27'),
(82, 'Ronald', 'Lynch', 'abigailmorris@example.org', '2020-01-18'),
(83, 'Regina', 'Short', 'jenkinsmelanie@example.com', '2022-06-28'),
(84, 'Garrett', 'Hart', 'hullelizabeth@example.org', '2022-07-06'),
(85, 'Maria', 'Mcneil', 'jacobseric@example.com', '2021-11-25'),
(86, 'Amanda', 'Garza', 'lewismegan@example.org', '2021-11-13'),
(87, 'Jorge', 'Larsen', 'brandon42@example.com', '2021-02-21'),
(88, 'Christopher', 'Castro', 'cindyweaver@example.net', '2021-03-14'),
(89, 'James', 'Nunez', 'yhammond@example.com', '2023-01-11'),
(90, 'David', 'Cervantes', 'guzmanaustin@example.com', '2024-10-18'),
(91, 'Alexandra', 'Stevens', 'susanryan@example.net', '2021-12-14'),
(92, 'Jonathan', 'Stewart', 'gravessandra@example.com', '2020-03-29'),
(93, 'Ashlee', 'Buckley', 'jcochran@example.net', '2022-05-09'),
(94, 'Shelly', 'Garcia', 'rhodestracey@example.org', '2020-02-05'),
(95, 'Troy', 'Freeman', 'martin92@example.com', '2022-08-23'),
(96, 'Joanna', 'Petty', 'laura34@example.com', '2024-07-30'),
(97, 'Christopher', 'Miller', 'ashleywolf@example.org', '2022-02-26'),
(98, 'William', 'Aguirre', 'andrew56@example.org', '2023-12-08'),
(99, 'Sarah', 'Barker', 'donnahamilton@example.org', '2020-02-14'),
(100, 'Cathy', 'Lewis', 'richardsanchez@example.net', '2021-08-24'),
(101, 'Jillian', 'Shaffer', 'andreamartin@example.org', '2023-07-12'),
(102, 'Jason', 'Werner', 'barkerjason@example.org', '2022-06-20'),
(103, 'Phillip', 'Bell', 'hollybrown@example.net', '2021-12-23'),
(104, 'Jason', 'Brown', 'iflynn@example.net', '2020-12-31'),
(105, 'Stephanie', 'Austin', 'ssherman@example.com', '2021-07-29'),
(106, 'Ryan', 'Jordan', 'zfrazier@example.com', '2020-03-28'),
(107, 'Dawn', 'Allen', 'davidcoffey@example.com', '2022-12-20'),
(108, 'Tiffany', 'Gutierrez', 'michael86@example.net', '2024-08-01'),
(109, 'Jacob', 'Lee', 'erin95@example.com', '2022-12-14'),
(110, 'Chelsea', 'Hardy', 'aaronkramer@example.net', '2023-03-22'),
(111, 'Johnny', 'Patrick', 'lisamendez@example.net', '2024-05-08'),
(112, 'Mark', 'Harris', 'brownlauren@example.com', '2020-12-25'),
(113, 'Diana', 'Mathis', 'judithball@example.net', '2024-04-28'),
(114, 'Shannon', 'Reyes', 'cindycummings@example.org', '2021-03-03'),
(115, 'Patricia', 'Murray', 'heathergarcia@example.com', '2021-05-12'),
(116, 'Carl', 'Stephens', 'briannawilliams@example.net', '2024-03-12'),
(117, 'Trevor', 'Pierce', 'alyssa43@example.org', '2020-01-13'),
(118, 'Melanie', 'Chavez', 'lisaaguirre@example.org', '2024-02-25'),
(119, 'Jason', 'Garcia', 'deannahernandez@example.com', '2023-01-14'),
(120, 'Jennifer', 'Smith', 'gtaylor@example.org', '2021-09-05'),
(121, 'Aaron', 'Goodman', 'david71@example.org', '2023-03-21'),
(122, 'Cassandra', 'Vargas', 'burgessricky@example.org', '2022-02-23'),
(123, 'Tommy', 'Lee', 'stevendavis@example.com', '2023-05-23'),
(124, 'Lisa', 'Stewart', 'josephspencer@example.com', '2023-11-05'),
(125, 'Brian', 'Nguyen', 'pricegina@example.com', '2020-04-14'),
(126, 'Wayne', 'Mendoza', 'andrewreyes@example.org', '2020-05-21'),
(127, 'Lisa', 'Hartman', 'zhamilton@example.org', '2023-09-02'),
(128, 'Sandra', 'Davis', 'christophercarr@example.net', '2024-08-02'),
(129, 'John', 'Green', 'annamcfarland@example.org', '2024-03-13'),
(130, 'Joshua', 'Pope', 'alexanderlopez@example.org', '2021-10-21'),
(131, 'Austin', 'Chang', 'pdixon@example.net', '2019-12-19'),
(132, 'Adam', 'Baker', 'ureynolds@example.org', '2023-01-13'),
(133, 'Christina', 'Wilson', 'carlgreen@example.org', '2022-03-02'),
(134, 'Lisa', 'Smith', 'sean17@example.org', '2019-11-22'),
(135, 'Paula', 'Horn', 'shannon73@example.org', '2023-03-17'),
(136, 'Dennis', 'Martinez', 'christianbrittany@example.net', '2024-03-27'),
(137, 'Sharon', 'Smith', 'jordanholland@example.com', '2024-08-05'),
(138, 'David', 'May', 'teresamorris@example.net', '2022-10-09'),
(139, 'Benjamin', 'Weeks', 'whitneylloyd@example.net', '2022-09-28'),
(140, 'Heidi', 'Thompson', 'danielspatricia@example.net', '2021-08-15'),
(141, 'Daniel', 'Kennedy', 'arthurjarvis@example.org', '2020-11-16'),
(142, 'Zachary', 'Copeland', 'pthompson@example.org', '2021-10-07'),
(143, 'Lee', 'Quinn', 'bradleybrandon@example.net', '2019-11-14'),
(144, 'Sharon', 'Daniels', 'rcantrell@example.org', '2023-10-12'),
(145, 'Jason', 'Williams', 'patriciajohnson@example.org', '2021-03-06'),
(146, 'Rebecca', 'Brooks', 'richard47@example.com', '2023-07-18'),
(147, 'Anthony', 'Roberts', 'vangcatherine@example.com', '2024-02-29'),
(148, 'Isaac', 'Barron', 'sarah33@example.net', '2024-06-27'),
(149, 'Timothy', 'Matthews', 'qwelch@example.net', '2021-09-02'),
(150, 'Samantha', 'Murillo', 'williamsdevon@example.com', '2020-12-24');

INSERT INTO Loans (loan_id, book_id, member_id, loan_date, due_date, return_date) VALUES
(1, 101, 148, '1973-04-12', '1977-11-02', '2000-08-22'),
(2, 141, 6, '1999-12-19', '2012-01-21', '2018-02-21'),
(3, 139, 123, '1985-11-07', '2004-06-24', '1996-02-22'),
(4, 74, 134, '1974-05-04', '2006-05-02', '2004-03-21'),
(5, 146, 123, '1994-04-22', '2001-12-27', '2016-01-31'),
(6, 11, 22, '1972-02-21', '1995-02-01', '2013-12-12'),
(7, 119, 137, '1972-10-01', '1993-10-26', '2019-11-19'),
(8, 11, 113, '1971-08-10', '2019-09-06', '1975-12-10'),
(9, 118, 116, '1974-05-13', '2000-02-18', '2023-02-21'),
(10, 157, 71, '1971-03-27', '1988-06-08', '1995-12-22');

INSERT INTO Penalties (penalty_id, loan_id, penalty_amount, penalty_date) VALUES
(1, 3, 9118, '1987-07-04'),
(2, 8, 3488, '2013-12-08'),
(3, 6, 1906, '1984-09-21'),
(4, 4, 9283, '2007-12-28'),
(5, 8, 3291, '1980-02-13'),
(6, 10, 866, '2022-09-02'),
(7, 2, 7346, '1994-07-12'),
(8, 1, 6908, '2018-03-17'),
(9, 3, 1737, '2018-06-02'),
(10, 4, 4618, '1997-02-05');