INSERT INTO Customers (customer_id, first_name, last_name, email, phone, registration_date) VALUES
(1, 'Samuel', 'Davis', 'romerobrianna@example.net', '782-239-0921', '2024-03-21'),
(2, 'Hannah', 'Brown', 'wmiller@example.org', '(224)513-2927x7', '2021-02-01'),
(3, 'Beth', 'Hopkins', 'zbrown@example.com', '(961)789-8312', '2020-10-14'),
(4, 'Sylvia', 'Booker', 'wrodriguez@example.net', '001-394-785-396', '2022-06-07'),
(5, 'Lori', 'Wang', 'mharrison@example.org', '8234502246', '2023-01-22'),
(6, 'Kaitlin', 'King', 'bryantjessica@example.org', '+1-915-893-2691', '2024-06-20'),
(7, 'Heather', 'Fuller', 'ymarsh@example.net', '001-355-544-179', '2023-06-25'),
(8, 'Andrew', 'Mcclain', 'hansonjoshua@example.com', '001-994-388-262', '2023-10-16'),
(9, 'Sean', 'Walker', 'jennifersmith@example.net', '001-866-556-410', '2024-05-09'),
(10, 'Debbie', 'Arnold', 'lauren87@example.org', '749.620.7482x90', '2020-09-11'),
(11, 'Lisa', 'Moore', 'robertkirk@example.net', '664.273.0657x72', '2023-11-05'),
(12, 'Cory', 'Pittman', 'blackemily@example.com', '702-728-7708', '2021-02-27'),
(13, 'Paul', 'Wilson', 'hayespaul@example.com', '+1-590-596-5419', '2023-09-10'),
(14, 'Daniel', 'Livingston', 'ssmith@example.org', '862-918-6649x61', '2021-02-22'),
(15, 'Ashley', 'Santiago', 'randyduncan@example.org', '525.262.7117x82', '2021-08-11'),
(16, 'Monica', 'Bright', 'danielledominguez@example.com', '+1-413-798-5429', '2023-02-12'),
(17, 'Garrett', 'Garner', 'vcampbell@example.org', '514-235-2597x81', '2023-06-17'),
(18, 'John', 'Brady', 'gsimpson@example.com', '354-366-7987', '2021-11-24'),
(19, 'Mary', 'Washington', 'ronald49@example.org', '(240)665-0308', '2021-12-20'),
(20, 'Beth', 'Hart', 'steelesteven@example.com', '(358)698-6971x5', '2023-04-16'),
(21, 'Joanna', 'Ford', 'adam86@example.net', '+1-435-813-5020', '2022-07-30'),
(22, 'Robert', 'Rivera', 'adam56@example.org', '301.905.6790x74', '2023-11-14'),
(23, 'Jason', 'Robertson', 'smurray@example.com', '(395)395-6349x6', '2021-08-17'),
(24, 'Adam', 'Stone', 'ypayne@example.org', '711-464-2102x91', '2024-01-07'),
(25, 'Wesley', 'Yates', 'gmurphy@example.com', '522-212-8810', '2023-11-13'),
(26, 'Alexander', 'Simmons', 'arnolddanny@example.net', '(655)430-1720', '2020-12-19'),
(27, 'Gabriela', 'Lawrence', 'kellypeter@example.org', '251-992-6651x54', '2022-06-17'),
(28, 'Stephen', 'Dodson', 'woodsanthony@example.org', '+1-762-458-0891', '2024-09-23'),
(29, 'Antonio', 'Lee', 'wisekylie@example.com', '+1-658-554-1192', '2022-05-21'),
(30, 'Gregory', 'Blackwell', 'brownrobert@example.net', '(427)747-5962', '2020-03-20'),
(31, 'Stephen', 'Hart', 'glynn@example.org', '764-413-3468x76', '2021-10-07'),
(32, 'Timothy', 'Meyers', 'heathermyers@example.com', '(380)858-0900x3', '2021-03-15'),
(33, 'Julie', 'Garza', 'smithjacqueline@example.com', '001-890-853-777', '2021-11-20'),
(34, 'Travis', 'Owen', 'priscilla11@example.org', '595.251.7653', '2022-10-14'),
(35, 'Gabrielle', 'Vazquez', 'zthompson@example.org', '+1-440-735-5870', '2020-10-15'),
(36, 'Charles', 'Taylor', 'morseamber@example.com', '2708597120', '2024-09-23'),
(37, 'Jennifer', 'Alexander', 'judy96@example.com', '701.666.8029', '2020-08-27'),
(38, 'William', 'Barrett', 'gregorybarnett@example.net', '423.970.7396', '2024-06-01'),
(39, 'Amy', 'Garcia', 'cstephens@example.net', '287.257.5652', '2024-04-08'),
(40, 'Pamela', 'Cortez', 'hubbardkathy@example.com', '001-946-438-218', '2023-11-13'),
(41, 'Monica', 'Klein', 'glennedwards@example.com', '662.634.8754x45', '2021-04-08'),
(42, 'Chelsea', 'Sandoval', 'hbullock@example.org', '4929807671', '2023-11-05'),
(43, 'Daniel', 'Ortiz', 'lesliesmith@example.net', '266.834.8298x92', '2021-03-26'),
(44, 'Natalie', 'Ford', 'michaelmorris@example.org', '419.956.9280', '2021-12-24'),
(45, 'Rebecca', 'Mcknight', 'mathew57@example.net', '6386144389', '2022-09-14'),
(46, 'Wendy', 'Ferrell', 'rickhoffman@example.com', '520-527-5254', '2023-11-08'),
(47, 'Cody', 'Shannon', 'elizabeth71@example.com', '(581)543-5649', '2021-07-10'),
(48, 'Stephanie', 'Proctor', 'bookersara@example.net', '+1-690-339-9964', '2023-06-14'),
(49, 'Zachary', 'Harris', 'hsmith@example.com', '(244)741-1165', '2022-12-11'),
(50, 'Robert', 'Williams', 'kellymcknight@example.net', '(720)236-2926', '2023-10-20'),
(51, 'Jeanette', 'Allen', 'vvang@example.org', '001-723-461-704', '2020-10-04'),
(52, 'Jennifer', 'Reyes', 'jaredduran@example.net', '819.904.9645', '2021-06-15'),
(53, 'Shannon', 'Waller', 'hoganlindsay@example.net', '001-230-829-751', '2022-12-17'),
(54, 'Tammy', 'Campos', 'juliegarrison@example.org', '948-536-7714', '2021-04-28'),
(55, 'David', 'Moreno', 'nicolecarter@example.com', '+1-656-894-2223', '2024-05-28'),
(56, 'Nathan', 'Lewis', 'jgray@example.com', '553.986.0538x22', '2022-01-16'),
(57, 'John', 'Craig', 'linda11@example.org', '594.861.1752x00', '2023-03-13'),
(58, 'Amanda', 'Hensley', 'kathleen06@example.com', '304-769-3970x59', '2021-01-13'),
(59, 'Christian', 'Patrick', 'rushdale@example.com', '+1-662-385-5166', '2023-06-20'),
(60, 'David', 'Smith', 'michael56@example.org', '+1-711-379-1384', '2019-12-08'),
(61, 'Brittany', 'Russo', 'gutierrezmolly@example.com', '+1-249-273-4649', '2022-09-16'),
(62, 'Evan', 'Jones', 'padillamichael@example.net', '001-637-619-305', '2022-09-11'),
(63, 'Lisa', 'Williams', 'matthewbowman@example.com', '001-202-346-651', '2021-09-26'),
(64, 'Robert', 'Bowen', 'clinevirginia@example.org', '419-383-7675', '2020-12-09'),
(65, 'Brent', 'Collins', 'umurphy@example.com', '216-634-0194', '2023-02-13'),
(66, 'Jonathan', 'Berry', 'martinezwilliam@example.com', '623.669.0495x38', '2020-07-30'),
(67, 'Steven', 'Nelson', 'davisjustin@example.com', '(836)758-3609x7', '2020-07-01'),
(68, 'Julia', 'Brown', 'lynnblair@example.com', '320.666.1457x52', '2024-05-12'),
(69, 'Patrick', 'Macias', 'amyblack@example.net', '(471)397-1686', '2022-01-24'),
(70, 'Margaret', 'Thompson', 'bhenson@example.org', '001-891-590-135', '2024-03-16'),
(71, 'Joseph', 'Green', 'david64@example.org', '237.471.6959x53', '2022-12-19'),
(72, 'Natalie', 'Wright', 'kennedylaura@example.org', '+1-234-918-7376', '2022-01-14'),
(73, 'Megan', 'Wall', 'lperez@example.com', '495-436-8851', '2024-06-27'),
(74, 'Jennifer', 'Sanchez', 'smithvalerie@example.org', '834-441-5068x61', '2021-06-21'),
(75, 'Sarah', 'Griffin', 'wrightdonna@example.com', '650-496-3645', '2023-04-30'),
(76, 'Carlos', 'Webb', 'bperry@example.com', '459-392-7006x02', '2019-11-29'),
(77, 'George', 'Smith', 'abigail14@example.net', '5919065403', '2021-02-23'),
(78, 'Amy', 'Romero', 'mark02@example.com', '+1-704-958-6685', '2020-04-26'),
(79, 'Travis', 'Austin', 'danielle95@example.org', '783.690.4775x15', '2024-03-02'),
(80, 'Kelli', 'Berger', 'ryanjoseph@example.net', '487.547.4007x48', '2020-05-21'),
(81, 'Trevor', 'Delgado', 'jonathan97@example.com', '001-211-746-647', '2022-06-12'),
(82, 'Michael', 'Anderson', 'dcohen@example.org', '844-532-1404x11', '2021-10-17'),
(83, 'Margaret', 'David', 'patelmartha@example.com', '(835)932-7923x6', '2021-10-21'),
(84, 'Brandon', 'Walsh', 'christopher69@example.net', '(615)834-2482', '2020-04-30'),
(85, 'Brad', 'Stanley', 'xcombs@example.com', '001-906-351-168', '2020-08-02'),
(86, 'Anthony', 'Potter', 'garciamonica@example.com', '001-812-505-401', '2022-10-23'),
(87, 'Elizabeth', 'Martin', 'marcusdennis@example.org', '478.664.6648x21', '2020-03-25'),
(88, 'Krystal', 'Villa', 'brownjeffrey@example.net', '3792241262', '2022-05-20'),
(89, 'Nicole', 'Pham', 'karenmiller@example.org', '(294)260-2092', '2019-11-12'),
(90, 'Beverly', 'Ayers', 'alexisdennis@example.org', '+1-359-763-1603', '2021-11-28'),
(91, 'Krystal', 'Johnson', 'travis96@example.net', '485.319.5084x23', '2024-07-23'),
(92, 'Brittney', 'Kerr', 'jonesryan@example.com', '288-973-0538x20', '2021-04-21'),
(93, 'Brittney', 'Fernandez', 'victoria41@example.net', '971-632-0664x11', '2023-11-30'),
(94, 'Richard', 'Roberts', 'jessicalozano@example.com', '(415)920-4762', '2023-10-02'),
(95, 'Jonathan', 'Garcia', 'ccastro@example.org', '963-762-2667x38', '2023-07-01'),
(96, 'Danielle', 'Williams', 'susanmedina@example.org', '792.304.8076x55', '2022-09-16'),
(97, 'Lisa', 'Williams', 'icooper@example.org', '210-721-8017', '2023-10-02'),
(98, 'Allen', 'Gardner', 'amanda72@example.net', '410-765-1664', '2024-01-01'),
(99, 'Jeremy', 'Figueroa', 'xvalenzuela@example.org', '342.317.6163x73', '2024-09-30'),
(100, 'Melissa', 'Martin', 'ymorgan@example.net', '+1-873-919-6368', '2024-03-19');

INSERT INTO Products (product_id, product_name, price, stock_quantity) VALUES
(1, 'Keyboard', 831.51, 5692),
(2, 'Monitor', 48.41, 6895),
(3, 'Camera', 1890.07, 8542),
(4, 'Tablet', 476.16, 299),
(5, 'Mouse', 1357.67, 5577),
(6, 'Smartphone', 1538.09, 4146),
(7, 'Headphones', 231.5, 6094),
(8, 'Laptop', 1899.72, 4233),
(9, 'Printer', 1562.17, 7384),
(10, 'Smartwatch', 1488.6, 136);

INSERT INTO Orders (order_id, customer_id, order_date, total_amount) VALUES
(1, 41, '2023-05-15', 6367),
(2, 43, '2023-12-06', 4759),
(3, 85, '2022-10-27', 4446),
(4, 23, '2023-10-25', 3374),
(5, 25, '2023-10-20', 6578),
(6, 17, '2023-04-03', 7340),
(7, 81, '2024-05-25', 7340),
(8, 73, '2024-02-06', 6596),
(9, 87, '2023-10-10', 6212),
(10, 24, '2024-04-03', 3964),
(11, 82, '2024-02-20', 1030),
(12, 83, '2024-10-06', 46),
(13, 18, '2022-11-27', 3470),
(14, 57, '2024-04-23', 988),
(15, 34, '2024-10-03', 2870),
(16, 46, '2024-01-19', 774),
(17, 28, '2024-09-19', 8030),
(18, 97, '2024-03-11', 4826),
(19, 40, '2022-12-12', 5114),
(20, 31, '2022-12-27', 7326),
(21, 94, '2024-10-15', 2866),
(22, 80, '2023-01-02', 2846),
(23, 11, '2023-09-20', 8997),
(24, 84, '2023-05-17', 7705),
(25, 12, '2022-11-05', 4403),
(26, 56, '2023-03-21', 5420),
(27, 30, '2024-09-01', 2870),
(28, 7, '2024-03-09', 3007),
(29, 62, '2023-12-13', 2113),
(30, 60, '2024-04-16', 1873),
(31, 66, '2022-12-09', 2719),
(32, 55, '2023-08-06', 9106),
(33, 91, '2024-07-13', 9632),
(34, 22, '2024-04-20', 7841),
(35, 89, '2024-07-26', 9437),
(36, 53, '2024-04-30', 6134),
(37, 89, '2023-10-17', 7552),
(38, 39, '2023-05-14', 3696),
(39, 93, '2023-03-16', 9196),
(40, 41, '2024-08-10', 4267),
(41, 53, '2023-03-02', 3243),
(42, 7, '2022-12-30', 815),
(43, 24, '2023-07-25', 6748),
(44, 77, '2024-01-08', 3977),
(45, 41, '2024-10-17', 9413),
(46, 49, '2022-10-29', 6351),
(47, 84, '2023-08-06', 5636),
(48, 74, '2022-11-06', 6216),
(49, 43, '2024-02-17', 6650),
(50, 18, '2024-04-16', 1538),
(51, 6, '2023-04-18', 2327),
(52, 75, '2022-11-07', 9374),
(53, 6, '2024-04-30', 7289),
(54, 84, '2023-08-26', 6972),
(55, 1, '2023-06-03', 1542),
(56, 67, '2023-03-14', 9001),
(57, 72, '2024-05-05', 3924),
(58, 97, '2023-09-08', 4920),
(59, 2, '2023-07-10', 8606),
(60, 42, '2024-04-15', 3527),
(61, 15, '2024-06-12', 4342),
(62, 23, '2024-10-04', 2446),
(63, 89, '2024-06-11', 8616),
(64, 46, '2022-12-02', 5613),
(65, 98, '2024-05-22', 9285),
(66, 7, '2023-06-26', 69),
(67, 26, '2023-10-11', 2056),
(68, 45, '2023-06-20', 7998),
(69, 42, '2023-09-20', 8905),
(70, 11, '2024-01-17', 7227),
(71, 74, '2023-07-16', 2972),
(72, 57, '2023-07-22', 2678),
(73, 47, '2024-01-09', 3778),
(74, 49, '2023-11-15', 7162),
(75, 56, '2022-11-25', 8431),
(76, 28, '2023-12-24', 9636),
(77, 99, '2024-04-16', 2620),
(78, 73, '2023-06-15', 2136),
(79, 58, '2023-01-04', 819),
(80, 33, '2024-02-19', 2478),
(81, 85, '2024-07-19', 7897),
(82, 14, '2022-12-14', 6666),
(83, 100, '2024-10-18', 6053),
(84, 39, '2024-02-24', 4901),
(85, 60, '2023-10-08', 2227),
(86, 37, '2023-09-01', 9044),
(87, 58, '2024-01-14', 3668),
(88, 10, '2023-12-28', 2117),
(89, 25, '2023-03-17', 2777),
(90, 5, '2024-10-22', 7692),
(91, 1, '2023-10-16', 6656),
(92, 11, '2022-11-14', 6589),
(93, 15, '2023-01-24', 8499),
(94, 52, '2024-10-23', 1878),
(95, 92, '2023-07-10', 9922),
(96, 3, '2023-05-21', 8403),
(97, 52, '2024-08-27', 8072),
(98, 23, '2024-04-20', 1694),
(99, 42, '2023-06-20', 8797),
(100, 47, '2023-08-09', 7115),
(101, 60, '2024-06-28', 1886),
(102, 69, '2023-03-22', 8909),
(103, 44, '2023-11-21', 9887),
(104, 84, '2023-05-03', 2253),
(105, 65, '2023-02-25', 4545),
(106, 58, '2023-11-06', 1943),
(107, 42, '2024-04-20', 6047),
(108, 62, '2023-06-13', 2456),
(109, 5, '2024-07-22', 8511),
(110, 60, '2023-11-23', 6942),
(111, 80, '2024-07-21', 5231),
(112, 1, '2023-10-25', 1134),
(113, 30, '2024-03-08', 6534),
(114, 26, '2024-04-08', 4671),
(115, 69, '2024-01-07', 6819),
(116, 80, '2024-04-24', 844),
(117, 18, '2024-08-30', 4309),
(118, 88, '2024-04-21', 1833),
(119, 97, '2024-10-01', 6947),
(120, 41, '2023-11-28', 2061),
(121, 93, '2024-05-16', 6977),
(122, 78, '2023-05-24', 586),
(123, 66, '2024-07-16', 6952),
(124, 34, '2024-08-05', 1305),
(125, 85, '2024-08-25', 2060),
(126, 83, '2024-06-09', 6806),
(127, 64, '2023-07-05', 1070),
(128, 98, '2024-03-30', 964),
(129, 14, '2023-10-06', 1006),
(130, 45, '2024-07-16', 1831),
(131, 52, '2023-05-02', 5369),
(132, 74, '2023-12-21', 2009),
(133, 74, '2024-03-25', 3349),
(134, 74, '2024-04-08', 3886),
(135, 1, '2023-09-10', 7196),
(136, 60, '2024-01-29', 9194),
(137, 71, '2022-12-16', 9334),
(138, 52, '2023-04-16', 4059),
(139, 18, '2023-11-09', 9836),
(140, 96, '2022-12-19', 6529),
(141, 55, '2023-07-20', 8951),
(142, 97, '2023-04-12', 1152),
(143, 41, '2022-12-24', 9198),
(144, 10, '2024-10-02', 6229),
(145, 86, '2024-02-28', 7702),
(146, 74, '2024-06-13', 5500),
(147, 96, '2024-09-03', 1024),
(148, 79, '2024-03-05', 1575),
(149, 72, '2023-10-02', 4211),
(150, 20, '2023-09-05', 3924),
(151, 96, '2024-06-11', 3305),
(152, 97, '2024-07-10', 6964),
(153, 28, '2024-10-13', 5095),
(154, 81, '2024-07-24', 5826),
(155, 68, '2023-02-05', 2280),
(156, 53, '2024-09-02', 9442),
(157, 94, '2024-10-08', 2817),
(158, 18, '2023-10-09', 5747),
(159, 10, '2024-07-22', 766),
(160, 12, '2024-03-31', 6249),
(161, 10, '2024-05-27', 391),
(162, 4, '2023-04-30', 7205),
(163, 89, '2024-05-27', 6595),
(164, 99, '2023-04-30', 9081),
(165, 47, '2023-08-27', 9697),
(166, 66, '2023-05-27', 8072),
(167, 74, '2024-09-23', 2467),
(168, 5, '2022-12-23', 8655),
(169, 44, '2022-11-11', 8565),
(170, 49, '2023-09-16', 843),
(171, 38, '2024-09-26', 165),
(172, 50, '2023-02-14', 9882),
(173, 4, '2024-02-05', 6383),
(174, 74, '2023-05-12', 5898),
(175, 33, '2024-06-14', 4763),
(176, 63, '2024-02-14', 6182),
(177, 20, '2024-01-12', 4007),
(178, 55, '2023-01-25', 8536),
(179, 27, '2024-02-15', 8243),
(180, 79, '2023-04-18', 1078),
(181, 35, '2024-07-01', 4114),
(182, 88, '2024-05-24', 4648),
(183, 27, '2024-04-29', 8482),
(184, 68, '2023-06-20', 5827),
(185, 13, '2023-02-02', 2228),
(186, 17, '2024-07-13', 5416),
(187, 7, '2024-06-29', 4896),
(188, 54, '2024-02-26', 1008),
(189, 77, '2022-11-08', 9931),
(190, 35, '2024-06-19', 2199),
(191, 46, '2023-06-29', 5973),
(192, 83, '2024-08-11', 4137),
(193, 74, '2024-04-11', 4011),
(194, 44, '2023-12-21', 9185),
(195, 64, '2023-10-25', 9910),
(196, 45, '2023-02-01', 5800),
(197, 55, '2024-01-13', 4403),
(198, 22, '2022-12-14', 6009),
(199, 2, '2023-09-07', 2418),
(200, 90, '2024-06-30', 5874);

INSERT INTO OrderItems (order_id, product_id, quantity, price) VALUES
(194, 7, 5480, 1491.67),
(47, 7, 2960, 1376.52),
(44, 10, 1870, 112.98),
(69, 9, 1933, 588.14),
(127, 3, 3118, 375.26),
(96, 5, 9269, 332.25),
(87, 9, 5337, 1715.65),
(197, 4, 2928, 1897.95),
(69, 9, 1634, 492.84),
(121, 1, 5281, 1044.11),
(117, 4, 7960, 593.24),
(149, 9, 8025, 1854.65),
(130, 9, 1925, 1120.25),
(137, 10, 7138, 1759.52),
(32, 4, 4903, 1125.13),
(31, 6, 5564, 1549.3),
(163, 7, 5500, 1803.29),
(162, 4, 9587, 173.03),
(28, 2, 4590, 578.38),
(112, 6, 1844, 1668.06),
(35, 7, 4712, 826.92),
(62, 4, 5117, 383.66),
(66, 9, 4197, 752.63),
(153, 4, 7943, 533.11),
(44, 5, 8551, 483.3),
(112, 9, 2821, 338.55),
(47, 7, 1717, 1398.06),
(158, 5, 1239, 688.02),
(167, 3, 8498, 1251.22),
(17, 8, 590, 1295.8),
(82, 7, 8023, 1856.46),
(38, 9, 1451, 1952.87),
(17, 7, 7316, 1997.24),
(30, 6, 5515, 292.05),
(122, 2, 2595, 1506.65),
(108, 3, 5910, 78.54),
(177, 6, 3527, 1941.33),
(98, 1, 8572, 907.71),
(112, 10, 6812, 852.53),
(127, 6, 9478, 1431.66),
(67, 5, 2834, 151.29),
(36, 5, 7888, 1148.48),
(60, 1, 1774, 459.74),
(135, 1, 998, 1626.15),
(116, 4, 6491, 136.08),
(153, 6, 3878, 1300.35),
(35, 3, 914, 502.42),
(163, 4, 3391, 1280.54),
(100, 8, 6751, 1597.0),
(183, 2, 8600, 1371.48),
(128, 7, 821, 963.79),
(174, 3, 6069, 1851.74),
(26, 6, 6569, 1379.78),
(161, 7, 172, 1296.9),
(161, 4, 9015, 44.39),
(14, 7, 1702, 1972.78),
(155, 5, 6430, 890.57),
(51, 4, 218, 649.3),
(26, 7, 3894, 955.65),
(7, 5, 6749, 1029.73),
(70, 9, 6410, 726.13),
(156, 7, 7272, 1532.93),
(39, 9, 3312, 1822.82),
(38, 4, 805, 88.86),
(77, 7, 7706, 1496.37),
(139, 5, 4198, 1936.86),
(143, 2, 9441, 1510.93),
(60, 8, 1326, 47.52),
(193, 7, 3582, 26.14),
(113, 7, 2223, 487.07),
(184, 6, 658, 1982.13),
(52, 4, 6780, 508.01),
(180, 1, 828, 636.33),
(180, 7, 8949, 310.42),
(4, 2, 7134, 264.55),
(54, 9, 9785, 1086.47),
(126, 6, 7596, 731.7),
(59, 2, 8763, 1357.16),
(102, 8, 2127, 678.0),
(55, 7, 7849, 1086.02),
(87, 7, 3656, 1413.84),
(160, 10, 7508, 1844.94),
(73, 3, 734, 230.25),
(29, 7, 3685, 1986.97),
(117, 9, 7119, 1456.36),
(158, 4, 2851, 648.07),
(20, 6, 9281, 749.97),
(110, 5, 2324, 770.65),
(27, 9, 8356, 1463.37),
(140, 5, 6269, 1397.39),
(139, 4, 2888, 1142.07),
(44, 7, 8734, 1834.11),
(20, 4, 8666, 1031.9),
(170, 10, 4495, 392.73),
(67, 6, 5711, 408.27),
(8, 1, 3149, 1698.07),
(158, 5, 5481, 389.1),
(67, 9, 259, 1720.69),
(39, 4, 8348, 1564.47),
(109, 6, 2967, 1534.24),
(123, 6, 4338, 865.37),
(46, 7, 8623, 1513.77),
(85, 3, 9438, 670.43),
(60, 10, 7595, 440.82),
(45, 6, 8096, 1187.52),
(150, 3, 6056, 1119.29),
(95, 10, 3773, 1465.11),
(24, 6, 6599, 1740.31),
(179, 4, 7855, 1913.94),
(5, 3, 7450, 136.78),
(150, 7, 1383, 66.53),
(195, 2, 2432, 1177.07),
(46, 3, 8089, 929.83),
(196, 9, 8157, 1459.68),
(192, 9, 9955, 710.89),
(106, 3, 8776, 173.16),
(183, 2, 5500, 1906.81),
(79, 6, 7267, 698.62),
(95, 9, 889, 676.96),
(100, 10, 4089, 1755.84),
(175, 2, 1468, 125.88),
(104, 8, 1800, 619.93),
(76, 6, 7929, 213.24),
(9, 4, 6760, 398.79),
(58, 1, 8775, 1475.22),
(83, 6, 6106, 171.86),
(95, 10, 998, 415.08),
(86, 3, 2279, 859.72),
(167, 4, 1721, 1822.1),
(102, 10, 3105, 1453.17),
(45, 5, 8696, 1428.82),
(121, 10, 380, 1963.03),
(98, 6, 9756, 557.62),
(199, 1, 6421, 844.2),
(95, 8, 2124, 1569.68),
(46, 1, 9905, 1161.83),
(101, 5, 5894, 1642.11),
(121, 3, 9871, 168.33),
(81, 9, 6783, 1015.86),
(185, 8, 3608, 1084.97),
(171, 10, 322, 1302.54),
(121, 1, 9567, 1769.28),
(195, 7, 3724, 1474.45),
(29, 9, 5570, 47.69),
(167, 10, 4114, 968.04),
(44, 2, 9558, 1767.67),
(171, 4, 6106, 1174.73),
(83, 4, 4766, 480.26),
(104, 6, 436, 1749.1),
(24, 3, 969, 117.66),
(126, 5, 6271, 678.36),
(182, 9, 752, 1723.32),
(112, 7, 7747, 38.89),
(27, 4, 9980, 134.22),
(174, 9, 6706, 630.34),
(181, 1, 4636, 1470.13),
(143, 7, 9059, 1861.76),
(154, 1, 1160, 803.53),
(89, 8, 3729, 1927.81),
(21, 4, 7769, 1629.32),
(90, 4, 8103, 1091.57),
(127, 7, 8605, 644.5),
(192, 3, 3443, 1020.3),
(179, 9, 1066, 1471.17),
(198, 7, 6722, 241.63),
(150, 9, 116, 819.66),
(24, 8, 6752, 1577.43),
(162, 5, 1225, 1987.57),
(168, 8, 8957, 1333.95),
(98, 1, 293, 1835.6),
(70, 8, 6521, 1402.95),
(187, 8, 4577, 1351.2),
(140, 6, 4592, 974.43),
(97, 1, 3263, 1380.25),
(4, 2, 233, 408.06),
(111, 9, 2880, 1145.39),
(156, 1, 6530, 1407.08),
(157, 4, 7066, 1568.74),
(29, 8, 2354, 566.51),
(178, 8, 6074, 98.77),
(124, 10, 2761, 1463.67),
(14, 10, 8107, 725.34),
(13, 9, 6990, 232.37),
(67, 6, 7979, 1965.82),
(14, 2, 7979, 842.03),
(10, 5, 6207, 1513.0),
(186, 5, 8117, 523.3),
(45, 7, 795, 1317.59),
(8, 3, 1021, 1954.11),
(122, 10, 2318, 270.44),
(62, 10, 5649, 1288.72),
(48, 1, 2247, 1110.19),
(57, 6, 487, 1766.79),
(32, 5, 113, 1153.09),
(13, 6, 2911, 1597.86),
(187, 3, 8545, 1109.19),
(14, 5, 4915, 1076.49),
(50, 1, 4863, 980.64),
(14, 3, 5113, 1850.95),
(146, 1, 9367, 593.26),
(185, 9, 4519, 1509.56),
(17, 6, 9200, 1358.16),
(90, 5, 3567, 1307.21),
(62, 3, 9493, 754.62),
(135, 9, 8979, 1054.74),
(127, 7, 8848, 967.09),
(191, 9, 7693, 1955.98),
(54, 2, 4929, 1252.72),
(118, 7, 8770, 945.46),
(55, 9, 1924, 1899.11),
(98, 6, 9800, 175.6),
(15, 3, 9243, 827.42),
(166, 8, 9668, 1638.98),
(57, 9, 8491, 1776.13),
(158, 9, 8172, 1577.17),
(175, 8, 3540, 1151.72),
(130, 5, 1871, 1133.44),
(56, 6, 1672, 968.55),
(68, 2, 7451, 876.45),
(161, 3, 245, 599.12),
(58, 1, 6801, 1863.56),
(128, 6, 2259, 1524.2),
(101, 4, 7773, 1073.18),
(170, 4, 6100, 388.59),
(33, 10, 9236, 887.05),
(143, 9, 194, 162.04),
(14, 9, 2849, 1098.34),
(19, 1, 7867, 1198.88),
(111, 5, 4081, 666.71),
(170, 10, 3517, 92.69),
(85, 9, 889, 305.15),
(184, 4, 2633, 925.83),
(193, 2, 1330, 1359.71),
(143, 6, 1162, 875.61),
(30, 2, 4685, 518.31),
(121, 1, 9056, 26.19),
(23, 8, 7123, 541.02),
(155, 2, 4911, 1799.37),
(9, 10, 5957, 34.84),
(161, 1, 6988, 949.02),
(137, 6, 5840, 1144.93),
(74, 5, 310, 1400.54),
(67, 3, 4592, 1026.72),
(24, 8, 5776, 24.8),
(97, 5, 6832, 1482.09),
(163, 1, 6276, 716.15),
(74, 8, 2327, 412.83),
(144, 10, 8551, 861.86),
(49, 5, 5607, 733.68),
(118, 6, 2642, 252.32),
(12, 6, 4520, 917.33),
(51, 4, 5747, 808.86),
(56, 6, 4759, 79.95),
(186, 8, 5365, 903.45),
(79, 9, 6425, 1335.85),
(171, 10, 5356, 1597.12),
(2, 4, 7163, 452.05),
(192, 4, 1023, 1178.63),
(45, 5, 3881, 501.5),
(149, 5, 539, 298.96),
(189, 10, 190, 94.01),
(96, 6, 152, 418.84),
(122, 8, 1143, 655.85),
(112, 5, 4488, 1892.36),
(66, 7, 1426, 1590.38),
(2, 7, 1964, 676.83),
(39, 1, 347, 1956.31),
(64, 7, 1214, 1541.18),
(189, 1, 3804, 90.66),
(52, 5, 5091, 1122.13),
(23, 5, 6423, 465.99),
(17, 1, 4250, 945.08),
(116, 9, 1636, 1881.81),
(84, 6, 1449, 1121.04),
(162, 8, 3217, 1916.94),
(119, 3, 1288, 521.85),
(53, 3, 675, 1716.71),
(187, 5, 9664, 709.86),
(94, 2, 1373, 1643.51),
(109, 10, 3048, 335.21),
(121, 2, 8258, 449.89),
(122, 9, 3270, 662.88),
(114, 1, 8775, 1928.61),
(40, 9, 9196, 742.36),
(179, 6, 6441, 917.63),
(97, 9, 649, 922.14),
(135, 4, 8312, 596.92),
(194, 3, 9222, 1864.92),
(118, 9, 8400, 919.36),
(94, 6, 4776, 798.96),
(72, 4, 5510, 1049.6),
(81, 7, 3153, 391.8),
(159, 1, 361, 1733.08),
(34, 8, 1554, 938.76),
(7, 7, 3143, 427.37),
(21, 10, 6169, 701.0),
(72, 7, 3822, 1870.57),
(27, 3, 6849, 1551.24),
(11, 4, 4232, 769.4),
(159, 10, 779, 764.36),
(71, 2, 9379, 499.23),
(77, 7, 4550, 241.14),
(125, 2, 8639, 1647.95),
(182, 4, 9211, 391.58),
(165, 6, 5319, 133.72),
(181, 8, 6561, 367.77),
(9, 2, 1030, 161.18),
(113, 6, 90, 789.28),
(20, 2, 3016, 926.73),
(100, 4, 8814, 1150.09),
(28, 4, 29, 806.78),
(126, 4, 1160, 1412.92),
(85, 3, 3923, 1818.02),
(70, 2, 8855, 1676.34),
(126, 8, 4222, 613.33),
(28, 6, 8589, 488.38),
(90, 8, 4690, 467.26),
(105, 8, 401, 458.94),
(7, 2, 6809, 852.33),
(71, 4, 9937, 1498.72),
(142, 9, 7669, 1657.62),
(102, 9, 1473, 1763.98),
(128, 8, 7765, 1152.15),
(8, 10, 6388, 1193.1),
(194, 6, 4288, 484.07),
(25, 1, 2892, 1921.18),
(106, 5, 5858, 260.75),
(181, 2, 5102, 537.74),
(71, 6, 7081, 1041.98),
(33, 4, 7462, 645.39),
(137, 2, 132, 1850.88),
(72, 3, 3221, 1631.25),
(110, 4, 9300, 1088.96),
(42, 5, 5080, 1939.3),
(198, 10, 5083, 48.06),
(167, 2, 3304, 1538.39),
(93, 10, 3293, 1928.26),
(108, 10, 1016, 301.0),
(24, 6, 2631, 1725.81),
(72, 4, 6856, 1557.82),
(131, 8, 2174, 1519.03),
(162, 6, 148, 1656.48),
(27, 4, 3596, 516.65),
(111, 9, 9536, 801.27),
(85, 7, 3521, 1055.09),
(117, 7, 3157, 1940.21),
(172, 1, 1593, 1754.58),
(151, 8, 382, 633.91),
(113, 8, 9638, 1685.24),
(13, 4, 5110, 790.66),
(157, 2, 8177, 209.91),
(67, 9, 6154, 1877.33),
(92, 8, 2140, 1369.6),
(168, 1, 4660, 1730.19),
(126, 6, 6066, 1094.72),
(117, 9, 3046, 668.84),
(164, 1, 2594, 1518.84),
(17, 8, 1233, 1994.23),
(29, 1, 8821, 44.37),
(86, 7, 4811, 21.19),
(104, 8, 4069, 1642.9),
(145, 5, 974, 337.37),
(142, 5, 5311, 759.53),
(78, 4, 8892, 1343.47),
(21, 4, 269, 41.19),
(114, 8, 5413, 1024.66),
(109, 8, 3416, 350.28),
(98, 1, 8387, 1927.64),
(60, 10, 5205, 358.12),
(64, 7, 6326, 1215.92),
(130, 10, 7866, 1963.44),
(71, 8, 2511, 969.94),
(191, 3, 8410, 1790.35),
(33, 3, 4849, 264.17),
(71, 5, 7929, 1697.99),
(10, 3, 8398, 1362.78),
(87, 4, 9271, 1937.65),
(188, 1, 8712, 939.79),
(75, 1, 3047, 323.46),
(55, 6, 7678, 1016.79),
(128, 8, 987, 699.78),
(142, 10, 776, 553.19),
(61, 1, 8176, 1283.45),
(183, 8, 8901, 926.89),
(97, 7, 7696, 64.46),
(179, 8, 6679, 197.71),
(37, 6, 1545, 1620.18),
(6, 6, 2734, 752.35),
(92, 8, 1257, 1496.71),
(173, 5, 4202, 138.33),
(125, 6, 781, 884.9),
(159, 6, 4113, 1232.22),
(28, 3, 6944, 368.38),
(73, 2, 3934, 102.85),
(195, 5, 5457, 1034.77),
(130, 6, 4406, 327.42),
(180, 8, 8545, 213.15),
(87, 4, 5949, 97.37),
(172, 7, 5813, 99.38),
(166, 10, 8980, 798.43),
(54, 4, 7347, 1217.53),
(124, 10, 2515, 1832.71),
(56, 8, 3871, 1714.49),
(156, 7, 7106, 315.71),
(42, 3, 6310, 813.11),
(99, 1, 3493, 846.83),
(91, 2, 1813, 85.3),
(134, 6, 6325, 660.95),
(24, 9, 9233, 238.53),
(94, 4, 4525, 1719.61),
(5, 3, 3022, 1388.2),
(173, 10, 8424, 983.02),
(184, 8, 6854, 1665.9),
(20, 7, 7147, 265.65),
(187, 2, 5798, 254.61),
(145, 9, 5180, 1606.56),
(10, 1, 1382, 840.23),
(58, 9, 8619, 197.51),
(194, 7, 6652, 1162.75),
(173, 7, 5154, 1339.63),
(94, 8, 6124, 1349.25),
(15, 6, 3042, 1682.46),
(21, 6, 2958, 1994.64),
(124, 3, 3575, 1879.75),
(55, 9, 3095, 1512.46),
(106, 3, 1599, 1801.0),
(142, 2, 9884, 1659.84),
(20, 4, 4276, 1047.83),
(181, 8, 6208, 406.92),
(47, 8, 1035, 470.67),
(25, 4, 2192, 471.15),
(44, 1, 5830, 735.12),
(88, 10, 3348, 1148.7),
(144, 6, 2883, 1216.86),
(42, 5, 1110, 280.14),
(15, 9, 1610, 1385.68),
(96, 8, 327, 520.38),
(180, 4, 9607, 975.69),
(149, 9, 5597, 987.12),
(6, 6, 1881, 1944.15),
(19, 2, 2099, 1085.8),
(77, 10, 1156, 511.31),
(183, 9, 9266, 1297.15),
(21, 10, 1703, 1177.01),
(31, 5, 4393, 716.23),
(61, 2, 6996, 357.47),
(139, 7, 3063, 899.55),
(58, 3, 5745, 1236.51),
(80, 10, 1149, 718.58),
(189, 7, 9721, 1940.5),
(163, 10, 8560, 1569.89),
(86, 2, 8375, 536.78),
(65, 1, 7102, 574.82),
(137, 8, 3140, 252.96),
(136, 7, 7621, 223.4),
(4, 10, 9313, 383.67),
(198, 2, 3827, 640.06),
(104, 9, 7253, 91.68),
(106, 1, 5730, 1075.62),
(168, 2, 4342, 1712.28),
(164, 10, 1584, 1119.96),
(147, 6, 3935, 1209.91),
(158, 8, 662, 1814.68),
(101, 9, 6596, 1058.59),
(102, 7, 935, 74.63),
(112, 1, 7155, 961.49),
(116, 3, 4523, 832.12),
(122, 8, 6831, 918.94),
(6, 5, 2413, 1510.92),
(179, 8, 9971, 766.37),
(31, 5, 7531, 282.77),
(75, 6, 4847, 1291.61),
(156, 7, 1500, 1080.81),
(92, 3, 6118, 703.04),
(187, 4, 2148, 711.3),
(137, 9, 4629, 375.3),
(200, 2, 4351, 1504.13),
(60, 4, 1932, 319.55),
(117, 2, 4565, 108.14),
(196, 8, 2234, 1975.49),
(21, 3, 2696, 926.13),
(129, 4, 3612, 1103.06),
(141, 3, 8452, 736.69),
(95, 10, 2338, 844.43),
(135, 1, 3142, 266.89),
(47, 10, 4221, 329.27),
(139, 9, 2367, 232.23),
(62, 3, 9643, 1652.82),
(54, 8, 6149, 197.99),
(155, 5, 1535, 41.24),
(31, 6, 3568, 50.57),
(11, 8, 7033, 1992.65),
(26, 3, 2213, 983.51),
(93, 1, 8547, 1448.52),
(1, 5, 666, 475.87),
(91, 9, 3493, 312.69),
(78, 4, 6706, 325.15),
(123, 1, 1965, 1822.45),
(33, 10, 9539, 1637.07),
(165, 5, 5631, 1308.83);

INSERT INTO Suppliers (supplier_id, supplier_name, contact_name, contact_email) VALUES
(1, 'TechCorp', 'Kimberly Lopez', 'simpsonlisa@example.net'),
(2, 'ElectroGoods', 'Corey Morales', 'wilsonjudy@example.net'),
(3, 'DeviceHub', 'Andrea Edwards', 'marybrown@example.com'),
(4, 'GadgetSupply', 'Amanda Jones', 'ipreston@example.net'),
(5, 'AccessoryWorld', 'Michael York', 'douglascameron@example.net');

INSERT INTO ProductSuppliers (product_id, supplier_id, supply_price) VALUES
(5, 5, 234.33),
(4, 3, 952.26),
(8, 5, 16.51),
(3, 3, 169.21),
(6, 5, 22.2),
(10, 1, 954.74),
(2, 2, 49.89),
(4, 2, 446.67),
(4, 2, 955.65),
(8, 3, 13.57),
(8, 3, 746.59),
(8, 2, 174.28),
(4, 3, 631.23),
(3, 2, 831.09),
(9, 3, 25.4),
(4, 1, 886.22),
(7, 3, 228.7),
(7, 4, 680.7),
(1, 4, 549.08),
(2, 2, 510.49),
(6, 2, 181.25),
(5, 2, 820.75),
(10, 5, 990.11),
(7, 5, 680.84),
(10, 5, 13.13),
(9, 4, 181.23),
(4, 1, 904.79),
(1, 4, 684.06),
(4, 3, 873.06),
(3, 2, 903.6);