INSERT INTO Authors (author_id, sex, first_name, last_name, birth_date) VALUES
(1, 'M', 'Lawrence', 'Howe', '1995-09-20'),
(2, 'M', 'Julia', 'Ferguson', '1978-06-11'),
(3, 'M', 'Glenn', 'Moore', '1976-05-26'),
(4, 'F', 'Darren', 'Tapia', '1960-11-27'),
(5, 'F', 'Joseph', 'Obrien', '1971-09-10'),
(6, 'F', 'Monique', 'Hernandez', '1965-12-04'),
(7, 'M', 'Kimberly', 'Blake', '1986-12-31'),
(8, 'F', 'Vickie', 'Smith', '1988-01-28'),
(9, 'F', 'Laura', 'Moore', '2005-05-14'),
(10, 'F', 'Cindy', 'Ramirez', '1939-03-24'),
(11, 'F', 'Danielle', 'Gray', '1976-01-24'),
(12, 'F', 'Marcus', 'Lopez', '1997-08-20'),
(13, 'F', 'Patricia', 'Osborne', '1968-04-19'),
(14, 'M', 'David', 'Wallace', '1954-03-20'),
(15, 'M', 'Lori', 'Guerra', '1979-01-25'),
(16, 'F', 'Mitchell', 'Madden', '1954-08-29'),
(17, 'M', 'Billy', 'Christensen', '1991-02-28'),
(18, 'F', 'Brittany', 'Greene', '2002-01-28'),
(19, 'M', 'Jonathan', 'Coleman', '1987-09-13'),
(20, 'F', 'Amanda', 'Powell', '1989-09-27'),
(21, 'M', 'Kristen', 'Rodriguez', '1958-10-24'),
(22, 'M', 'Yvonne', 'Hart', '2004-02-19'),
(23, 'M', 'Anthony', 'Woodward', '1967-01-06'),
(24, 'M', 'Laura', 'Morris', '1971-10-11'),
(25, 'M', 'Meagan', 'Hawkins', '1987-10-01'),
(26, 'F', 'Cassandra', 'Mitchell', '1973-10-31'),
(27, 'M', 'Gerald', 'Anderson', '1983-10-12'),
(28, 'M', 'Blake', 'Riggs', '1982-09-02'),
(29, 'M', 'Christopher', 'Gibson', '1961-05-01'),
(30, 'M', 'Misty', 'Johnson', '1959-12-17'),
(31, 'F', 'Parker', 'Lynch', '1953-10-09'),
(32, 'F', 'Adam', 'Smith', '1998-10-21'),
(33, 'F', 'Amanda', 'Buck', '1994-09-07'),
(34, 'M', 'Chad', 'Robertson', '1952-12-02'),
(35, 'M', 'Tammy', 'Simon', '1985-02-17'),
(36, 'M', 'Margaret', 'Ramirez', '1998-10-31'),
(37, 'F', 'Rebecca', 'Hernandez', '1961-05-14'),
(38, 'F', 'Kayla', 'Hodge', '1935-08-22'),
(39, 'M', 'Sandra', 'Moore', '1997-11-05'),
(40, 'M', 'Julie', 'Floyd', '1943-05-05'),
(41, 'F', 'Amy', 'Monroe', '1965-12-14'),
(42, 'F', 'Christopher', 'Hansen', '1935-05-22'),
(43, 'M', 'Valerie', 'Castillo', '1935-04-21'),
(44, 'F', 'Devin', 'Brooks', '1940-08-28'),
(45, 'M', 'Jeffrey', 'Adams', '1953-12-01'),
(46, 'F', 'Angela', 'Wilkerson', '1964-04-10'),
(47, 'M', 'Tommy', 'Carr', '1996-03-08'),
(48, 'F', 'Shane', 'Butler', '1958-05-08'),
(49, 'F', 'Michelle', 'Hernandez', '1945-10-01'),
(50, 'M', 'Cody', 'Delgado', '1957-02-10'),
(51, 'F', 'Emily', 'Reyes', '2005-03-26'),
(52, 'F', 'Travis', 'Mccormick', '1948-11-14'),
(53, 'M', 'Kevin', 'Anderson', '1941-03-07'),
(54, 'F', 'Gabriel', 'Braun', '1973-12-24'),
(55, 'M', 'Rhonda', 'Clark', '2005-01-07'),
(56, 'M', 'Richard', 'Martin', '1972-12-26'),
(57, 'F', 'Jacqueline', 'Williams', '1985-08-19'),
(58, 'F', 'Heather', 'Reed', '1946-09-07'),
(59, 'M', 'Sarah', 'Robinson', '1949-08-23'),
(60, 'M', 'Paul', 'Simmons', '1984-06-25'),
(61, 'M', 'Patricia', 'Hart', '1950-10-23'),
(62, 'M', 'Lisa', 'Kirby', '1967-01-25'),
(63, 'M', 'Pamela', 'Washington', '1952-11-23'),
(64, 'F', 'Brandon', 'Miller', '1988-05-09'),
(65, 'F', 'Brett', 'Lewis', '1970-12-15'),
(66, 'F', 'Kimberly', 'Thompson', '2005-12-19'),
(67, 'F', 'Tyler', 'Davis', '1998-01-31'),
(68, 'F', 'Marissa', 'Dixon', '1937-12-30'),
(69, 'F', 'Brooke', 'Vance', '1974-06-05'),
(70, 'F', 'Linda', 'Neal', '1977-05-12'),
(71, 'M', 'Crystal', 'Sanchez', '1996-09-20'),
(72, 'F', 'Bryan', 'Cain', '1971-09-17'),
(73, 'F', 'Nicole', 'Sullivan', '1964-08-25'),
(74, 'F', 'Felicia', 'Hawkins', '1974-01-21'),
(75, 'F', 'Jessica', 'Dorsey', '1962-06-17'),
(76, 'M', 'Jessica', 'Ross', '1944-07-15'),
(77, 'M', 'Christie', 'Elliott', '1977-06-23'),
(78, 'F', 'Anthony', 'Green', '1959-10-10'),
(79, 'M', 'Brian', 'Ware', '2001-07-17'),
(80, 'F', 'Cassidy', 'Hunter', '1951-10-25'),
(81, 'M', 'Emily', 'Clark', '1981-02-12'),
(82, 'M', 'Erin', 'Frank', '2003-07-27'),
(83, 'M', 'Sharon', 'Ortiz', '1944-01-29'),
(84, 'F', 'Juan', 'Thompson', '1937-10-08'),
(85, 'M', 'Mark', 'Bush', '1943-02-09'),
(86, 'M', 'Nicholas', 'Velasquez', '1945-12-27'),
(87, 'F', 'Latasha', 'Hill', '1977-05-02'),
(88, 'F', 'Angelica', 'Long', '2003-03-08'),
(89, 'F', 'Yolanda', 'Aguirre', '1945-02-02'),
(90, 'F', 'John', 'Aguilar', '1992-12-18'),
(91, 'M', 'Luis', 'Rodriguez', '1934-06-23'),
(92, 'F', 'Laura', 'Wallace', '1969-08-31'),
(93, 'F', 'Olivia', 'Shah', '1937-10-24'),
(94, 'M', 'Terri', 'Jenkins', '1997-03-18'),
(95, 'M', 'Jasmine', 'Carter', '1982-01-08'),
(96, 'F', 'Michael', 'Wade', '1991-07-05'),
(97, 'F', 'Juan', 'Simpson', '1944-09-16'),
(98, 'M', 'Timothy', 'White', '1969-07-11'),
(99, 'F', 'Frederick', 'Holmes', '1938-05-05'),
(100, 'M', 'Luis', 'Wilson', '1960-05-12');

INSERT INTO Categories (category_id, category_name) VALUES
(1, 'Science'),
(2, 'Fiction'),
(3, 'Romance'),
(4, 'Horror'),
(5, 'Fantasy'),
(6, 'Mystery'),
(7, 'Biography'),
(8, 'Poetry'),
(9, 'History'),
(10, 'Non-fiction');

INSERT INTO Books (book_id, title, isbn, author_id, publication_year, category_id, penalty_rate) VALUES
(2, 'Approach recently recent poor resource. Thousand line policy receive population full.', '3399296833191', 65, 1928, 6, 618.2),
(3, 'Book although to. Guess region fine free affect ok if together.', '2029820970735', 65, 1945, 3, 810.08),
(4, 'Employee idea claim activity citizen young. Break raise source build huge.', '6999488720175', 38, 1985, 7, 289.33),
(6, 'Federal woman military data at. Tax east provide reveal information hear wall.', '8852165870389', 83, 1948, 10, 869.62),
(7, 'Bit decision hear hand environment water.', '7770073379668', 16, 1954, 2, 384.18),
(8, 'Build spend western worry. Deal get box lead present yeah study.', '4744864691575', 80, 1970, 7, 5.97),
(9, 'Hand little training series visit. Guy grow worker teach here. Indeed share yourself build.', '5010929279981', 80, 2010, 7, 544.69),
(10, 'Prepare begin his country environment. Arrive movement charge smile.', '7771117983292', 5, 1951, 8, 842.01),
(11, 'Small particularly entire its most structure crime. Film act direction among whom glass need.', '4053660632813', 92, 1986, 10, 48.08),
(12, 'Feel read race hit of. Energy open expect film image arm so general. Success six hard party.', '6093345257294', 52, 2002, 2, 115.45),
(13, 'Again that central grow. Wish special specific south mention over audience.', '6049120182972', 6, 1981, 2, 697.88),
(14, 'Woman clear chance.', '4980693657901', 16, 1931, 7, 279.67),
(15, 'Process eat already. Seem type employee how.', '0804046543901', 37, 1980, 2, 670.56),
(16, 'Score charge environment network common floor bag gas. Fill you whether data impact memory finish.', '8912079260819', 23, 1912, 1, 409.34),
(18, 'Moment information send stage cover anyone. Buy paper from head society education mention example.', '1029929981775', 63, 1997, 3, 672.91),
(19, 'Experience project wall lawyer indicate key. Assume without prevent.', '7486974949797', 80, 1964, 4, 766.67),
(20, 'Add bring contain one. Nation admit learn on. People many time what relate.', '7157701027902', 63, 1997, 7, 564.96),
(21, 'Young successful have draw house market. Forward week eight raise board director option.', '3071131962071', 8, 1958, 1, 534.93),
(22, 'Over staff attention million throw result. Tonight program building information stuff.', '2880182371658', 52, 1968, 6, 712.19),
(23, 'Ok our discover low hear wait. Talk look must such chair. Month good fight themselves character.', '4325352894315', 15, 1956, 5, 304.56),
(25, 'Evening suffer minute month. Effect thousand or. Argue artist upon specific woman.', '8057770295872', 79, 2020, 6, 99.51),
(26, 'Happy system avoid along station institution public. Hair feel house thing sister next.', '2631841640222', 64, 1980, 3, 395.55),
(27, 'Beyond administration use impact meeting half against someone.', '6457021508441', 27, 2016, 2, 476.12),
(30, 'Just environmental few certainly. Mention hit left eat upon dinner late.', '9187191238408', 74, 1962, 7, 252.83),
(31, 'Fish expert you cultural especially popular store activity. Offer computer wall.', '5973917374714', 55, 2010, 6, 810.87),
(32, 'Dream skill star wrong man. Worker write much poor realize agency culture.', '1557968092391', 89, 1903, 4, 460.98),
(34, 'Child consider yard bring college it. President various everyone for artist.', '2849511838321', 35, 1961, 3, 370.84),
(36, 'Old girl successful really free. Understand go guy produce give modern picture discussion.', '8318547137841', 40, 1994, 10, 230.18),
(37, 'Old ball build tree never. Nice dark oil movement. Travel maintain until value rest effort.', '1125963633848', 51, 2006, 7, 256.4),
(38, 'Situation key every should end. Administration there size now detail film have.', '4204361786592', 74, 1909, 1, 740.75),
(39, 'Author measure southern. Edge worry hospital wait.', '2975736273016', 34, 1948, 5, 645.61),
(40, 'Little use him will according card. Light Mrs TV out often team truth.', '9691630806507', 51, 1996, 6, 252.11),
(41, 'Meeting least federal hit arrive. Community billion realize Mrs base town.', '2345249967509', 40, 1981, 5, 790.23),
(42, 'Read trial manager everybody. Son operation really bit claim however.', '8848579827885', 88, 1985, 3, 153.54),
(43, 'Over use spring partner. Edge easy particularly. Behavior happen him price. Develop even campaign.', '3350052196729', 32, 1923, 1, 136.95),
(44, 'Explain three anything. Including meeting national difficult. Meeting machine over despite.', '5100468719193', 32, 2002, 1, 180.17),
(45, 'Little modern down trip. Western evening wonder indicate middle environmental light.', '2535304682572', 22, 1959, 6, 900.45),
(46, 'Last likely part effort economic. Office maintain thus leader each administration.', '7845907365438', 85, 1978, 2, 241.69),
(47, 'Card from commercial less friend church minute. Power reduce each think wall more.', '9815649979517', 72, 2008, 3, 760.68),
(52, 'Want anyone likely one.', '4268440745666', 71, 1952, 10, 702.7),
(53, 'Staff four with result receive. Research growth economy at table ability hope.', '5803008990455', 88, 1999, 6, 544.94),
(54, 'Contain part ever federal create fall. Question amount full action for wait house.', '2085940051284', 67, 1980, 2, 511.34),
(56, 'Box huge same ago prepare away point.', '1752688158460', 99, 1959, 6, 831.54),
(57, 'Factor personal message deal.
Week air happy quality across feeling walk.
Baby possible case ok.', '3530401974105', 26, 1922, 2, 320.23),
(59, 'College ok describe happy of national image.', '6674482939295', 25, 1969, 1, 489.58),
(61, 'Medical program glass happy develop rather such. Word station where morning seem individual during.', '1607863621364', 25, 1940, 3, 755.55),
(62, 'List sell probably. Already possible song need morning five land.', '6410177996366', 79, 1946, 9, 341.05),
(64, 'Individual American fight view. Industry want pick do I perform.', '3568919738673', 88, 1975, 5, 839.8),
(68, 'Almost vote laugh easy economy Republican relate step. Point whether buy pick.', '9964627987975', 73, 1909, 4, 248.44),
(69, 'Experience big front nature stay. Stop seek like among mention college add market.', '3177434343723', 7, 1963, 6, 0.96),
(70, 'Tv image floor level risk. Seat measure car personal thus.', '0188494486781', 94, 1943, 5, 363.19),
(71, 'Nature example operation nice fund street. Impact important develop already.', '8592147523404', 60, 1977, 8, 865.79),
(72, 'Line history economy learn. Believe public drive doctor travel suddenly.', '1165662036925', 9, 1992, 4, 812.26),
(76, 'Individual kitchen financial would with. Interesting good notice chair.', '9343042891124', 40, 1986, 6, 321.98),
(77, 'Can land mission man single where ask. Mean light during weight look generation.', '9945899343540', 93, 1961, 10, 794.6),
(79, 'Movie fall cause half the room street. Represent experience bad discover report.', '5874390829168', 58, 1907, 5, 821.23),
(80, 'Strategy PM PM public fish mother police. Mission company available commercial effort weight tough.', '7352113264712', 85, 1913, 3, 185.99),
(81, 'Any former art life stand bed. Apply on many understand bag. Peace deal east issue.', '1705851213540', 11, 1968, 4, 668.05),
(82, 'Maybe fire hear environment example we. Experience clearly research here employee ready office.', '6066380024541', 31, 1948, 2, 221.78),
(83, 'Show too catch piece follow language office. Either skill carry business.', '3366174693699', 94, 1989, 2, 854.87),
(84, 'Cost there another simple. Idea affect officer sell wind stock.', '0662531846877', 12, 1951, 7, 229.5),
(85, 'Traditional issue order part particular. Network effort watch magazine recently station billion.', '6050898590458', 67, 2011, 6, 99.53),
(87, 'Certain either talk front ahead control rich. Despite source peace rule child.', '8126335994290', 89, 1933, 7, 922.86),
(88, 'Health black leg visit test east president. Say machine sister either.', '6437291259844', 35, 1969, 6, 409.03),
(89, 'Truth agree can trade their do born poor. Answer again close region together middle fact.', '9524476515001', 96, 2013, 5, 125.74),
(90, 'My foreign hold interview. Career store raise behind rule.', '7750830320284', 85, 1972, 6, 908.48),
(91, 'Poor far mother common old rather. Purpose run team.', '1719920688520', 9, 1999, 10, 446.69),
(92, 'Type huge to type never rest. Discuss note case hand onto. Training nice gas offer affect drug.', '4203743442834', 35, 2024, 4, 844.76),
(93, 'Office quite strategy west bill news determine. Magazine area time again reality now.', '5811372098931', 51, 1944, 3, 859.42),
(95, 'Risk inside list letter. Compare hair hundred while meet daughter eat. Finally key time civil.', '7970404309265', 26, 1901, 9, 237.87),
(97, 'Large hear value free.
That discussion apply card what enjoy business. Drop above tonight cup.', '9730707956864', 95, 1980, 8, 417.33),
(99, 'Write magazine decision anyone decide. Water food until.', '1050987133553', 80, 2015, 1, 197.96),
(100, 'Prepare middle beyond owner. Kid factor beyond artist.', '5031486116827', 63, 1948, 7, 629.75),
(104, 'Think put take staff operation age. Degree write mind people develop today hundred.', '6132375749800', 43, 1994, 8, 828.58),
(105, 'Factor eye stuff vote whether team. Woman happen magazine detail get.', '4017563567235', 68, 2011, 7, 967.38),
(106, 'Try anyone picture us safe data. Describe ability history example late record affect.', '4798941126508', 1, 1949, 9, 632.2),
(107, 'Left ago reduce capital environmental cost Congress.
Technology audience course beat bed son.', '2535006758973', 58, 1917, 9, 173.36),
(108, 'Mission but sister under. Between theory particularly provide evidence draw the.', '1666969660292', 23, 2003, 1, 125.02),
(110, 'Major recently keep present final board. Think specific certainly soon table.', '1686364522415', 49, 1995, 3, 276.87),
(111, 'Surface instead keep least.', '0008328115319', 49, 1937, 3, 305.28),
(112, 'Across plan place offer. Live together value determine. Treat effect read guy wind TV history.', '0342337677223', 83, 1978, 6, 816.78),
(113, 'Interview music develop. Operation central word spring want form.', '6247224040016', 78, 1997, 9, 136.74),
(115, 'Car do short easy crime. This which movie fund.', '2675795789154', 65, 1921, 2, 470.57),
(116, 'Series nor high high. Worry rich church board so. Pull by improve make family piece positive.', '6886085073548', 21, 1950, 8, 463.88),
(120, 'Citizen keep notice political. Good what according experience grow in.', '4591837294717', 13, 1996, 5, 474.07),
(122, 'Idea stand need do protect upon TV. Affect school soldier wind data for.', '1473268758092', 12, 1984, 8, 310.78),
(123, 'Only put western school before stuff senior. Stay professor room see section.', '9250121189503', 100, 1922, 7, 968.14),
(125, 'Manage put deep center produce and listen. She add blue may above. Specific school prevent.', '2728931684199', 30, 2015, 10, 524.51),
(128, 'Job less see service there gas entire.', '5691684651682', 24, 1973, 7, 661.74),
(130, 'Better make me hotel. Series benefit learn benefit analysis. Media region task difficult.', '0640505469560', 59, 2024, 9, 536.88),
(131, 'Former upon region community.', '5527843323468', 13, 1927, 1, 729.57),
(132, 'Ever whether glass school. Cover source big step.', '5151803101395', 57, 1995, 4, 834.52),
(135, 'Spring stage likely. Security cover billion customer.', '5890643090538', 26, 1944, 3, 232.39),
(138, 'Financial current when morning. Live could garden draw. Professional performance seem kid place.', '9586823546269', 31, 1950, 3, 557.77),
(139, 'Theory dog when. Sea town marriage left civil. Great information citizen national.', '4319472924147', 75, 2003, 6, 796.95),
(140, 'Time understand history could author black I. Require plan section room.', '8445049137010', 14, 1988, 5, 121.57),
(141, 'Issue member choice. South store shake this.', '2556407275631', 32, 1977, 7, 36.83),
(142, 'Third rich write. Reason environmental example between bad. Sign popular source professional late.', '6359307002510', 29, 1912, 4, 607.61),
(143, 'Near act store health player war worker. Sport item per carry available different.', '1820076262543', 81, 1969, 6, 140.9),
(144, 'Movement really later. Husband full beautiful current research result bit. Office whatever ago.', '9009107490283', 77, 2006, 1, 301.23),
(145, 'Bag building star firm focus tell. Three your wish happy.
Myself may respond attention over entire.', '9574052042621', 36, 1945, 10, 56.63),
(146, 'Visit case human law meeting inside defense. Whose huge maybe opportunity.', '0073059033051', 62, 1994, 10, 181.45),
(147, 'It picture under something movie.
Across director morning fight despite. None begin partner.', '2891295190563', 8, 1932, 10, 399.68),
(149, 'Which audience nation magazine charge nature. Rise mind resource often. Cover well I.', '8480114752574', 71, 1981, 9, 668.81),
(150, 'Land why population. Continue wall model outside. Class serious write senior car know.', '3398387300685', 100, 1961, 9, 928.11),
(151, 'Social anyone nation draw shoulder cultural young. Local foot off.', '3652747015487', 34, 1995, 3, 926.63),
(152, 'Back traditional commercial bank call candidate start. Draw trouble whether step.', '0858322640189', 26, 2001, 8, 953.49),
(153, 'Anyone reflect me might action paper affect citizen. Law above him last.', '2279662803997', 39, 1970, 5, 848.33),
(154, 'Hit hour enjoy series agent teacher. Will door all.', '3906485502116', 75, 1982, 8, 108.05),
(155, 'Town media yet me. Body other remember ready agent recognize upon enough.', '9237096833806', 98, 1996, 7, 313.79),
(157, 'Part stage say generation too natural. Beautiful court leg president.', '8345176302341', 41, 1921, 4, 204.76),
(158, 'Task even century look watch. Little new remember learn ten table down commercial.', '1191876213831', 65, 1912, 4, 974.16),
(159, 'Born management power hour sort. Poor law away town whole would specific.', '9485062269693', 83, 2013, 8, 988.05),
(160, 'State white weight business cold kitchen window. Would night bed medical why spend.', '3791293493848', 100, 1918, 9, 69.71),
(161, 'Brother option agreement road long institution this. This near few physical.', '3010826004701', 20, 2019, 8, 984.91),
(162, 'Morning during yes suddenly us. Rich spend alone interest start. Scientist total white take.', '1982510639774', 19, 1957, 1, 45.56),
(163, 'These sister floor measure fill theory join above. Would enough plant Congress response better.', '2762978973295', 72, 1901, 5, 312.12),
(164, 'Born father fight subject technology. Baby last it. Hear issue help certainly.', '4458852677961', 41, 1918, 10, 786.57),
(165, 'Nor for natural form heavy small. Official hundred notice rule themselves media.', '7846090074814', 47, 1912, 6, 974.99),
(166, 'Crime food animal job. Arrive east himself appear will relationship.', '9956805001576', 14, 2020, 5, 615.98),
(169, 'Decade inside hold head energy run lot force. Occur deal with occur necessary school face.', '0305618656782', 53, 2012, 9, 303.93),
(170, 'Opportunity military how sea better born sometimes address. Chance build space yeah.', '9162434156619', 11, 1904, 3, 757.48),
(171, 'Vote attention modern movement position lead. Follow exist group there around.', '7124909804926', 59, 1907, 7, 957.64),
(172, 'Kitchen third choice. Where goal dinner show owner. Culture head itself help evidence stand.', '8099686176549', 41, 1950, 9, 278.21),
(174, 'Benefit interest unit beat. Debate tough job.', '3591808699602', 14, 1911, 5, 686.08),
(175, 'Increase key use method future end traditional. Note memory away notice care black.', '7296629290472', 33, 2020, 7, 936.13),
(176, 'Idea because store conference its accept. Step you fly each.', '6951576196796', 66, 2020, 5, 821.73),
(178, 'Heavy seem bar from white minute south. Who old Republican pay population.', '4807751311783', 79, 1993, 1, 111.65),
(179, 'Society factor number husband. Girl big clear morning.', '7321103854868', 61, 1993, 3, 441.27),
(180, 'Action chair rate admit despite ability. With party so. Hospital both research growth team get.', '9980343724107', 21, 1921, 2, 656.25),
(181, 'Approach night prove choose. Admit use see loss my most institution. Watch late program thought.', '4893962303631', 6, 1947, 8, 980.64),
(183, 'Main fight it difference them. Wide child discover she. Old account part security know use final.', '6896384548798', 4, 2008, 3, 443.57),
(184, 'Form talk across sign. Much mention these officer.', '3327656674816', 19, 1976, 3, 847.96),
(185, 'Cost develop add best. Radio begin store identify window. Century happy care family.', '3344843139984', 23, 1929, 3, 643.61),
(186, 'Various suffer bag list.', '8604846984788', 73, 1944, 1, 405.85),
(187, 'Save size if. Often dinner cause need policy. Soon worker result second.', '0734564671482', 41, 1951, 9, 255.62),
(188, 'Some religious build space detail clearly once majority. Recent door behavior research base far.', '1167549523893', 93, 1939, 9, 627.31),
(189, 'Find allow prepare it I pass third. Deep determine space Mrs third.', '3507058183388', 49, 1907, 2, 641.64),
(190, 'Very single population while hard. Professional bill least discuss turn federal board.', '3623848424828', 85, 1936, 1, 153.03),
(192, 'Often while ask notice believe sell economic each. Bank look break.', '4792018842531', 7, 1999, 1, 675.37),
(194, 'Shake lot example grow face but owner whose. This house other answer early industry page ago.', '0986604179288', 9, 2004, 4, 731.42),
(195, 'Hot public him north front. Painting team spend attorney sign set blue.', '5933852839946', 76, 2015, 6, 532.47),
(196, 'Letter popular movement key every note peace. Make movement foreign marriage true.', '9029255602522', 28, 1940, 1, 90.53),
(197, 'Form car Mrs forget my we drive. Middle cut suddenly plan.
Song middle Mr.', '9047663175499', 50, 1935, 3, 7.97),
(198, 'Rather law lawyer each responsibility expert western.', '3372725031519', 76, 1965, 7, 291.15),
(199, 'Ten article there community customer. Drop cultural someone.', '4939697983780', 65, 1948, 7, 487.63),
(200, 'White catch box require scientist. View brother result old technology.', '3672104247452', 23, 1976, 2, 472.6);

INSERT INTO Members (member_id, first_name, last_name, email, registration_date) VALUES
(1, 'John', 'Allen', 'flin@example.org', '2020-11-23'),
(2, 'Christian', 'Gibson', 'bellcharles@example.com', '2023-10-01'),
(3, 'Thomas', 'Cameron', 'michaelwallace@example.com', '2021-07-25'),
(4, 'Michael', 'Hall', 'anthony80@example.net', '2022-08-26'),
(5, 'Melissa', 'Rodriguez', 'parksphillip@example.org', '2022-01-07'),
(6, 'Frances', 'Smith', 'wilsongabriela@example.net', '2020-09-21'),
(7, 'Susan', 'Harrington', 'kelseyflores@example.org', '2023-03-03'),
(8, 'Angela', 'Byrd', 'frankamanda@example.org', '2023-05-27'),
(9, 'Tanner', 'Lewis', 'nicole65@example.net', '2024-07-19'),
(10, 'Nicole', 'Wilson', 'hmurphy@example.org', '2023-08-09'),
(11, 'Donna', 'Williams', 'gloverjessica@example.com', '2024-04-16'),
(12, 'Brian', 'Wolfe', 'luketucker@example.com', '2022-09-01'),
(13, 'Heather', 'Mitchell', 'ygraves@example.com', '2024-06-10'),
(14, 'Michael', 'Pugh', 'ihernandez@example.org', '2023-12-19'),
(15, 'Dawn', 'Trujillo', 'arthurhart@example.net', '2021-01-10'),
(16, 'Derrick', 'Strickland', 'marcoflowers@example.com', '2020-05-19'),
(17, 'Lori', 'Flores', 'jferguson@example.net', '2021-08-17'),
(18, 'Diane', 'Gonzalez', 'adrienne50@example.org', '2022-08-31'),
(19, 'Roy', 'Floyd', 'sanderson@example.net', '2022-10-26'),
(20, 'Taylor', 'Walker', 'brianwallace@example.com', '2024-09-22'),
(21, 'John', 'Wilson', 'youngpedro@example.org', '2024-06-19'),
(22, 'Michael', 'Smith', 'xburgess@example.org', '2020-10-09'),
(23, 'John', 'Russo', 'estescynthia@example.org', '2024-04-05'),
(24, 'Abigail', 'Garcia', 'antonio44@example.com', '2020-07-08'),
(25, 'Danny', 'Cline', 'ashley99@example.com', '2024-02-18'),
(26, 'Yolanda', 'Griffin', 'eallison@example.org', '2022-01-16'),
(27, 'Caroline', 'Delgado', 'hscott@example.org', '2020-02-11'),
(28, 'Shelly', 'Kelley', 'franknicholson@example.net', '2024-10-07'),
(29, 'Angela', 'Johnston', 'dicksonjeffrey@example.com', '2021-04-06'),
(30, 'Brianna', 'Nichols', 'amanda87@example.net', '2023-10-31'),
(31, 'Craig', 'Church', 'teresa71@example.com', '2023-12-18'),
(32, 'Daniel', 'Murphy', 'wstevens@example.net', '2021-12-21'),
(33, 'Deanna', 'Willis', 'williambailey@example.com', '2024-06-03'),
(34, 'Debra', 'Case', 'brownscott@example.com', '2020-09-30'),
(35, 'Hunter', 'Webb', 'randy00@example.net', '2023-12-11'),
(36, 'Anthony', 'Scott', 'susan76@example.net', '2023-05-19'),
(37, 'Dale', 'James', 'jessicajones@example.net', '2023-08-04'),
(38, 'Kimberly', 'Howard', 'michelle41@example.com', '2020-12-13'),
(39, 'Carrie', 'Molina', 'benjaminvasquez@example.net', '2021-03-19'),
(40, 'Stephen', 'Lopez', 'rlittle@example.org', '2023-04-15'),
(41, 'Diane', 'Coleman', 'clawson@example.net', '2019-11-26'),
(42, 'Elizabeth', 'Baker', 'lanechristina@example.net', '2024-08-15'),
(43, 'Gregory', 'Alvarez', 'kylesalinas@example.org', '2021-09-22'),
(44, 'Julie', 'Ruiz', 'parkerkelly@example.net', '2022-09-23'),
(45, 'Victoria', 'Johnson', 'kennedyangela@example.net', '2023-07-30'),
(46, 'Christopher', 'Leonard', 'jeffrey46@example.org', '2020-11-24'),
(47, 'Kathleen', 'Fitzgerald', 'edward44@example.com', '2024-10-11'),
(48, 'Kenneth', 'Jenkins', 'choidonald@example.org', '2021-05-10'),
(49, 'John', 'Reyes', 'donnawhitehead@example.net', '2023-04-06'),
(50, 'Cynthia', 'Graham', 'rsmith@example.com', '2019-12-25'),
(51, 'Timothy', 'Allen', 'harperkara@example.com', '2023-12-02'),
(52, 'Travis', 'Taylor', 'claudialong@example.org', '2021-07-10'),
(53, 'Nancy', 'Mack', 'arnoldsteve@example.org', '2021-07-11'),
(54, 'Shane', 'Massey', 'iday@example.net', '2019-11-11'),
(55, 'Todd', 'Hernandez', 'garzamelanie@example.com', '2022-07-22'),
(56, 'Jennifer', 'Owens', 'dawnmcdaniel@example.net', '2020-08-09'),
(57, 'Paul', 'Cole', 'harry65@example.net', '2021-08-07'),
(58, 'Brett', 'Tyler', 'mitchellnguyen@example.com', '2020-06-26'),
(59, 'Thomas', 'Vasquez', 'susanbrown@example.net', '2023-04-12'),
(60, 'Kevin', 'Francis', 'matthewwang@example.org', '2023-06-28'),
(61, 'Katie', 'Ferguson', 'leeadam@example.net', '2022-09-28'),
(62, 'Daniel', 'Jordan', 'chad80@example.com', '2019-12-14'),
(63, 'Jessica', 'Maxwell', 'johnathanhensley@example.net', '2021-06-10'),
(64, 'Zachary', 'Ramirez', 'andrewbarajas@example.com', '2020-07-09'),
(65, 'Jennifer', 'Stein', 'yatesmichael@example.org', '2024-10-09'),
(66, 'Edward', 'Walker', 'miguel21@example.org', '2023-09-03'),
(67, 'Justin', 'Harrison', 'reynoldskyle@example.com', '2021-05-16'),
(68, 'Tamara', 'Holloway', 'stacynichols@example.org', '2024-02-03'),
(69, 'Amanda', 'Williams', 'ydavis@example.com', '2022-03-22'),
(70, 'Diane', 'Campbell', 'faulknerbrandy@example.org', '2024-05-22'),
(71, 'Patricia', 'Smith', 'johnsonheidi@example.org', '2021-04-02'),
(72, 'Heather', 'Cummings', 'hannahruiz@example.net', '2020-06-13'),
(73, 'Scott', 'Moreno', 'parkerdavid@example.net', '2020-05-10'),
(74, 'Joseph', 'Bradley', 'wilsonwilliam@example.net', '2023-08-16'),
(75, 'Susan', 'Mcbride', 'navarroperry@example.org', '2023-07-21'),
(76, 'Sandra', 'Nguyen', 'pricelatasha@example.com', '2021-10-16'),
(77, 'Kenneth', 'Charles', 'danashepard@example.org', '2022-03-08'),
(78, 'Timothy', 'Lopez', 'kroberts@example.net', '2024-10-19'),
(79, 'Christina', 'Keller', 'robert56@example.net', '2023-01-01'),
(80, 'Adam', 'Simpson', 'yespinoza@example.org', '2021-02-24'),
(81, 'Tracy', 'Mendoza', 'andrew74@example.com', '2023-04-04'),
(82, 'Donald', 'Lewis', 'wilsonashley@example.com', '2022-05-18'),
(83, 'Michael', 'Bradley', 'williswendy@example.net', '2021-05-19'),
(84, 'Mark', 'Knight', 'douglas45@example.com', '2020-10-02'),
(85, 'Thomas', 'Mcdonald', 'bjames@example.net', '2024-04-22'),
(86, 'James', 'Pace', 'mcintyrechristopher@example.com', '2020-12-27'),
(87, 'Brandon', 'Molina', 'scotteddie@example.com', '2020-04-17'),
(88, 'Blake', 'Gibbs', 'aherrera@example.org', '2020-12-01'),
(89, 'Emily', 'Lowe', 'lisathompson@example.net', '2021-02-15'),
(90, 'Cynthia', 'Patel', 'annette55@example.org', '2022-04-08'),
(91, 'Emma', 'Shepherd', 'wangnicole@example.net', '2024-10-14'),
(92, 'Darren', 'Brown', 'pjackson@example.com', '2020-09-23'),
(93, 'Jenna', 'Myers', 'jaime52@example.net', '2021-10-06'),
(94, 'Julia', 'Larson', 'yriddle@example.org', '2020-12-30'),
(95, 'David', 'Terry', 'spencermichael@example.com', '2024-02-07'),
(96, 'Sara', 'Delacruz', 'andrewmiller@example.org', '2021-03-04'),
(97, 'Jamie', 'Warner', 'alan95@example.com', '2019-12-25'),
(98, 'Marissa', 'Carter', 'cmorales@example.net', '2020-07-08'),
(99, 'Dominique', 'Phillips', 'lawsoncameron@example.com', '2024-10-24'),
(100, 'David', 'Romero', 'jgarner@example.com', '2023-12-25'),
(101, 'Debra', 'Molina', 'brian65@example.org', '2023-06-25'),
(102, 'Shirley', 'Schmitt', 'ronaldthomas@example.net', '2021-08-28'),
(103, 'Jose', 'Shaw', 'kristiayala@example.org', '2024-10-22'),
(104, 'Jason', 'Johnson', 'xwillis@example.net', '2023-05-31'),
(105, 'Kelly', 'Kelly', 'smithcynthia@example.com', '2022-05-27'),
(106, 'Ariel', 'Elliott', 'hroberts@example.com', '2023-02-08'),
(107, 'Michelle', 'Ward', 'ssloan@example.org', '2023-02-02'),
(108, 'Ashley', 'Jones', 'qlynch@example.org', '2021-11-15'),
(109, 'Mary', 'Morales', 'michaelmullins@example.org', '2021-09-01'),
(110, 'Christine', 'Perkins', 'gonzalezbrittany@example.org', '2020-10-04'),
(111, 'Jeffrey', 'Gibbs', 'brennanmonique@example.org', '2023-09-30'),
(112, 'Wendy', 'Doyle', 'kevinnorton@example.org', '2024-01-14'),
(113, 'Tristan', 'Hill', 'shahkenneth@example.com', '2020-04-10'),
(114, 'Ryan', 'Osborne', 'larsenann@example.com', '2020-05-04'),
(115, 'Elizabeth', 'Adkins', 'paigefox@example.net', '2023-04-06'),
(116, 'Ronald', 'Newman', 'ronald23@example.net', '2023-11-01'),
(117, 'Meredith', 'Fletcher', 'phaas@example.net', '2021-04-01'),
(118, 'Kathy', 'Roberts', 'uhill@example.net', '2022-01-17'),
(119, 'Heather', 'Walker', 'ohernandez@example.com', '2022-03-01'),
(120, 'William', 'Casey', 'clogan@example.org', '2024-09-09'),
(121, 'Glenn', 'Peters', 'stevenbrooks@example.com', '2024-04-08'),
(122, 'Stephen', 'Wallace', 'michael33@example.org', '2023-12-15'),
(123, 'Veronica', 'Keller', 'sschmidt@example.org', '2022-10-11'),
(124, 'Sarah', 'Daniels', 'kmejia@example.net', '2023-06-10'),
(125, 'Steven', 'Castro', 'higginsmatthew@example.com', '2021-04-23'),
(126, 'Luke', 'Lopez', 'gloriacuevas@example.com', '2020-03-30'),
(127, 'Kelly', 'Oliver', 'abrowning@example.org', '2021-01-29'),
(128, 'Joshua', 'Reed', 'kingstephanie@example.com', '2024-07-20'),
(129, 'Daniel', 'Mcdonald', 'charlescurtis@example.net', '2024-02-09'),
(130, 'Robert', 'Kennedy', 'cliffordgriffin@example.net', '2024-05-11'),
(131, 'Amy', 'Lambert', 'romanveronica@example.org', '2021-01-07'),
(132, 'Sean', 'Simon', 'jack28@example.org', '2021-04-03'),
(133, 'Andrew', 'Nguyen', 'sullivandiana@example.org', '2022-06-10'),
(134, 'John', 'Price', 'smithvalerie@example.com', '2023-07-27'),
(135, 'Daniel', 'Lin', 'mkelley@example.org', '2023-05-02'),
(136, 'Robert', 'Galloway', 'brooksjeffrey@example.org', '2023-10-08'),
(137, 'Dawn', 'Dean', 'sarahcross@example.org', '2024-06-15'),
(138, 'Denise', 'Trevino', 'charlesbenjamin@example.org', '2022-10-07'),
(139, 'Amber', 'Brown', 'butlerjessica@example.org', '2022-08-11'),
(140, 'Michael', 'Sanchez', 'jon64@example.com', '2020-05-13'),
(141, 'Nicholas', 'Wilson', 'michaelstevens@example.net', '2022-02-14'),
(142, 'Allison', 'Gonzalez', 'christina45@example.org', '2020-01-21'),
(143, 'Elizabeth', 'Lynch', 'davidsonrebecca@example.org', '2024-10-03'),
(144, 'Andrew', 'Vega', 'tyler79@example.net', '2023-05-15'),
(145, 'Joshua', 'White', 'jaime66@example.com', '2021-11-25'),
(146, 'Michael', 'Russo', 'dianacoleman@example.com', '2020-12-12'),
(147, 'Devin', 'Sanchez', 'nwalter@example.org', '2024-01-05'),
(148, 'Elizabeth', 'Brown', 'william44@example.net', '2023-08-13'),
(149, 'Lauren', 'Mccoy', 'fdawson@example.net', '2024-03-07'),
(150, 'Holly', 'Bowen', 'gregorychristian@example.net', '2021-02-28');

INSERT INTO Loans (loan_id, book_id, member_id, loan_date, due_date, return_date) VALUES
(1, 163, 96, '1980-03-24', '2001-03-20', '1987-07-13'),
(2, 110, 142, '1976-07-22', '1996-08-05', '1992-02-03'),
(4, 87, 124, '2000-05-14', '2007-10-31', '2022-10-13'),
(6, 12, 89, '1971-08-20', '1978-05-27', '1981-08-06'),
(7, 8, 59, '1973-10-03', '2022-03-12', '2022-01-17'),
(8, 161, 14, '1971-06-27', '1994-11-18', '1977-04-09'),
(10, 170, 20, '1972-12-01', '1985-07-09', '2001-04-30');

INSERT INTO Penalties (penalty_id, loan_id, penalty_amount, penalty_date) VALUES
(1, 10, 6715, '1988-06-27'),
(2, 10, 7509, '2007-04-14'),
(3, 10, 9406, '1993-10-06'),
(5, 7, 7842, '1988-07-24'),
(8, 1, 7982, '1984-05-18'),
(9, 7, 4666, '2013-04-27'),
(10, 4, 5370, '1997-04-13');