INSERT INTO Customers (customer_id, first_name, last_name, email, phone, registration_date) VALUES
(1, 'Yvonne', 'Hayes', 'brooksbobby@example.net', '8579285992', '2024-02-12'),
(2, 'Shaun', 'Lambert', 'alyssagibbs@example.com', '380.426.8945x98', '2020-04-19'),
(3, 'Michael', 'Hall', 'melissa07@example.net', '970-862-3377x76', '2024-03-31'),
(4, 'Jorge', 'Garcia', 'mccartydamon@example.org', '481.920.2376x36', '2022-05-29'),
(5, 'Thomas', 'Wallace', 'nicole03@example.com', '(927)781-8424x8', '2023-11-18'),
(6, 'Melissa', 'Frye', 'hoffmanjeffrey@example.net', '001-880-808-492', '2021-07-12'),
(7, 'Christopher', 'Williams', 'batesrobert@example.com', '+1-617-490-4220', '2024-05-04'),
(8, 'Mario', 'Mason', 'robertsonleslie@example.com', '(670)880-6097x0', '2023-02-11'),
(9, 'Brenda', 'Maddox', 'kimberlygonzalez@example.com', '+1-534-419-8426', '2022-02-07'),
(10, 'Rebecca', 'Carlson', 'tonyajohnson@example.com', '7495278547', '2022-04-30'),
(11, 'Debra', 'Williams', 'mrivera@example.org', '+1-696-397-4793', '2022-06-23'),
(12, 'Lindsey', 'Richmond', 'villacandice@example.net', '5004353238', '2022-12-11'),
(13, 'Jeremy', 'Orozco', 'allison30@example.net', '(980)734-4381x4', '2022-04-29'),
(14, 'Ricky', 'Ellis', 'kelseycummings@example.net', '424.685.2333x19', '2020-02-27'),
(15, 'Caroline', 'Petersen', 'ycurry@example.net', '+1-446-233-3997', '2023-05-20'),
(16, 'Ryan', 'Ball', 'lwallace@example.org', '4503472208', '2024-05-09'),
(17, 'Michael', 'Stevens', 'mark27@example.net', '8535402370', '2022-10-15'),
(18, 'Laura', 'Monroe', 'ogill@example.com', '001-843-599-740', '2021-07-11'),
(19, 'Gregory', 'Moore', 'cindyjensen@example.org', '201-981-3793x13', '2021-01-03'),
(20, 'Kimberly', 'Hale', 'allen68@example.org', '(718)772-3184x2', '2022-12-16'),
(21, 'Jesse', 'Curtis', 'josephmiranda@example.net', '+1-913-644-9520', '2023-11-14'),
(22, 'Hannah', 'Day', 'larry68@example.com', '001-859-992-271', '2021-11-23'),
(23, 'Tyler', 'Sims', 'michael68@example.com', '390-641-7351', '2021-09-18'),
(24, 'Nicholas', 'Garcia', 'bellmaria@example.com', '+1-342-286-3098', '2022-04-04'),
(25, 'Nicole', 'Thomas', 'sheilacastro@example.net', '+1-657-985-0026', '2020-05-17'),
(26, 'Christine', 'Harris', 'wmoore@example.net', '(385)751-4841x8', '2019-11-23'),
(27, 'Jason', 'Lutz', 'charles66@example.org', '+1-588-744-2552', '2024-04-19'),
(28, 'Phillip', 'Thompson', 'torresrobert@example.com', '(364)721-2887x4', '2020-02-22'),
(29, 'Mark', 'Archer', 'kenneth22@example.com', '574-356-4412x71', '2020-01-04'),
(30, 'James', 'Randolph', 'bryantbrandon@example.com', '001-383-376-716', '2021-08-12'),
(31, 'Monica', 'Lopez', 'melissa16@example.com', '375-442-7180', '2024-06-01'),
(32, 'Courtney', 'Thomas', 'nicoleadams@example.com', '731-371-0248', '2020-03-15'),
(33, 'Jodi', 'Smith', 'gjohns@example.org', '(989)872-5897', '2022-07-12'),
(34, 'Kevin', 'Knapp', 'kbentley@example.net', '329.726.7371x54', '2023-08-28'),
(35, 'Francisco', 'Fernandez', 'huntcassandra@example.org', '4523459814', '2020-06-24'),
(36, 'Kari', 'Murray', 'ftapia@example.com', '(987)957-8802', '2024-06-16'),
(37, 'Penny', 'Swanson', 'ypratt@example.net', '755.446.3136x76', '2020-09-11'),
(38, 'James', 'Rivers', 'williamsjose@example.org', '931-552-3084x35', '2019-11-13'),
(39, 'William', 'Reed', 'anthonysloan@example.net', '+1-527-880-3376', '2021-10-11'),
(40, 'Fernando', 'Chavez', 'kevinsparks@example.org', '001-965-508-449', '2024-09-19'),
(41, 'Jeffrey', 'Brown', 'pamelarogers@example.com', '567-906-5281', '2023-11-16'),
(42, 'Maria', 'Morales', 'ricardo95@example.org', '940.865.9009x50', '2024-08-23'),
(43, 'Amy', 'Carroll', 'freemanjohn@example.org', '+1-429-422-3937', '2020-04-12'),
(44, 'Joshua', 'Jones', 'hollowaygary@example.org', '841.269.4586x43', '2023-11-09'),
(45, 'Tricia', 'Reed', 'deanna94@example.net', '244-753-6469x50', '2024-09-10'),
(46, 'Amanda', 'Padilla', 'ghartman@example.com', '256-879-1010x12', '2021-02-18'),
(47, 'Joel', 'Gomez', 'cathy69@example.com', '261.447.1961', '2023-07-22'),
(48, 'Benjamin', 'Simpson', 'conniesexton@example.net', '(319)510-4375', '2021-07-15'),
(49, 'Brett', 'Thompson', 'haynestravis@example.net', '+1-373-498-4635', '2022-01-31'),
(50, 'Malik', 'Romero', 'mullenmariah@example.org', '+1-546-753-9316', '2019-12-05'),
(51, 'Christopher', 'Harrison', 'crystaldavis@example.org', '(202)217-8547x0', '2020-12-15'),
(52, 'Jeffrey', 'Morris', 'dbrown@example.org', '(769)969-9896', '2021-12-12'),
(53, 'Daniel', 'Allen', 'traciehooper@example.net', '9799861799', '2021-10-24'),
(54, 'William', 'Stevens', 'patricia19@example.org', '(865)411-1992x7', '2023-01-02'),
(55, 'Anthony', 'Chapman', 'wilsondavid@example.net', '+1-612-389-3152', '2023-01-29'),
(56, 'Michael', 'Murphy', 'clarkryan@example.org', '779.874.5085', '2024-02-18'),
(57, 'Kimberly', 'Anderson', 'christinegriffin@example.net', '435.829.0427x33', '2022-09-13'),
(58, 'Emily', 'Leblanc', 'jamesdonald@example.net', '854.722.1205x93', '2023-01-21'),
(59, 'Katherine', 'Schneider', 'brandon91@example.org', '423-232-5045x55', '2024-09-13'),
(60, 'Paula', 'Watts', 'olawrence@example.org', '(920)881-8923x9', '2023-11-02'),
(61, 'Elizabeth', 'Bradford', 'woodsean@example.net', '001-287-705-905', '2022-01-25'),
(62, 'Thomas', 'Duncan', 'gavin70@example.org', '001-597-905-993', '2023-07-06'),
(63, 'Andrea', 'Thomas', 'jacob63@example.org', '(961)465-1630', '2020-09-25'),
(64, 'Kimberly', 'Ellis', 'matthewmccarthy@example.com', '(827)502-3103', '2024-02-02'),
(65, 'Steven', 'Stone', 'erin73@example.org', '872-390-1709x57', '2022-09-22'),
(66, 'Jesse', 'Hill', 'ekelly@example.com', '466.346.5538x60', '2022-04-23'),
(67, 'Steven', 'Sawyer', 'marilynlawrence@example.org', '251-323-4923x84', '2021-07-11'),
(68, 'James', 'Jackson', 'awatkins@example.org', '4799475016', '2023-06-21'),
(69, 'Tammy', 'James', 'michaelwood@example.org', '774.673.4918', '2023-12-04'),
(70, 'Carol', 'Mayer', 'ajones@example.com', '001-615-487-662', '2022-08-20'),
(71, 'Erika', 'Moore', 'stephaniedavis@example.net', '478-619-7159x20', '2024-03-14'),
(72, 'Tyler', 'Brown', 'james49@example.com', '001-314-399-553', '2020-06-29'),
(73, 'Stephanie', 'Colon', 'stephanie02@example.com', '(338)859-8799x5', '2020-06-17'),
(74, 'Mary', 'Sherman', 'kellyreyes@example.net', '5182476612', '2023-06-04'),
(75, 'Gregory', 'Riggs', 'robbinslori@example.net', '001-254-462-470', '2022-04-05'),
(76, 'Kevin', 'Hawkins', 'lauren14@example.com', '274-991-7865', '2021-07-20'),
(77, 'Catherine', 'Fisher', 'linda67@example.org', '+1-296-242-3336', '2020-11-04'),
(78, 'Brian', 'Ramsey', 'michaelpage@example.org', '+1-218-966-2285', '2022-05-08'),
(79, 'Joshua', 'Rodriguez', 'pleon@example.com', '877-796-7545', '2022-08-13'),
(80, 'Donald', 'Costa', 'mark19@example.com', '(544)369-1511x1', '2020-11-20'),
(81, 'Cindy', 'Schmidt', 'rodgerskatherine@example.net', '693.431.7199x82', '2019-11-29'),
(82, 'Elizabeth', 'Proctor', 'anthonymoon@example.net', '(308)910-1845x0', '2023-08-30'),
(83, 'Andrea', 'Munoz', 'michaeltorres@example.com', '7845065244', '2022-07-15'),
(84, 'Catherine', 'Coleman', 'sarah98@example.org', '316-911-4876x22', '2022-05-09'),
(85, 'Brandon', 'Russell', 'nathan55@example.com', '878-426-3645x87', '2023-06-09'),
(86, 'Pamela', 'Walton', 'bradleygonzalez@example.com', '204-373-1672x69', '2023-11-06'),
(87, 'Virginia', 'Harris', 'martindouglas@example.org', '(718)747-9557x6', '2023-08-25'),
(88, 'Brett', 'Palmer', 'jamesmartinez@example.net', '905-961-1775x35', '2021-06-08'),
(89, 'Lisa', 'Rollins', 'mary06@example.com', '+1-420-853-9950', '2021-01-11'),
(90, 'Tonya', 'Brown', 'troy51@example.org', '886.686.6022', '2022-12-16'),
(91, 'Rebekah', 'White', 'charleswheeler@example.com', '232.916.3099x82', '2022-06-11'),
(92, 'Cory', 'Dudley', 'smontes@example.org', '4239755910', '2021-05-22'),
(93, 'Sarah', 'Merritt', 'cindy33@example.org', '001-266-752-393', '2022-03-29'),
(94, 'Shannon', 'Hogan', 'miajones@example.net', '+1-874-691-1804', '2021-01-16'),
(95, 'Deborah', 'Davis', 'hrodriguez@example.com', '743-280-2183x49', '2022-02-14'),
(96, 'Charles', 'Fernandez', 'tyler26@example.org', '(981)659-2601x3', '2022-05-24'),
(97, 'Alicia', 'Haas', 'leslie15@example.org', '436-819-7288x43', '2020-08-27'),
(98, 'Matthew', 'Mitchell', 'cynthia63@example.org', '(524)673-0998', '2024-04-23'),
(99, 'Victoria', 'Villarreal', 'jasminewhite@example.com', '+1-825-399-8500', '2022-02-13'),
(100, 'Stacey', 'Graham', 'jjones@example.net', '570.545.9678x42', '2024-05-05'),
(101, 'Albert', 'Richardson', 'brittanychase@example.net', '+1-345-730-3330', '2024-05-26'),
(102, 'Matthew', 'Davila', 'christine76@example.net', '+1-283-692-5985', '2023-07-23'),
(103, 'Donna', 'Gonzalez', 'dorothycoleman@example.net', '+1-439-921-3418', '2024-06-29'),
(104, 'Michael', 'Carson', 'ohiggins@example.com', '(753)481-1738x8', '2022-03-17'),
(105, 'Judith', 'Lin', 'williamgarcia@example.com', '001-355-267-390', '2019-11-15'),
(106, 'Mark', 'Lopez', 'lisa12@example.org', '827.216.0741x60', '2022-12-13'),
(107, 'Candace', 'Conrad', 'smithsteven@example.org', '946-401-7063', '2022-05-23'),
(108, 'Samuel', 'Torres', 'klinemelissa@example.org', '001-396-293-568', '2024-01-11'),
(109, 'William', 'Simpson', 'vfowler@example.net', '783.728.5173x30', '2024-04-06'),
(110, 'Destiny', 'Parker', 'stephen14@example.net', '561-262-2386x21', '2023-10-01'),
(111, 'Jillian', 'Harrington', 'huangjennifer@example.net', '(672)289-7241', '2021-06-14'),
(112, 'Mark', 'Griffith', 'epatterson@example.org', '(234)695-6641x7', '2024-05-09'),
(113, 'Sandra', 'Davis', 'juan34@example.net', '850-262-0023x49', '2020-09-09'),
(114, 'Austin', 'Stokes', 'barnesrachel@example.org', '+1-593-749-4959', '2024-09-09'),
(115, 'Daniel', 'Hansen', 'nsanders@example.net', '266.280.6541x83', '2020-03-18'),
(116, 'Ryan', 'Woods', 'yolson@example.net', '721-220-7400', '2021-07-03'),
(117, 'Jennifer', 'Thornton', 'ksimmons@example.com', '713.607.2168x10', '2023-04-09'),
(118, 'Denise', 'Sanchez', 'gbrown@example.org', '+1-316-990-1003', '2022-03-12'),
(119, 'Mackenzie', 'Austin', 'johnsonjohn@example.net', '759-346-4861', '2023-06-04'),
(120, 'Angela', 'Flores', 'david06@example.com', '(723)259-4545', '2021-10-17'),
(121, 'Sandra', 'Fisher', 'ritaray@example.org', '834-670-0227x04', '2020-07-10'),
(122, 'Stephanie', 'Jackson', 'nicholas90@example.com', '+1-582-865-6907', '2020-12-02'),
(123, 'Lisa', 'Delgado', 'watsonstanley@example.com', '(748)957-5518', '2022-04-14'),
(124, 'Kevin', 'Johnston', 'jasoncopeland@example.com', '9354762638', '2024-05-17'),
(125, 'Jeffrey', 'Bass', 'natalie75@example.org', '(546)829-1487', '2024-01-05'),
(126, 'Allison', 'Johnston', 'ffleming@example.com', '+1-210-353-5125', '2024-01-01'),
(127, 'George', 'Moreno', 'xhoward@example.org', '470.507.2581x83', '2024-06-15'),
(128, 'Brian', 'Johnson', 'newmanrobert@example.org', '+1-396-395-0936', '2024-04-04'),
(129, 'Brittany', 'Wilson', 'oflores@example.net', '(796)361-5444', '2024-01-26'),
(130, 'Michelle', 'Lyons', 'tara14@example.com', '240.955.9802', '2023-10-05'),
(131, 'Austin', 'Baker', 'barnesjessica@example.org', '+1-258-422-1739', '2023-02-14'),
(132, 'Jessica', 'Alvarez', 'parknatalie@example.org', '764-706-1989x36', '2022-09-24'),
(133, 'Jamie', 'Allen', 'xrogers@example.org', '001-240-375-252', '2021-10-07'),
(134, 'Debbie', 'Gomez', 'nholt@example.net', '909-471-4047', '2022-04-28'),
(135, 'Kayla', 'Reilly', 'carrolltricia@example.com', '001-922-842-041', '2023-12-21'),
(136, 'Beth', 'Salazar', 'jenniferbrown@example.com', '001-558-244-782', '2024-02-04'),
(137, 'Sarah', 'Day', 'michael24@example.com', '(987)288-8951x0', '2023-06-13'),
(138, 'Greg', 'Miller', 'christopher49@example.com', '343.858.7351x28', '2023-03-10'),
(139, 'Marie', 'Young', 'amy38@example.net', '(333)678-4684x7', '2022-03-26'),
(140, 'Alicia', 'Bradley', 'alexander02@example.org', '+1-712-201-3367', '2021-10-19'),
(141, 'Joy', 'Taylor', 'sharoncarter@example.org', '934.224.3802x83', '2023-05-21'),
(142, 'David', 'Kane', 'robbinsangela@example.org', '(541)730-5858', '2021-10-15'),
(143, 'Richard', 'Green', 'stephanie94@example.net', '938.442.1999', '2022-06-26'),
(144, 'Jeffery', 'Kim', 'harrisedward@example.net', '545-779-3777', '2020-03-29'),
(145, 'Annette', 'Ortiz', 'armstrongelizabeth@example.net', '772-294-9805x82', '2022-05-09'),
(146, 'Jared', 'Boyd', 'ramseychristina@example.net', '+1-885-270-4094', '2021-09-28'),
(147, 'Jackie', 'Galloway', 'ellen53@example.com', '(847)536-9876x7', '2024-10-03'),
(148, 'Kimberly', 'Chavez', 'oparsons@example.com', '947-984-0769x04', '2022-04-17'),
(149, 'Steven', 'Wise', 'richard75@example.org', '5928806885', '2022-11-22'),
(150, 'Hunter', 'Callahan', 'kelly98@example.org', '+1-968-605-2715', '2020-05-03'),
(151, 'Austin', 'Bates', 'icannon@example.com', '295.970.4512', '2019-12-27'),
(152, 'Michael', 'Ramsey', 'uferguson@example.net', '226.358.7876x71', '2021-07-15'),
(153, 'Paul', 'Maxwell', 'johnstonjulie@example.com', '(734)999-6175', '2023-01-15'),
(154, 'George', 'Williams', 'mercadobrandon@example.com', '504-397-8096', '2024-08-22'),
(155, 'Ryan', 'Coffey', 'harrislori@example.org', '381-733-4396x20', '2024-08-07'),
(156, 'Zachary', 'Williamson', 'richard56@example.net', '001-949-644-134', '2023-07-07'),
(157, 'David', 'Johnson', 'adamwilcox@example.com', '543.232.1990x34', '2020-12-10'),
(158, 'Nathaniel', 'Fleming', 'brian19@example.org', '781.594.5493x70', '2023-11-16'),
(159, 'Anna', 'Jones', 'colemanandrea@example.org', '+1-599-372-5747', '2021-11-14'),
(160, 'Christopher', 'Chavez', 'rlittle@example.com', '8507866183', '2022-06-26'),
(161, 'Jennifer', 'Sullivan', 'richardsjoshua@example.net', '+1-282-846-0695', '2020-10-16'),
(162, 'Alison', 'Wilson', 'johnhansen@example.com', '(815)785-0534', '2024-03-12'),
(163, 'Joseph', 'Shaw', 'schmidtsheila@example.com', '218.964.0784x39', '2020-06-15'),
(164, 'Kristi', 'Simmons', 'elizabeth25@example.org', '(735)705-3214', '2021-12-17'),
(165, 'Andrew', 'Stewart', 'valdezpatricia@example.org', '818-672-4839x73', '2020-05-05'),
(166, 'Chase', 'Savage', 'irwinlisa@example.net', '001-700-319-978', '2023-12-13'),
(167, 'Daniel', 'Hernandez', 'brownanthony@example.net', '798.951.5631', '2020-10-12'),
(168, 'Catherine', 'Stephens', 'nicholasblanchard@example.net', '(425)709-0306x9', '2020-07-09'),
(169, 'Madison', 'Grimes', 'richardacosta@example.org', '+1-812-629-9060', '2021-10-08'),
(170, 'Dawn', 'Powell', 'harrisonrobert@example.net', '633-407-6580', '2021-03-01'),
(171, 'Steven', 'Stewart', 'wfrey@example.net', '534.485.3481x48', '2021-10-13'),
(172, 'Jose', 'Hatfield', 'david50@example.org', '(867)471-9598x1', '2024-04-08'),
(173, 'Sean', 'White', 'scotthaney@example.com', '522-263-6395x35', '2020-10-22'),
(174, 'Nathan', 'Lucas', 'stephanie17@example.com', '(209)239-5344', '2024-04-18'),
(175, 'Steven', 'Edwards', 'johnstonjeffrey@example.org', '835.367.2385x99', '2021-08-16'),
(176, 'James', 'Wilson', 'staceybradford@example.org', '431-958-7702x41', '2021-06-30'),
(177, 'Cassidy', 'Hansen', 'danielmills@example.org', '(801)879-3552x2', '2024-01-25'),
(178, 'Mitchell', 'Miller', 'david04@example.net', '521-559-2423x13', '2020-01-23'),
(179, 'Alejandro', 'Scott', 'ohowell@example.com', '001-478-933-964', '2023-04-11'),
(180, 'Tammy', 'Byrd', 'hlopez@example.org', '+1-767-877-0098', '2021-08-27'),
(181, 'James', 'Jones', 'barbarawhite@example.net', '(988)990-7922x8', '2022-09-17'),
(182, 'Lisa', 'Lane', 'jessica54@example.net', '727.956.1539x62', '2024-02-04'),
(183, 'Todd', 'Harris', 'thomasalan@example.net', '712.686.4629', '2023-07-29'),
(184, 'Maria', 'Rowland', 'lauren73@example.org', '+1-707-512-2678', '2022-11-10'),
(185, 'Victoria', 'Wilson', 'jrodriguez@example.com', '(870)571-1884', '2022-04-14'),
(186, 'Peter', 'Middleton', 'parkercarolyn@example.com', '2745371162', '2021-11-10'),
(187, 'Jordan', 'Rojas', 'bgarrett@example.org', '231-413-2470', '2020-01-25'),
(188, 'Mark', 'Hughes', 'leslie46@example.org', '+1-978-810-4267', '2020-01-24'),
(189, 'Christina', 'Stevenson', 'melindanash@example.net', '941-832-3975x65', '2019-11-07'),
(190, 'Joseph', 'Schneider', 'gvilla@example.com', '+1-224-329-2259', '2021-11-21'),
(191, 'Mark', 'Burke', 'butlerjennifer@example.com', '803-829-5701', '2020-04-05'),
(192, 'John', 'Price', 'williamwatson@example.org', '+1-425-774-3467', '2022-03-31'),
(193, 'Jeffrey', 'Nelson', 'markmoore@example.org', '001-643-742-429', '2019-10-29'),
(194, 'Deborah', 'Davis', 'devon41@example.net', '223-807-5870', '2021-01-03'),
(195, 'Haley', 'Barber', 'zachary59@example.org', '501.437.3210', '2023-05-25'),
(196, 'Sharon', 'Ford', 'emma07@example.net', '272-783-3791', '2020-09-04'),
(197, 'Belinda', 'Gates', 'ztucker@example.org', '(999)878-4167', '2023-03-21'),
(198, 'Stephen', 'Burton', 'christina24@example.com', '818-412-7482x23', '2024-08-21'),
(199, 'Nicole', 'Gray', 'tapialindsey@example.org', '(661)498-3551', '2023-11-27'),
(200, 'Marcus', 'Brown', 'michelleknapp@example.org', '829.298.7697x55', '2020-10-14'),
(201, 'Jennifer', 'Holt', 'nmoore@example.com', '(294)651-3023', '2022-03-02'),
(202, 'Jeremiah', 'Davis', 'nathanclay@example.com', '294-553-5110', '2021-03-15'),
(203, 'Dawn', 'Mullins', 'heathercarr@example.net', '729-702-4584x75', '2022-02-04'),
(204, 'Lori', 'Bowen', 'chaveznicholas@example.com', '792-686-9971x37', '2023-07-04'),
(205, 'Erin', 'Smith', 'michael32@example.com', '+1-812-283-4117', '2020-04-09'),
(206, 'Cassandra', 'Mccullough', 'kimberlygreen@example.org', '+1-848-453-5707', '2021-06-19'),
(207, 'Carla', 'King', 'beasleybrittney@example.net', '001-837-317-184', '2021-01-23'),
(208, 'Christopher', 'Russell', 'jordan43@example.org', '507-906-2125x63', '2020-02-22'),
(209, 'David', 'Williams', 'amber09@example.org', '424-949-4834x23', '2021-02-09'),
(210, 'Amber', 'Martinez', 'ahooper@example.net', '(897)613-0640', '2019-11-20'),
(211, 'Michael', 'Johnson', 'uallen@example.net', '650-721-7895', '2024-06-19'),
(212, 'Ryan', 'Guzman', 'rodriguezlauren@example.com', '589.459.6251', '2021-07-20'),
(213, 'James', 'Hernandez', 'uhill@example.com', '(360)827-0638x4', '2023-04-01'),
(214, 'Christina', 'Perez', 'tony86@example.net', '001-226-949-396', '2024-10-20'),
(215, 'Samantha', 'Sanchez', 'woodrichard@example.net', '+1-700-530-4422', '2021-12-12'),
(216, 'Tamara', 'Parsons', 'markflores@example.com', '329-775-7223x14', '2023-12-04'),
(217, 'Sarah', 'Weeks', 'joneschelsea@example.org', '001-769-320-768', '2023-06-27'),
(218, 'Scott', 'Fisher', 'lindasmith@example.net', '001-865-685-298', '2022-08-07'),
(219, 'Henry', 'Key', 'carlos39@example.org', '867-300-5891x77', '2022-12-27'),
(220, 'Pamela', 'Barker', 'gabriel72@example.org', '+1-648-597-0884', '2022-10-18'),
(221, 'Christina', 'Allen', 'froberts@example.com', '453.320.1461x92', '2021-07-04'),
(222, 'Amber', 'Warren', 'vross@example.com', '(832)380-5756', '2023-03-08'),
(223, 'Mary', 'Roberts', 'jramsey@example.com', '+1-774-387-2298', '2023-09-08'),
(224, 'Mary', 'Schmidt', 'gloria09@example.org', '440.883.3661x45', '2023-10-22'),
(225, 'Charles', 'Short', 'rodneyprice@example.com', '001-824-428-576', '2020-02-26'),
(226, 'Michele', 'Walton', 'kristina85@example.com', '+1-298-868-3414', '2022-04-02'),
(227, 'John', 'Martin', 'dandrade@example.net', '290-241-9159x32', '2020-03-04'),
(228, 'Heather', 'Hammond', 'jay11@example.org', '949.732.0571', '2022-05-31'),
(229, 'Todd', 'Perez', 'veronica58@example.org', '860-898-1779x04', '2022-05-21'),
(230, 'Larry', 'Mccarthy', 'gail43@example.net', '843-274-9023x11', '2022-01-21'),
(231, 'Cindy', 'Oliver', 'jonesvickie@example.org', '(204)903-0737x1', '2020-03-10'),
(232, 'Alex', 'Hebert', 'jennifer34@example.net', '+1-349-810-4186', '2023-02-22'),
(233, 'Holly', 'Hester', 'beth30@example.com', '317.444.5515', '2019-11-23'),
(234, 'Felicia', 'Newman', 'erinherman@example.org', '627-614-7825', '2021-08-20'),
(235, 'Danielle', 'Medina', 'jimjohnson@example.org', '+1-717-646-2662', '2024-05-28'),
(236, 'Amanda', 'Mccarthy', 'ellisonmindy@example.org', '4136884799', '2021-02-20'),
(237, 'Christopher', 'Hall', 'alvarezdaniel@example.net', '001-763-212-334', '2021-12-06'),
(238, 'Roberta', 'Hobbs', 'mary84@example.org', '+1-859-753-7487', '2020-02-21'),
(239, 'Thomas', 'Leonard', 'sherrimiller@example.org', '918.327.1891', '2020-12-01'),
(240, 'Christopher', 'Thomas', 'flowerselizabeth@example.com', '001-919-332-299', '2021-03-06'),
(241, 'Tara', 'Bates', 'sbennett@example.org', '+1-817-979-6882', '2023-02-11'),
(242, 'Joel', 'Smith', 'heatherfox@example.net', '986-427-2769', '2022-07-24'),
(243, 'Colleen', 'Mcmahon', 'gbrown@example.com', '(463)376-4389x2', '2020-04-17'),
(244, 'Alejandra', 'Spears', 'timothywhite@example.net', '+1-218-993-9572', '2022-02-08'),
(245, 'Wayne', 'Kim', 'qcook@example.net', '472-861-8418', '2023-04-11'),
(246, 'Patrick', 'Olsen', 'connor36@example.org', '835-821-5729', '2021-10-12'),
(247, 'Willie', 'Dougherty', 'lortiz@example.com', '+1-324-508-8707', '2019-11-30'),
(248, 'Shelby', 'Solis', 'loririchard@example.net', '(432)891-3630', '2020-11-20'),
(249, 'Amanda', 'Franklin', 'billyhuang@example.org', '426.299.6462x70', '2024-07-03'),
(250, 'Nicole', 'Stuart', 'nicole03@example.org', '422.417.3266x11', '2020-01-28'),
(251, 'Jennifer', 'Jefferson', 'xbrown@example.org', '001-619-331-759', '2020-05-24'),
(252, 'Christina', 'Matthews', 'morrisnicholas@example.org', '944-576-6415', '2022-07-03'),
(253, 'Cheryl', 'Singh', 'collinwebb@example.org', '+1-636-231-3435', '2020-03-06'),
(254, 'Mercedes', 'Lewis', 'uturner@example.com', '339.429.5893x92', '2022-06-07'),
(255, 'Phillip', 'Johnson', 'katrinataylor@example.com', '933-503-7653x54', '2022-12-13'),
(256, 'Robert', 'Ellis', 'michelle71@example.org', '5625355059', '2020-12-26'),
(257, 'Michael', 'Decker', 'deborahgallegos@example.net', '(955)856-1757', '2022-10-29'),
(258, 'Teresa', 'Sanchez', 'jamesreed@example.net', '(398)437-6044x5', '2020-08-26'),
(259, 'Thomas', 'Austin', 'kevin22@example.org', '447.477.9594', '2020-01-03'),
(260, 'Jose', 'Hampton', 'matthew64@example.org', '+1-915-647-3781', '2023-05-30'),
(261, 'Bobby', 'Cameron', 'michellegreen@example.org', '4125705600', '2023-11-15'),
(262, 'Angela', 'Humphrey', 'ncruz@example.org', '724.275.8008', '2023-01-18'),
(263, 'Jacqueline', 'Castaneda', 'emartin@example.org', '+1-921-882-4035', '2023-07-28'),
(264, 'Marie', 'Raymond', 'yhaynes@example.org', '(778)727-8772', '2024-05-20'),
(265, 'Christina', 'Chambers', 'jason45@example.org', '8777651008', '2024-01-30'),
(266, 'Steven', 'Mendez', 'susangriffin@example.org', '6488104149', '2024-01-28'),
(267, 'Ray', 'Snyder', 'charles69@example.org', '(524)321-3155', '2021-08-04'),
(268, 'Rebecca', 'Payne', 'johnnunez@example.com', '(927)278-6262', '2021-09-29'),
(269, 'Yolanda', 'Lopez', 'walkerjuan@example.net', '+1-818-454-8376', '2019-11-08'),
(270, 'Meghan', 'Gray', 'elizabethgarcia@example.com', '(443)551-4842', '2024-07-22'),
(271, 'Diana', 'Foster', 'chelsea54@example.net', '001-427-886-358', '2022-01-28'),
(272, 'Jason', 'Mendoza', 'johnsgary@example.org', '477.861.6774x88', '2019-11-26'),
(273, 'Angela', 'Rogers', 'davidsonmelinda@example.org', '647.276.8666', '2022-11-21'),
(274, 'Michael', 'Williamson', 'yvazquez@example.com', '708.620.4532x24', '2020-10-02'),
(275, 'Mark', 'Harris', 'jonathonandersen@example.com', '(583)280-6404x1', '2024-07-28'),
(276, 'Catherine', 'West', 'davidhenderson@example.org', '(835)205-6481', '2021-09-27'),
(277, 'Christian', 'Oconnor', 'jasmine93@example.net', '244-371-5465', '2022-02-06'),
(278, 'Michael', 'Hall', 'pmiller@example.org', '958.602.8350', '2024-10-07'),
(279, 'Katherine', 'English', 'shelbychapman@example.com', '(587)865-4807x8', '2020-01-20'),
(280, 'Caleb', 'Joseph', 'blackwelljim@example.net', '+1-921-724-2903', '2022-09-30'),
(281, 'Jerry', 'Hill', 'normanjessica@example.org', '255-494-1593x55', '2022-04-04'),
(282, 'Brianna', 'Foster', 'mathislarry@example.org', '+1-399-453-6962', '2023-10-31'),
(283, 'Kristen', 'Moore', 'vasquezjames@example.com', '328-628-5362x10', '2024-08-09'),
(284, 'Daniel', 'Mendoza', 'petersnyder@example.net', '930.847.3892x80', '2024-05-05'),
(285, 'Felicia', 'Martinez', 'ubecker@example.org', '+1-756-890-4899', '2019-10-26'),
(286, 'Jennifer', 'Odom', 'cmckinney@example.com', '001-684-977-010', '2022-08-27'),
(287, 'Blake', 'Huang', 'griffinalexander@example.org', '001-348-379-083', '2021-11-22'),
(288, 'Sophia', 'Johnson', 'sholt@example.net', '644-642-9752x07', '2023-05-29'),
(289, 'Mark', 'Ramirez', 'johnsonmary@example.net', '+1-207-902-8223', '2024-09-11'),
(290, 'Christopher', 'Rivera', 'joneszachary@example.com', '758.604.5754', '2023-09-11'),
(291, 'Thomas', 'Richmond', 'ggriffin@example.com', '895-844-0111x33', '2022-11-03'),
(292, 'Yvette', 'Wise', 'gutierrezjames@example.net', '001-682-834-846', '2023-01-04'),
(293, 'Tony', 'Randall', 'tylerbray@example.net', '001-545-415-795', '2023-09-19'),
(294, 'Jane', 'Garcia', 'megan74@example.org', '426.351.1145x65', '2019-11-08'),
(295, 'Mary', 'Brown', 'xmorales@example.org', '813-721-9231', '2024-03-06'),
(296, 'Tonya', 'Wyatt', 'timothy35@example.com', '+1-491-693-8669', '2020-07-27'),
(297, 'Pamela', 'Dawson', 'bonniebutler@example.net', '001-326-881-337', '2023-11-06'),
(298, 'Timothy', 'Johnson', 'trollins@example.org', '001-306-966-669', '2024-09-20'),
(299, 'Wendy', 'Gomez', 'alexanderbell@example.net', '+1-335-693-0108', '2023-05-09'),
(300, 'Frederick', 'Maxwell', 'roycampos@example.net', '001-635-464-983', '2022-09-12'),
(301, 'Cynthia', 'Arnold', 'robert95@example.net', '3139391153', '2024-05-10'),
(302, 'Martha', 'Spence', 'cmorris@example.net', '(622)860-1192', '2024-07-03'),
(303, 'Peter', 'Jimenez', 'emilyreed@example.org', '732-232-3260x88', '2023-01-22'),
(304, 'Sean', 'Jones', 'blewis@example.net', '(930)538-7033x7', '2020-04-11'),
(305, 'Christopher', 'Rodriguez', 'mparker@example.com', '766-602-2686x44', '2023-06-07'),
(306, 'John', 'Mckenzie', 'jnguyen@example.com', '(735)431-7151x4', '2022-10-31'),
(307, 'Miguel', 'Juarez', 'justin80@example.org', '(372)761-1506', '2023-10-10'),
(308, 'Jeffrey', 'Walker', 'grossbrittney@example.com', '6208546869', '2023-09-30'),
(309, 'Jasmine', 'Clay', 'uhayes@example.com', '204-203-7174x27', '2022-03-28'),
(310, 'Michael', 'Melendez', 'cantujorge@example.org', '001-973-871-764', '2020-09-14'),
(311, 'Vanessa', 'Floyd', 'zthompson@example.net', '358-359-9731x09', '2024-01-07'),
(312, 'Debra', 'Herrera', 'isanchez@example.net', '001-806-812-521', '2022-06-12'),
(313, 'Laura', 'Choi', 'jillian33@example.com', '354.700.6322', '2020-05-08'),
(314, 'Chris', 'Sanchez', 'april28@example.net', '6254961599', '2022-10-24'),
(315, 'Kimberly', 'Horn', 'tmeyer@example.org', '001-275-650-130', '2023-06-17'),
(316, 'Samuel', 'Williamson', 'rodriguezchristopher@example.com', '461-860-4033x40', '2022-10-14'),
(317, 'Sonya', 'Rodriguez', 'david99@example.com', '+1-649-662-0656', '2021-09-28'),
(318, 'Evan', 'Perkins', 'moneal@example.com', '240-957-5586x53', '2020-03-17'),
(319, 'Antonio', 'Webb', 'jeremy69@example.com', '976-213-7077', '2021-12-24'),
(320, 'Curtis', 'Tyler', 'baileykristin@example.org', '001-616-865-466', '2024-04-11'),
(321, 'Tracy', 'Kim', 'reedelizabeth@example.com', '725-680-6037x03', '2024-03-09'),
(322, 'Lindsay', 'Reyes', 'lynnleon@example.org', '001-838-941-799', '2022-04-23'),
(323, 'Jennifer', 'Hinton', 'tammywilliams@example.com', '6539251170', '2019-11-13'),
(324, 'Lauren', 'Johnson', 'natalie38@example.org', '409.367.7409', '2022-12-24'),
(325, 'Amber', 'Carter', 'douglasclark@example.org', '364.451.0822x69', '2021-04-29'),
(326, 'Brian', 'Hart', 'alyons@example.net', '670-613-1997', '2024-01-27'),
(327, 'Sonya', 'Dyer', 'joseph00@example.org', '568-755-2131', '2023-12-29'),
(328, 'Scott', 'Hernandez', 'gbeck@example.org', '518.231.4994', '2024-05-07'),
(329, 'Rebecca', 'Johnson', 'dylanroberts@example.org', '650-671-1700', '2020-12-11'),
(330, 'Todd', 'Preston', 'ygates@example.com', '+1-994-430-6785', '2020-04-30'),
(331, 'Terri', 'Matthews', 'tanya02@example.net', '+1-815-796-5075', '2021-03-07'),
(332, 'Amber', 'Michael', 'deckerbenjamin@example.org', '+1-605-850-7469', '2021-12-29'),
(333, 'Nicole', 'Johnson', 'daviesgeorge@example.org', '3636499272', '2022-04-06'),
(334, 'Isabel', 'Andrade', 'campbelldanielle@example.com', '394.706.3446x65', '2024-04-19'),
(335, 'William', 'Brennan', 'umoran@example.com', '915-275-5644x87', '2024-02-04'),
(336, 'Donna', 'Cox', 'sdavidson@example.org', '471-733-8175x08', '2020-03-06'),
(337, 'Samantha', 'Sanders', 'srice@example.net', '706-240-3704', '2021-08-07'),
(338, 'David', 'Fitzgerald', 'storres@example.com', '206.687.1795', '2020-11-29'),
(339, 'Todd', 'Baker', 'kimhoward@example.net', '464-463-6802x30', '2019-11-24'),
(340, 'Juan', 'Parker', 'parkerbianca@example.net', '(710)284-6322x3', '2022-12-26'),
(341, 'Julie', 'Williams', 'mmeyers@example.com', '(718)881-1880x9', '2022-01-24'),
(342, 'William', 'Frey', 'garciamichele@example.net', '897.855.0573x46', '2021-03-18'),
(343, 'Carrie', 'Peterson', 'gweiss@example.com', '(829)575-0121x9', '2022-09-19'),
(344, 'Christina', 'Sandoval', 'christopherrandall@example.com', '860.884.5633x69', '2024-08-22'),
(345, 'Christina', 'Kaufman', 'scott02@example.org', '9573510430', '2020-06-18'),
(346, 'Katherine', 'Thornton', 'jamescordova@example.org', '7504012682', '2021-12-26'),
(347, 'Sydney', 'Cameron', 'jonescassandra@example.org', '001-524-360-119', '2020-11-05'),
(348, 'Melissa', 'Nichols', 'kevinwyatt@example.com', '+1-929-836-1886', '2022-09-04'),
(349, 'Jason', 'Garcia', 'victoriajohnson@example.org', '965-981-2142x62', '2021-11-15'),
(350, 'Robert', 'Andersen', 'jenniferhamilton@example.com', '001-659-253-650', '2023-10-05'),
(351, 'John', 'Hancock', 'shawntorres@example.org', '+1-426-503-5020', '2024-05-14'),
(352, 'Samantha', 'Cohen', 'uhunter@example.net', '776.646.8451x54', '2022-07-03'),
(353, 'Tracy', 'Martin', 'claire68@example.net', '710.854.4035x08', '2022-02-26'),
(354, 'Bianca', 'Steele', 'nicole80@example.org', '512.219.0293', '2020-10-11'),
(355, 'Brenda', 'Davis', 'richardkathryn@example.org', '(228)317-8189x2', '2022-01-23'),
(356, 'Jennifer', 'Harris', 'vbishop@example.org', '+1-284-397-7572', '2022-11-07'),
(357, 'Gregory', 'Woods', 'williamsjohn@example.com', '(323)882-2894x1', '2020-01-02'),
(358, 'Kenneth', 'Jones', 'craig81@example.net', '001-256-612-516', '2023-08-24'),
(359, 'Susan', 'Townsend', 'seantorres@example.com', '001-414-844-585', '2022-03-26'),
(360, 'Jacob', 'Glenn', 'leslie84@example.net', '(505)994-2245x4', '2021-11-01'),
(361, 'James', 'Tyler', 'eric53@example.net', '(995)299-5520', '2023-11-10'),
(362, 'Jason', 'Wiley', 'amandaking@example.org', '001-625-897-640', '2024-08-16'),
(363, 'Rebecca', 'Lester', 'lpetersen@example.net', '980-244-8618', '2023-12-09'),
(364, 'Allen', 'Fischer', 'brandon98@example.net', '001-756-479-707', '2022-12-15'),
(365, 'Brandon', 'Ferguson', 'roliver@example.net', '(282)909-1097x7', '2022-09-16'),
(366, 'John', 'Mccoy', 'alexis55@example.org', '001-720-689-965', '2022-11-24'),
(367, 'Allison', 'Jarvis', 'hryan@example.org', '(814)487-8351', '2020-11-30'),
(368, 'Diana', 'Cox', 'gsmith@example.com', '959.200.4810', '2024-03-11'),
(369, 'Dawn', 'Hernandez', 'jenkinsmary@example.org', '708.491.7507', '2024-08-17'),
(370, 'Anthony', 'Wheeler', 'navarrojenna@example.com', '360-991-6763', '2023-10-21'),
(371, 'James', 'Collins', 'calderonnathaniel@example.net', '966-722-4857x81', '2023-02-24'),
(372, 'Charles', 'Lucas', 'joshua07@example.com', '740.797.3098x64', '2023-08-23'),
(373, 'Teresa', 'Ballard', 'lrichmond@example.org', '+1-927-595-7819', '2024-05-01'),
(374, 'Phillip', 'Gray', 'blankenshipmary@example.org', '3776334823', '2023-01-03'),
(375, 'Christian', 'Reynolds', 'xlang@example.net', '661.272.2530', '2023-10-29'),
(376, 'Kelsey', 'Allison', 'michaelnatasha@example.org', '500-485-5014x52', '2024-07-12'),
(377, 'Aaron', 'Chandler', 'hernandezjacob@example.org', '9885258626', '2022-12-18'),
(378, 'Lisa', 'Harris', 'michele72@example.net', '001-761-399-951', '2022-12-10'),
(379, 'Michael', 'Hebert', 'lori34@example.net', '261.746.8782', '2020-04-25'),
(380, 'Kelly', 'Evans', 'morgan88@example.com', '7413943601', '2021-12-27'),
(381, 'Ruth', 'Hall', 'hannahbarrera@example.org', '832.307.1659x42', '2024-09-30'),
(382, 'Regina', 'Bishop', 'gardnergary@example.com', '001-242-788-855', '2024-06-12'),
(383, 'Theodore', 'Anderson', 'steven17@example.net', '001-494-339-956', '2021-11-23'),
(384, 'Timothy', 'Terrell', 'nicole96@example.org', '(636)227-1070', '2020-11-19'),
(385, 'John', 'Wright', 'underwoodchristine@example.net', '815.800.6703x81', '2021-06-07'),
(386, 'Travis', 'Dodson', 'ajohnson@example.org', '+1-614-525-3476', '2022-03-16'),
(387, 'Samantha', 'Thomas', 'dansimon@example.org', '968.316.5474x32', '2022-03-14'),
(388, 'Jonathon', 'Jenkins', 'martinjames@example.net', '8917585384', '2020-07-23'),
(389, 'Calvin', 'Nelson', 'ibarber@example.com', '374-556-9738', '2021-06-24'),
(390, 'Stephanie', 'Figueroa', 'matthewcox@example.com', '+1-263-259-5689', '2024-01-18'),
(391, 'Brittany', 'Rodriguez', 'idouglas@example.net', '001-471-979-736', '2021-03-08'),
(392, 'Monique', 'Johnson', 'nathan48@example.org', '001-849-391-025', '2020-08-07'),
(393, 'Hunter', 'Benton', 'anita09@example.net', '(523)375-3121', '2020-06-23'),
(394, 'Matthew', 'Anderson', 'gavila@example.org', '4695566350', '2023-01-14'),
(395, 'Daniel', 'Barber', 'kking@example.net', '628.642.7851x21', '2021-06-12'),
(396, 'Erin', 'Rosario', 'wlewis@example.org', '670.921.3430', '2022-08-05'),
(397, 'Alyssa', 'Stokes', 'perrysusan@example.org', '001-578-652-141', '2020-05-23'),
(398, 'Melissa', 'Castaneda', 'hoffmanjames@example.net', '001-310-396-242', '2024-03-26'),
(399, 'Christian', 'Bryant', 'williamwashington@example.org', '(434)413-4164', '2020-12-25'),
(400, 'Maria', 'Townsend', 'smithjeremy@example.org', '001-406-538-130', '2022-03-14'),
(401, 'Michael', 'Stephenson', 'wclarke@example.org', '001-454-482-996', '2022-01-19'),
(402, 'Sara', 'Mitchell', 'dholmes@example.com', '650-751-1000', '2021-09-01'),
(403, 'Dale', 'Middleton', 'millscody@example.org', '001-788-989-075', '2020-11-19'),
(404, 'Nicholas', 'Clark', 'stevenselizabeth@example.net', '(305)597-4952x9', '2022-06-12'),
(405, 'Eric', 'Rodriguez', 'raymond70@example.com', '796.367.6359x90', '2022-10-02'),
(406, 'Steven', 'Barrett', 'bmartinez@example.org', '(318)331-8068', '2024-05-14'),
(407, 'Miguel', 'Knight', 'alexandersmith@example.net', '389-413-8844x60', '2022-10-02'),
(408, 'Erin', 'Bryan', 'millerryan@example.net', '619.222.5865', '2021-08-19'),
(409, 'Colleen', 'Valenzuela', 'caldwellvictoria@example.com', '(482)848-0263x3', '2022-12-04'),
(410, 'Sarah', 'Holt', 'jsmith@example.org', '637-942-2893x02', '2020-09-06'),
(411, 'Lisa', 'Dunn', 'ucastillo@example.org', '(388)231-1398', '2020-10-21'),
(412, 'Michael', 'Kirby', 'browndaniel@example.com', '315.964.7271', '2023-07-23'),
(413, 'Dustin', 'Pittman', 'gregory58@example.com', '566-704-8533x26', '2021-06-09'),
(414, 'Catherine', 'Davis', 'lopeztiffany@example.net', '421.250.5618', '2021-08-24'),
(415, 'Dorothy', 'Murphy', 'patricia12@example.net', '2219341018', '2022-02-13'),
(416, 'Amanda', 'Rodriguez', 'fwright@example.com', '+1-520-419-2572', '2024-01-28'),
(417, 'William', 'Cook', 'parkerjesse@example.com', '640-888-2742', '2022-05-16'),
(418, 'Lauren', 'Sullivan', 'robertrichardson@example.com', '001-281-374-964', '2020-06-24'),
(419, 'Kim', 'Daniels', 'harveytina@example.com', '+1-659-284-8533', '2023-01-01'),
(420, 'Lisa', 'Pena', 'brownlisa@example.org', '(796)504-8820x4', '2022-05-26'),
(421, 'Angela', 'Craig', 'pdavid@example.com', '(784)454-9417x7', '2022-09-12'),
(422, 'Nicholas', 'Fernandez', 'davidwatson@example.org', '888.270.7887x28', '2024-09-11'),
(423, 'Brian', 'Miller', 'velezelizabeth@example.org', '744-449-0957x00', '2021-12-30'),
(424, 'Melissa', 'Snyder', 'wbaker@example.net', '(525)251-1208', '2021-04-23'),
(425, 'Valerie', 'Matthews', 'joseph46@example.net', '+1-648-832-0403', '2020-09-30'),
(426, 'Brandon', 'Moore', 'nelsonjames@example.net', '779-562-6163', '2021-08-19'),
(427, 'Justin', 'Wells', 'sharper@example.net', '001-415-580-703', '2022-10-20'),
(428, 'Donald', 'Wilson', 'riveraraymond@example.com', '5707865130', '2024-09-27'),
(429, 'Kevin', 'Young', 'floresshelby@example.com', '(245)549-1557x8', '2021-07-27'),
(430, 'Karina', 'Camacho', 'meghanstephens@example.org', '(210)948-5784x3', '2023-02-15'),
(431, 'Eduardo', 'Baker', 'jessica05@example.com', '281.766.8350', '2023-09-02'),
(432, 'William', 'Wright', 'ecollins@example.com', '(364)726-4826x4', '2019-12-25'),
(433, 'Isaiah', 'Holland', 'micheleconner@example.net', '001-263-545-347', '2023-04-18'),
(434, 'Ernest', 'Johnson', 'cooperhaley@example.org', '(316)830-4088x8', '2022-09-14'),
(435, 'Samantha', 'Gardner', 'bradleykatelyn@example.net', '7907507745', '2022-10-16'),
(436, 'Billy', 'Walters', 'joel36@example.com', '8313465996', '2021-04-13'),
(437, 'Amy', 'Paul', 'ejohnson@example.com', '(676)901-8104x3', '2023-08-14'),
(438, 'Kimberly', 'Reilly', 'vgarcia@example.net', '001-268-730-305', '2024-07-16'),
(439, 'Bryan', 'Mcgrath', 'whenson@example.net', '001-579-260-568', '2024-10-07'),
(440, 'Jacob', 'Ferguson', 'phillip80@example.net', '731-757-7606', '2021-05-31'),
(441, 'Jennifer', 'Farmer', 'adam52@example.com', '958.324.8138x51', '2021-03-28'),
(442, 'Matthew', 'Patel', 'fwalker@example.com', '(422)771-6114x7', '2020-07-14'),
(443, 'Todd', 'Mccoy', 'john14@example.com', '632.993.0676x46', '2023-02-22'),
(444, 'Janice', 'Hicks', 'uwest@example.com', '(613)511-9097x6', '2021-08-23'),
(445, 'Diana', 'Santos', 'nicholas29@example.net', '(384)549-4333x1', '2023-11-17'),
(446, 'Ethan', 'Peterson', 'erica12@example.com', '461.572.9575x57', '2023-09-20'),
(447, 'Jennifer', 'Moses', 'karenwarner@example.com', '6522308910', '2021-05-29'),
(448, 'Erin', 'Mendoza', 'heather66@example.net', '9283397407', '2023-08-19'),
(449, 'Thomas', 'Harper', 'michael63@example.net', '+1-978-628-5634', '2024-10-10'),
(450, 'Amber', 'Bowman', 'qdavis@example.com', '296.328.8374', '2019-10-30'),
(451, 'Keith', 'Villanueva', 'joshua92@example.net', '410-354-4726x67', '2022-11-13'),
(452, 'David', 'Frye', 'houseshawna@example.net', '5204901280', '2022-08-09'),
(453, 'Thomas', 'Ward', 'wanda96@example.com', '518.400.4802', '2020-09-30'),
(454, 'William', 'Wheeler', 'dsmith@example.com', '506-948-8194x03', '2020-12-18'),
(455, 'Robert', 'Riley', 'jacksoncrystal@example.net', '351-858-9084x04', '2021-06-08'),
(456, 'Brandi', 'Hickman', 'smalljames@example.net', '505.436.9898x45', '2021-08-29'),
(457, 'Catherine', 'Hayden', 'phelpsmichael@example.net', '+1-223-209-5034', '2021-09-10'),
(458, 'Brian', 'Mitchell', 'calebshaw@example.org', '(917)311-3741x7', '2024-09-05'),
(459, 'Amanda', 'Mclaughlin', 'perezvanessa@example.net', '239-522-0735x80', '2024-07-03'),
(460, 'Nicholas', 'Hayes', 'ymyers@example.org', '673-541-4784x26', '2020-10-14'),
(461, 'Theresa', 'Harmon', 'kathrynpatterson@example.com', '(345)631-8951x3', '2024-08-09'),
(462, 'Megan', 'Howard', 'ortizmiranda@example.org', '355-367-4260', '2021-05-08'),
(463, 'Timothy', 'Jones', 'gtaylor@example.org', '+1-554-643-4322', '2023-05-09'),
(464, 'Mary', 'Walker', 'kathleen75@example.net', '+1-651-541-8215', '2021-01-19'),
(465, 'Patricia', 'Armstrong', 'butlersonya@example.org', '001-523-973-037', '2021-09-22'),
(466, 'Robert', 'Cooper', 'christopher38@example.net', '+1-871-787-2765', '2022-03-07'),
(467, 'Steven', 'Sherman', 'anthony45@example.com', '5322300163', '2020-09-19'),
(468, 'Bryan', 'Olson', 'markoneill@example.org', '+1-644-972-6054', '2024-09-24'),
(469, 'Joan', 'Robinson', 'cfisher@example.net', '+1-253-541-1835', '2021-09-06'),
(470, 'James', 'Brown', 'usanchez@example.net', '+1-807-713-3816', '2022-03-13'),
(471, 'Stephanie', 'Miller', 'joy72@example.org', '001-435-593-109', '2020-05-22'),
(472, 'Lauren', 'Jones', 'debraharris@example.com', '6323815319', '2020-10-31'),
(473, 'Andrea', 'Porter', 'brandon93@example.org', '839-308-4069', '2019-10-30'),
(474, 'Sarah', 'Valdez', 'cruzisaiah@example.org', '300.916.8172x27', '2021-08-11'),
(475, 'Logan', 'Benson', 'robert81@example.net', '(786)265-8041x4', '2023-04-26'),
(476, 'Heather', 'Lopez', 'logan15@example.org', '9624463173', '2022-10-26'),
(477, 'David', 'Hansen', 'oscarkrause@example.net', '(384)851-8180x7', '2022-04-16'),
(478, 'Brian', 'Nguyen', 'carolkim@example.com', '001-263-749-866', '2023-04-09'),
(479, 'Adam', 'Fox', 'donaldhunter@example.com', '557.203.5169x49', '2020-02-10'),
(480, 'Sheri', 'Dyer', 'lesliebrown@example.org', '668.644.5526x74', '2021-10-20'),
(481, 'Wendy', 'Hernandez', 'diane09@example.com', '664.928.9712x89', '2020-08-21'),
(482, 'Alicia', 'Wong', 'torreskristine@example.org', '337.658.9883', '2022-08-15'),
(483, 'Jeffrey', 'Collier', 'mccalljudy@example.net', '(775)804-9469x6', '2021-02-19'),
(484, 'Nicole', 'Guzman', 'alexandria28@example.net', '515.454.9504x71', '2023-08-26'),
(485, 'Amanda', 'Allen', 'danielle72@example.com', '323-875-5518x16', '2024-05-19'),
(486, 'Travis', 'Johnson', 'jason70@example.com', '(611)901-4586x8', '2023-05-26'),
(487, 'Jesus', 'Davis', 'tinachristian@example.net', '853.603.5874', '2023-07-04'),
(488, 'John', 'Wright', 'hernandezheather@example.com', '625-373-0133x19', '2024-04-04'),
(489, 'Kristina', 'Wade', 'roberthampton@example.com', '+1-527-913-4055', '2024-01-25'),
(490, 'Renee', 'Everett', 'jose97@example.com', '(358)547-2100x7', '2020-01-22'),
(491, 'William', 'Gordon', 'christopherdavis@example.net', '553-300-6278x11', '2022-07-12'),
(492, 'Juan', 'Martinez', 'brenda43@example.com', '+1-800-941-0295', '2023-07-09'),
(493, 'Mary', 'Reid', 'howardjames@example.com', '001-704-913-019', '2024-03-31'),
(494, 'Andre', 'Knight', 'jamesflores@example.org', '001-392-381-852', '2023-03-07'),
(495, 'Ann', 'Petersen', 'qsmith@example.net', '839.632.3038', '2022-01-26'),
(496, 'Samantha', 'Miller', 'howardterri@example.org', '285.452.3840', '2024-10-21'),
(497, 'Adam', 'Jacobs', 'terrywendy@example.org', '001-986-513-701', '2022-05-14'),
(498, 'Nicole', 'Bailey', 'patrick53@example.net', '7555538547', '2020-11-08'),
(499, 'Alexander', 'Brady', 'rebeccaarmstrong@example.org', '904.219.0968x40', '2022-09-14'),
(500, 'Gregory', 'Allison', 'gloverscott@example.net', '(558)960-6597x7', '2020-03-18'),
(501, 'Eugene', 'Hernandez', 'jessicabird@example.com', '+1-922-286-9567', '2022-05-07'),
(502, 'William', 'Kelley', 'grahamsherry@example.com', '(798)495-6518x1', '2020-06-18'),
(503, 'Teresa', 'Curtis', 'hatfieldamber@example.net', '814-923-8215', '2020-09-28'),
(504, 'James', 'Garcia', 'alexanderreeves@example.org', '6752509248', '2020-10-28'),
(505, 'Allison', 'Ruiz', 'alexandranelson@example.org', '6776643969', '2020-01-02'),
(506, 'Bailey', 'Fox', 'ltran@example.net', '725-341-4977x09', '2021-09-16'),
(507, 'Sarah', 'Sullivan', 'stokeslauren@example.org', '551.644.2520', '2024-09-28'),
(508, 'Diana', 'Tate', 'miranda60@example.org', '806-990-4380', '2021-02-08'),
(509, 'Craig', 'Pierce', 'thomas16@example.com', '549.320.5680', '2024-10-06'),
(510, 'Keith', 'Johnson', 'hillnicole@example.org', '+1-264-666-3962', '2019-11-18'),
(511, 'Justin', 'Cook', 'mcarpenter@example.com', '(352)931-2949', '2023-03-15'),
(512, 'Jason', 'Cook', 'barnessusan@example.net', '+1-295-960-8525', '2023-10-17'),
(513, 'Jennifer', 'Byrd', 'jamesstephens@example.net', '503-454-1775', '2024-04-11'),
(514, 'Mary', 'Morrison', 'kevin20@example.com', '(785)529-8338x8', '2022-09-25'),
(515, 'Justin', 'Villanueva', 'rmeyer@example.net', '+1-564-759-1944', '2021-09-30'),
(516, 'Jeffrey', 'Lewis', 'kellysara@example.org', '907.744.5316x99', '2022-09-09'),
(517, 'David', 'Gomez', 'forbesmatthew@example.net', '001-523-605-076', '2020-04-27'),
(518, 'Rachel', 'Schmitt', 'benjamin99@example.com', '322.998.9443x60', '2023-09-03'),
(519, 'Lori', 'Galvan', 'yvonnemacias@example.org', '(767)963-0975', '2022-07-28'),
(520, 'Donald', 'Stewart', 'scotterik@example.com', '3509132711', '2024-01-17'),
(521, 'Dylan', 'Brock', 'meyerpaul@example.org', '(663)750-0776x2', '2021-05-23'),
(522, 'Terrance', 'Rosario', 'gtodd@example.com', '(677)557-2379x1', '2021-09-11'),
(523, 'Adam', 'Cooper', 'jonesjennifer@example.org', '001-577-605-787', '2024-08-18'),
(524, 'Jason', 'Bonilla', 'andrewjohnson@example.net', '406-774-0871x81', '2023-09-15'),
(525, 'Adrienne', 'Brock', 'youngpeter@example.net', '317-332-9944x50', '2019-12-21'),
(526, 'Kyle', 'Miller', 'espence@example.com', '903.677.7070x91', '2020-11-30'),
(527, 'Xavier', 'Vasquez', 'randygraves@example.com', '(725)423-3255', '2022-05-10'),
(528, 'Joseph', 'Mcclure', 'robinsonkyle@example.com', '863-447-5348x30', '2022-09-02'),
(529, 'Lisa', 'Marshall', 'samantha42@example.net', '(976)843-2900x0', '2022-05-30'),
(530, 'Jacqueline', 'Scott', 'parkeralicia@example.com', '(783)941-1608x2', '2022-10-26'),
(531, 'Courtney', 'Baker', 'onavarro@example.com', '443.852.5741', '2020-06-19'),
(532, 'Manuel', 'Olsen', 'hsimmons@example.net', '(813)372-1332x1', '2023-01-01'),
(533, 'Jennifer', 'Hart', 'cohenjeffrey@example.com', '859.713.8103', '2019-10-31'),
(534, 'Jacob', 'Gonzales', 'igarcia@example.org', '+1-942-619-7380', '2024-08-27'),
(535, 'Glen', 'Martin', 'christianbeverly@example.org', '001-458-796-716', '2021-04-23'),
(536, 'Christopher', 'Cruz', 'stevencurtis@example.com', '485.891.8587', '2022-01-29'),
(537, 'Samantha', 'Campbell', 'matthewrichards@example.com', '875-296-6961x22', '2019-12-23'),
(538, 'Patty', 'Berg', 'cpayne@example.org', '8405862403', '2020-03-19'),
(539, 'Jessica', 'Payne', 'rosejasmine@example.net', '(269)721-7373x9', '2022-01-31'),
(540, 'Nicholas', 'Burnett', 'thomas54@example.net', '001-842-818-852', '2020-11-01'),
(541, 'Cindy', 'Hicks', 'reedchristine@example.net', '001-452-428-630', '2020-10-05'),
(542, 'Kaitlyn', 'Wood', 'vincentrhonda@example.com', '613.252.3360x61', '2022-11-28'),
(543, 'Joseph', 'Shields', 'tweaver@example.net', '(377)914-0581x8', '2024-02-23'),
(544, 'Tanner', 'Hall', 'uhernandez@example.org', '7335868865', '2024-05-12'),
(545, 'Brittany', 'Lopez', 'alexanderjimenez@example.net', '942-351-8883', '2021-04-26'),
(546, 'Kevin', 'Jackson', 'roachzachary@example.com', '539.260.3086x03', '2021-02-09'),
(547, 'Brandi', 'Smith', 'wellskimberly@example.org', '+1-918-756-7027', '2021-03-20'),
(548, 'Tracy', 'Cunningham', 'travisstevens@example.org', '715-557-4508', '2023-03-06'),
(549, 'Christopher', 'Washington', 'john29@example.com', '+1-473-653-8772', '2023-05-11'),
(550, 'Elizabeth', 'Davis', 'katherineelliott@example.net', '(790)470-6537', '2022-02-19'),
(551, 'Russell', 'Hardin', 'john15@example.org', '001-808-795-559', '2021-12-04'),
(552, 'Mary', 'Schmitt', 'eacosta@example.org', '+1-831-614-9957', '2023-09-11'),
(553, 'Elizabeth', 'Hunt', 'karlaanderson@example.net', '+1-796-810-9403', '2021-08-13'),
(554, 'Robert', 'Weaver', 'simmonssean@example.com', '853-678-1797x89', '2020-08-16'),
(555, 'Gina', 'Hodges', 'larryscott@example.org', '(758)232-4213x7', '2022-10-02'),
(556, 'John', 'Hoover', 'ryanhernandez@example.org', '001-758-411-305', '2020-08-09'),
(557, 'David', 'Sullivan', 'mbailey@example.net', '249.962.8921', '2022-02-17'),
(558, 'Timothy', 'Hernandez', 'samantha80@example.org', '702.730.6160', '2023-12-22'),
(559, 'Kristen', 'Torres', 'jonathan17@example.net', '797-757-8724x60', '2023-09-15'),
(560, 'Michael', 'White', 'moorecarol@example.net', '590-958-1293x19', '2023-06-10'),
(561, 'Anthony', 'Koch', 'pferguson@example.org', '+1-271-540-4706', '2023-11-09'),
(562, 'Adam', 'Olsen', 'boydtiffany@example.net', '2117463922', '2019-12-12'),
(563, 'Sarah', 'Stanley', 'crystal96@example.com', '+1-574-859-4983', '2022-09-11'),
(564, 'Gerald', 'Lee', 'dbrown@example.net', '656.325.2916x57', '2020-09-08'),
(565, 'James', 'Tucker', 'danielle84@example.org', '823-759-1213', '2023-06-28'),
(566, 'Christy', 'Medina', 'joanna59@example.org', '240.764.6154x97', '2021-03-04'),
(567, 'Teresa', 'Peterson', 'mrich@example.net', '001-578-510-579', '2020-03-13'),
(568, 'Brian', 'Wolf', 'penamichael@example.net', '(489)273-9840', '2024-02-21'),
(569, 'Kevin', 'Harper', 'aprilhendrix@example.org', '+1-578-891-0055', '2021-04-07'),
(570, 'Andrew', 'Medina', 'erik39@example.org', '+1-540-635-0041', '2021-12-23'),
(571, 'Meagan', 'Shaffer', 'benderdylan@example.net', '615-727-7530', '2020-02-12'),
(572, 'Diane', 'Hill', 'frederick66@example.com', '856-368-2872x11', '2022-03-02'),
(573, 'Mary', 'Kelly', 'mark78@example.net', '241.910.6161x62', '2023-07-28'),
(574, 'Benjamin', 'Jones', 'andrew76@example.org', '821-452-4555x26', '2021-11-03'),
(575, 'Kathleen', 'Smith', 'fishertrevor@example.com', '001-737-936-317', '2020-10-14'),
(576, 'Marie', 'Smith', 'jason00@example.org', '(971)983-9579x7', '2023-07-20'),
(577, 'Sarah', 'Mullins', 'colechristy@example.com', '(396)645-6634x5', '2021-01-22'),
(578, 'Maria', 'Rios', 'tpruitt@example.net', '001-839-451-263', '2023-09-05'),
(579, 'Scott', 'Thompson', 'villanuevajon@example.net', '+1-629-587-1396', '2022-04-19'),
(580, 'Stefanie', 'Lee', 'elizabeth12@example.com', '001-203-492-456', '2024-08-31'),
(581, 'Lisa', 'Fischer', 'elizabeth49@example.org', '962.907.7753', '2020-09-06'),
(582, 'Derrick', 'Rogers', 'joshua73@example.com', '001-505-948-015', '2023-03-20'),
(583, 'Robin', 'Kennedy', 'stephanie21@example.org', '545-959-0808', '2020-08-06'),
(584, 'Edward', 'Knight', 'jgibson@example.com', '237-790-5352x13', '2023-07-22'),
(585, 'Nicole', 'Gibson', 'brentblack@example.com', '3315464822', '2022-09-11'),
(586, 'Connor', 'Roth', 'jessica63@example.org', '785.220.8996', '2024-03-09'),
(587, 'Jennifer', 'Taylor', 'barbara03@example.net', '6369323097', '2020-11-15'),
(588, 'Samantha', 'Smith', 'owilson@example.net', '699-638-2961', '2020-08-02'),
(589, 'Samuel', 'Adams', 'dale94@example.com', '(583)411-1804', '2019-12-08'),
(590, 'Donna', 'Pace', 'forbeschelsea@example.org', '001-348-310-006', '2021-03-25'),
(591, 'Tricia', 'Henson', 'wolfejames@example.org', '7863220246', '2020-01-08'),
(592, 'Brittany', 'Mcdaniel', 'christopher83@example.com', '950-970-6700x77', '2024-09-15'),
(593, 'Michael', 'Greer', 'josephwells@example.net', '810-454-0429', '2020-08-03'),
(594, 'Christopher', 'Hall', 'sextonleslie@example.net', '427.358.4654x94', '2021-06-04'),
(595, 'Michael', 'Hicks', 'loganenglish@example.net', '8037206327', '2021-09-19'),
(596, 'Kathleen', 'Johnson', 'umunoz@example.com', '(367)897-8923x6', '2024-04-18'),
(597, 'Sandra', 'Newton', 'cookjoe@example.com', '001-386-206-477', '2024-03-25'),
(598, 'Kristopher', 'Potts', 'blee@example.net', '+1-614-838-6837', '2022-04-14'),
(599, 'Darlene', 'Franklin', 'stevenskinner@example.org', '+1-404-439-2202', '2022-10-30'),
(600, 'Shannon', 'Valenzuela', 'twilcox@example.com', '+1-424-342-5297', '2023-04-10'),
(601, 'Roberto', 'Herrera', 'buchanannathaniel@example.net', '+1-898-717-3302', '2024-08-31'),
(602, 'Erin', 'Beasley', 'felicia32@example.org', '001-806-775-351', '2022-08-06'),
(603, 'Nicholas', 'Mathews', 'heather49@example.org', '4097097021', '2021-07-05'),
(604, 'Joshua', 'Moran', 'james82@example.net', '425-203-1974', '2021-09-26'),
(605, 'Jasmine', 'Wallace', 'alfredfigueroa@example.com', '330-373-5719x61', '2022-11-26'),
(606, 'George', 'Alexander', 'robert81@example.com', '+1-810-943-3933', '2023-09-04'),
(607, 'Amanda', 'Wall', 'angela89@example.org', '(339)588-2892x0', '2023-10-21'),
(608, 'Lori', 'Morrison', 'cooktina@example.org', '280.575.0511x88', '2021-06-18'),
(609, 'Danny', 'Lee', 'veronicaharding@example.com', '+1-604-906-9995', '2024-06-22'),
(610, 'Micheal', 'Young', 'nedwards@example.net', '(426)525-1570x6', '2021-07-25'),
(611, 'Michelle', 'Thomas', 'knash@example.net', '(311)801-7017', '2022-02-03'),
(612, 'Scott', 'Lee', 'tina89@example.com', '456-274-0896', '2021-06-01'),
(613, 'Denise', 'Burke', 'gonzalezcheryl@example.net', '+1-292-406-5208', '2022-01-31'),
(614, 'Joel', 'Norman', 'justinlynch@example.com', '(658)664-3868x0', '2023-05-22'),
(615, 'Benjamin', 'Torres', 'cassandra62@example.org', '649.993.4023x75', '2023-05-17'),
(616, 'Nicole', 'Bartlett', 'williamskelli@example.net', '850.952.1410x81', '2024-03-17'),
(617, 'Matthew', 'Coleman', 'annettepoole@example.org', '(211)216-8301x7', '2021-12-07'),
(618, 'Kathleen', 'Flores', 'xlee@example.org', '+1-800-348-8238', '2021-08-18'),
(619, 'Victoria', 'Nguyen', 'moorechristina@example.org', '750.530.0328', '2020-07-23'),
(620, 'George', 'Carlson', 'rodriguezdonald@example.com', '713.354.2073', '2023-10-08'),
(621, 'Jared', 'Barry', 'danielkline@example.com', '+1-545-498-7252', '2022-12-06'),
(622, 'Ronald', 'Elliott', 'holly10@example.org', '604-771-2886', '2024-01-19'),
(623, 'Thomas', 'Espinoza', 'kathygibson@example.net', '4035455876', '2024-04-22'),
(624, 'Brooke', 'Everett', 'hensleyshannon@example.org', '001-567-907-099', '2020-12-22'),
(625, 'Stephanie', 'Bailey', 'millerjohn@example.org', '753-913-1176x34', '2022-01-15'),
(626, 'Lisa', 'Davis', 'benjaminvasquez@example.net', '(542)973-3873', '2023-08-01'),
(627, 'Kelly', 'Little', 'breannacameron@example.net', '540.812.8393', '2021-03-31'),
(628, 'John', 'Lyons', 'smithbrian@example.org', '604-357-8602x91', '2021-03-31'),
(629, 'Courtney', 'Berry', 'blakejeremy@example.com', '(431)306-7600x7', '2024-07-24'),
(630, 'Pamela', 'Johnson', 'zstewart@example.com', '(951)885-7389', '2020-10-07'),
(631, 'David', 'Ryan', 'huntfrancis@example.net', '455.482.7174', '2022-05-14'),
(632, 'Linda', 'Hampton', 'krystal53@example.org', '673-647-7922x81', '2024-01-13'),
(633, 'Eddie', 'Nunez', 'collinscody@example.com', '+1-959-654-7002', '2019-11-28'),
(634, 'Samuel', 'Curry', 'susan23@example.com', '001-768-848-093', '2024-01-15'),
(635, 'Dustin', 'Davis', 'sullivanbobby@example.com', '982.829.5882x68', '2021-03-13'),
(636, 'Steven', 'Robinson', 'hutchinsondanielle@example.net', '274.252.6967x90', '2020-04-29'),
(637, 'Jenny', 'Carpenter', 'kelleyemily@example.com', '+1-948-589-9783', '2020-12-04'),
(638, 'Charles', 'Frost', 'fosteralec@example.com', '293-843-5894x02', '2021-08-09'),
(639, 'Aaron', 'Newman', 'betty42@example.net', '691-464-6821x54', '2020-05-22'),
(640, 'David', 'Hernandez', 'cbird@example.com', '+1-262-804-6083', '2020-08-06'),
(641, 'Jillian', 'Miller', 'phiggins@example.net', '822.595.1187', '2021-04-03'),
(642, 'Justin', 'Olson', 'shortgregory@example.com', '+1-802-781-1050', '2023-02-17'),
(643, 'Robert', 'Jimenez', 'oabbott@example.com', '617-772-7883', '2021-02-04'),
(644, 'Sergio', 'Jones', 'robinsonjillian@example.net', '773-520-3520x99', '2021-11-25'),
(645, 'Sarah', 'Ryan', 'ahernandez@example.com', '880-734-5160', '2021-02-10'),
(646, 'Kevin', 'Franco', 'jeanetteandrews@example.com', '(663)474-5077', '2021-10-30'),
(647, 'Austin', 'King', 'carlosgomez@example.com', '8975186469', '2021-06-14'),
(648, 'Lauren', 'Fuller', 'prosario@example.org', '(219)867-2852x5', '2020-05-12'),
(649, 'Michelle', 'Wells', 'kimberly51@example.org', '774-527-8479', '2021-10-19'),
(650, 'Donna', 'Smith', 'jonesjames@example.com', '(657)851-0265x5', '2022-05-04'),
(651, 'Rebecca', 'Pham', 'stewarttara@example.com', '716-776-6567', '2022-03-21'),
(652, 'Vicki', 'Smith', 'aaron64@example.org', '001-952-968-375', '2024-06-14'),
(653, 'Daniel', 'Thomas', 'hernandezrita@example.com', '001-859-360-599', '2022-08-09'),
(654, 'Shannon', 'Taylor', 'tking@example.com', '622.660.1668x97', '2024-01-31'),
(655, 'Jennifer', 'Jensen', 'chriswells@example.net', '9577561637', '2022-04-18'),
(656, 'Kimberly', 'Love', 'sheilaklein@example.org', '001-208-719-612', '2023-04-01'),
(657, 'Jack', 'Chung', 'carlosbradford@example.net', '001-239-315-696', '2022-02-26'),
(658, 'Ian', 'Thomas', 'lesliecoleman@example.org', '(759)201-4422x1', '2020-07-24'),
(659, 'Alison', 'Thomas', 'conniejohnson@example.com', '(436)998-9723', '2022-09-10'),
(660, 'Christopher', 'Crawford', 'antoniogarcia@example.net', '+1-657-216-7707', '2023-01-19'),
(661, 'Christina', 'Martin', 'harringtonlisa@example.net', '+1-872-742-0581', '2023-06-29'),
(662, 'Patricia', 'Martinez', 'gina94@example.com', '(354)571-1075', '2022-12-21'),
(663, 'Sheryl', 'Bush', 'matthew63@example.org', '001-934-555-300', '2021-09-04'),
(664, 'Joseph', 'Stewart', 'richardbutler@example.org', '+1-845-861-0692', '2023-03-13'),
(665, 'Christine', 'Matthews', 'christopherayala@example.org', '870-807-3222x63', '2022-05-23'),
(666, 'Jennifer', 'Bailey', 'foxsusan@example.org', '(643)906-9475x4', '2021-09-14'),
(667, 'Kenneth', 'Hoffman', 'john45@example.com', '001-706-498-092', '2024-05-03'),
(668, 'Erin', 'Brandt', 'carolpineda@example.com', '+1-586-207-3344', '2023-01-19'),
(669, 'Amy', 'Parker', 'michael07@example.com', '(543)509-4806', '2024-05-25'),
(670, 'Donna', 'Hardy', 'crossrebecca@example.org', '(865)748-7711', '2020-08-09'),
(671, 'Kevin', 'Brown', 'loganporter@example.com', '267-382-5882x78', '2020-11-20'),
(672, 'Alicia', 'Lopez', 'wigginsjasmine@example.org', '976.244.9157x90', '2020-06-09'),
(673, 'Paul', 'Neal', 'hendricksanne@example.net', '2624930983', '2021-11-29'),
(674, 'Stephen', 'Garza', 'mary41@example.com', '001-868-503-431', '2019-12-05'),
(675, 'Shawn', 'Collins', 'michaellindsey@example.com', '509-522-9590x21', '2022-11-04'),
(676, 'Patricia', 'Howell', 'lisaharrison@example.com', '390-407-5774x01', '2021-09-15'),
(677, 'Randall', 'Frazier', 'mmedina@example.com', '302-534-0841', '2020-04-22'),
(678, 'John', 'Welch', 'lchen@example.com', '328.530.8918x43', '2024-07-21'),
(679, 'Elizabeth', 'Mccarty', 'brianflores@example.org', '+1-915-740-6828', '2024-10-01'),
(680, 'Elizabeth', 'Pitts', 'awright@example.org', '544.222.4843x97', '2021-09-12'),
(681, 'Joshua', 'Rogers', 'edelacruz@example.net', '(613)278-0321x6', '2023-10-30'),
(682, 'John', 'Rivera', 'jenningsthomas@example.com', '697.463.7532x62', '2020-11-28'),
(683, 'James', 'Brown', 'dayrebecca@example.net', '591.586.4781x84', '2020-12-05'),
(684, 'Andrew', 'Bell', 'washingtonkelly@example.net', '+1-716-407-9008', '2024-09-05'),
(685, 'Megan', 'Harvey', 'georgedennis@example.org', '3992207076', '2020-10-09'),
(686, 'Melanie', 'Nunez', 'brownkatherine@example.org', '210-476-5276', '2020-09-06'),
(687, 'Stacey', 'Keith', 'robertknight@example.com', '001-334-614-725', '2024-03-07'),
(688, 'Danielle', 'Deleon', 'nwalker@example.org', '461-275-1950', '2021-01-19'),
(689, 'Megan', 'Cook', 'curtisprice@example.com', '001-892-626-232', '2022-12-23'),
(690, 'William', 'Evans', 'campbellchristopher@example.org', '563-387-5105x66', '2022-05-06'),
(691, 'Sabrina', 'Gomez', 'christopherlewis@example.com', '2437428978', '2023-08-10'),
(692, 'Nicole', 'Smith', 'apriljordan@example.com', '001-313-288-105', '2024-02-11'),
(693, 'David', 'Davis', 'georgemorrison@example.com', '001-628-979-097', '2020-10-22'),
(694, 'Leslie', 'Clark', 'hernandezdawn@example.org', '+1-469-421-9129', '2024-03-08'),
(695, 'Renee', 'Ware', 'jweaver@example.net', '(534)676-1135x7', '2023-09-15'),
(696, 'Debra', 'Byrd', 'kwood@example.net', '501.221.4529', '2021-01-30'),
(697, 'Steven', 'Hanson', 'jessica33@example.com', '(708)879-9698', '2024-03-01'),
(698, 'Troy', 'Martinez', 'hgarcia@example.net', '+1-398-801-5980', '2023-07-05'),
(699, 'Kathy', 'Rodriguez', 'scastillo@example.net', '7246196325', '2020-12-18'),
(700, 'Rachel', 'Vargas', 'davispaige@example.org', '+1-369-658-6734', '2022-01-31'),
(701, 'Chelsea', 'Walker', 'gonzaleztyler@example.com', '001-539-912-468', '2023-02-06'),
(702, 'Erica', 'Cox', 'fmaldonado@example.net', '+1-822-351-0473', '2020-01-03'),
(703, 'Jose', 'Mack', 'zbarrett@example.com', '243-301-1623x34', '2022-02-01'),
(704, 'Jessica', 'Garcia', 'john11@example.com', '385-300-8032', '2020-01-31'),
(705, 'Christopher', 'Elliott', 'markmedina@example.org', '001-300-515-627', '2021-02-12'),
(706, 'Richard', 'Larsen', 'reedpeter@example.org', '490-924-2266', '2021-09-21'),
(707, 'Jonathan', 'Aguilar', 'stewartrobert@example.net', '+1-788-592-4026', '2020-06-12'),
(708, 'Edward', 'Parker', 'raymond52@example.net', '794-832-7326x76', '2022-02-02'),
(709, 'Samantha', 'Wallace', 'scott16@example.net', '(789)463-3832', '2023-02-09'),
(710, 'Sabrina', 'Scott', 'carmentownsend@example.org', '519.446.0516', '2023-06-30'),
(711, 'Ashley', 'Williams', 'dlynn@example.net', '001-261-438-461', '2021-12-11'),
(712, 'Toni', 'Moore', 'zacharycross@example.net', '+1-304-606-6656', '2020-09-10'),
(713, 'Michael', 'Santiago', 'rdavis@example.org', '(583)842-9215x8', '2021-10-14'),
(714, 'Frank', 'Barnes', 'vbentley@example.com', '001-996-577-640', '2021-08-07'),
(715, 'Vicki', 'Saunders', 'teresabryant@example.net', '(291)903-4956', '2020-01-01'),
(716, 'Marissa', 'Hoffman', 'popechristy@example.org', '212.750.6975x73', '2024-03-20'),
(717, 'Mackenzie', 'Miles', 'rscott@example.net', '001-990-364-524', '2022-06-08'),
(718, 'Michelle', 'Johnson', 'kbutler@example.com', '378-305-0967', '2022-10-26'),
(719, 'Jennifer', 'Buckley', 'justin16@example.net', '001-394-613-581', '2021-10-07'),
(720, 'Brian', 'Patrick', 'zduncan@example.com', '001-363-403-856', '2021-07-21'),
(721, 'Brittany', 'Hernandez', 'deborah36@example.net', '(575)746-9940', '2023-07-23'),
(722, 'Crystal', 'Wang', 'agillespie@example.net', '220.692.4178x53', '2023-10-17'),
(723, 'Timothy', 'Kim', 'mark35@example.org', '567.520.0123', '2022-01-16'),
(724, 'Joseph', 'Arellano', 'robinsonnatasha@example.org', '001-303-582-464', '2022-09-28'),
(725, 'Lawrence', 'Hansen', 'nicholas74@example.com', '(849)480-1505x0', '2021-03-04'),
(726, 'Alexander', 'Powell', 'schmidtsamuel@example.org', '+1-466-522-9878', '2022-04-17'),
(727, 'Ryan', 'Murphy', 'zbright@example.org', '+1-545-955-6209', '2023-05-29'),
(728, 'Ellen', 'Clark', 'davidcurtis@example.net', '(868)636-9109', '2024-07-27'),
(729, 'Anthony', 'Maxwell', 'mario50@example.net', '001-382-599-090', '2024-10-22'),
(730, 'Tanya', 'Webb', 'hlucas@example.com', '7768042072', '2024-10-13'),
(731, 'April', 'Wiley', 'anna85@example.net', '(851)450-6412x0', '2020-04-09'),
(732, 'Patrick', 'Walker', 'jbrown@example.net', '(217)379-3479x0', '2020-03-20'),
(733, 'John', 'Woods', 'amypeters@example.net', '(676)338-2114', '2022-12-01'),
(734, 'Rebekah', 'Whitehead', 'ryan47@example.com', '4459151542', '2023-09-11'),
(735, 'Shawn', 'Gray', 'campbellgregory@example.org', '578.477.7245x93', '2020-03-24'),
(736, 'Carrie', 'Simpson', 'amy23@example.org', '775-244-4524', '2020-07-29'),
(737, 'Peter', 'Sawyer', 'breannataylor@example.org', '+1-843-281-4121', '2019-12-23'),
(738, 'Erika', 'Burgess', 'miguelgarrison@example.net', '968-328-4426x54', '2020-07-11'),
(739, 'Thomas', 'Rodriguez', 'jongarcia@example.com', '+1-874-824-3976', '2020-02-15'),
(740, 'Paul', 'Conrad', 'russellnatasha@example.net', '982-332-4594x02', '2020-02-23'),
(741, 'Patricia', 'Johnson', 'hernandezchristopher@example.com', '(314)821-2120', '2020-01-07'),
(742, 'Scott', 'Schroeder', 'xcoleman@example.net', '+1-905-765-6330', '2021-12-31'),
(743, 'Crystal', 'Bolton', 'lisarodgers@example.org', '001-933-659-041', '2020-01-19'),
(744, 'Jesus', 'House', 'jbell@example.net', '001-574-626-180', '2023-08-07'),
(745, 'Jacqueline', 'Lawson', 'katherinedixon@example.net', '(689)387-2927x1', '2020-06-26'),
(746, 'Katie', 'Nelson', 'lcohen@example.org', '770.506.0858x56', '2022-05-15'),
(747, 'Samantha', 'Bishop', 'taylorbrittany@example.com', '001-363-391-291', '2021-05-01'),
(748, 'Austin', 'Williams', 'stodd@example.org', '397.673.0410x05', '2021-02-08'),
(749, 'Erin', 'Webster', 'robbinsgabriel@example.com', '+1-867-901-6705', '2020-09-24'),
(750, 'Miranda', 'Miller', 'jamie84@example.net', '9345049423', '2023-07-21'),
(751, 'Patricia', 'Johnson', 'scottjones@example.net', '+1-517-821-6705', '2023-03-06'),
(752, 'Joseph', 'Jackson', 'matthew79@example.net', '001-727-794-349', '2022-10-17'),
(753, 'Kristen', 'Moreno', 'heather20@example.com', '(824)733-0434', '2023-07-30'),
(754, 'Hayden', 'Watson', 'christina61@example.net', '(617)540-5736', '2022-11-08'),
(755, 'Micheal', 'Heath', 'robertskatie@example.net', '522-705-7508x22', '2021-05-28'),
(756, 'Beverly', 'Harris', 'cryan@example.net', '383-213-9709x71', '2024-08-16'),
(757, 'Karen', 'Cook', 'robertduncan@example.net', '001-671-250-827', '2024-09-08'),
(758, 'John', 'Sanchez', 'bookerolivia@example.net', '762-522-7856', '2022-05-22'),
(759, 'Julie', 'Andrews', 'james90@example.org', '+1-575-306-8822', '2023-05-13'),
(760, 'Donald', 'Frank', 'sharonrivera@example.com', '+1-975-895-7096', '2021-04-14'),
(761, 'Adrian', 'Tucker', 'scobb@example.org', '6813876121', '2024-02-17'),
(762, 'Matthew', 'Curry', 'haynesthomas@example.net', '+1-872-620-2520', '2022-02-06'),
(763, 'Jacqueline', 'Martinez', 'gtucker@example.net', '885-235-6820x74', '2020-05-12'),
(764, 'Carol', 'Marshall', 'richardbruce@example.net', '518-988-2759', '2019-12-08'),
(765, 'Crystal', 'Perry', 'hguzman@example.net', '+1-633-705-2420', '2023-03-24'),
(766, 'Elizabeth', 'Krueger', 'uweaver@example.com', '001-265-777-147', '2023-07-24'),
(767, 'Courtney', 'Warner', 'kylie80@example.org', '204-859-9240x92', '2020-09-19'),
(768, 'Christina', 'Reyes', 'ssanders@example.org', '269.550.1029', '2021-10-19'),
(769, 'Cory', 'Clay', 'whenderson@example.com', '8258988994', '2020-12-08'),
(770, 'Candice', 'Martin', 'allencynthia@example.net', '+1-832-734-6637', '2021-09-06'),
(771, 'John', 'Thompson', 'glenda01@example.com', '(523)958-2833x4', '2023-06-22'),
(772, 'Andrea', 'Mills', 'carla03@example.com', '001-422-563-010', '2024-03-03'),
(773, 'Alexis', 'Gibson', 'guzmanraymond@example.com', '303-201-9695x72', '2020-03-16'),
(774, 'Michelle', 'Lopez', 'glee@example.org', '(400)969-9900x5', '2022-01-20'),
(775, 'Diana', 'Ryan', 'peterbaker@example.net', '884.809.2324x99', '2021-01-09'),
(776, 'Edward', 'Simmons', 'joshua57@example.org', '8262053462', '2024-06-19'),
(777, 'Michael', 'Davidson', 'michellecohen@example.net', '(724)564-2795', '2024-07-17'),
(778, 'Debra', 'Snyder', 'angelsmith@example.net', '855.849.7009x38', '2019-11-27'),
(779, 'Joseph', 'Flores', 'mitchell02@example.org', '001-825-729-689', '2020-04-16'),
(780, 'Linda', 'Barton', 'shelby39@example.net', '001-395-724-841', '2021-05-14'),
(781, 'Jessica', 'Morgan', 'jocelyngonzales@example.com', '735.315.6999x54', '2020-06-10'),
(782, 'Tonya', 'Collins', 'ibowen@example.com', '702-697-6992', '2024-04-20'),
(783, 'Jeffrey', 'Hardy', 'frank60@example.org', '(901)408-3938x4', '2021-07-14'),
(784, 'Louis', 'Cannon', 'myersmelanie@example.com', '845.914.2521', '2020-09-18'),
(785, 'Jamie', 'Gutierrez', 'jhess@example.org', '+1-953-587-7650', '2020-09-18'),
(786, 'Larry', 'Richardson', 'chasecaitlin@example.net', '(805)755-9827', '2021-07-03'),
(787, 'Christopher', 'Foster', 'robert83@example.com', '(387)431-1416x2', '2022-07-04'),
(788, 'Jeremiah', 'Cunningham', 'wmartinez@example.com', '9149029615', '2023-04-23'),
(789, 'Alvin', 'Wells', 'kelly78@example.org', '9589352033', '2021-02-11'),
(790, 'Jon', 'Smith', 'laura08@example.com', '924.437.1077x37', '2021-01-30'),
(791, 'Robert', 'Pineda', 'johnsonjasmine@example.org', '2915147275', '2021-02-10'),
(792, 'Lori', 'Williams', 'shannonchavez@example.net', '(703)774-0888x1', '2022-07-10'),
(793, 'Deborah', 'Walls', 'gmiller@example.org', '775.568.6655', '2023-09-21'),
(794, 'Jessica', 'Mccormick', 'perrymelissa@example.com', '874.438.5439x73', '2021-01-01'),
(795, 'Vincent', 'Sanders', 'harriskaren@example.net', '001-804-813-874', '2020-10-24'),
(796, 'Steven', 'Hamilton', 'jill91@example.com', '(614)823-7491', '2023-02-25'),
(797, 'Amanda', 'Patel', 'wongrhonda@example.com', '001-611-691-143', '2024-10-14'),
(798, 'Marie', 'Thomas', 'ebrown@example.com', '(619)463-3110x8', '2021-11-12'),
(799, 'Robin', 'Jones', 'carterpaul@example.net', '001-342-868-260', '2021-01-04'),
(800, 'Melissa', 'Henry', 'patrick22@example.com', '966-319-3377x39', '2020-03-09'),
(801, 'Cindy', 'Shaffer', 'zacharylin@example.org', '+1-494-497-6478', '2023-01-06'),
(802, 'Thomas', 'Joseph', 'vhughes@example.net', '619-921-9521', '2023-11-15'),
(803, 'Jeremy', 'Henderson', 'kerrimullen@example.com', '+1-611-526-5250', '2020-05-24'),
(804, 'James', 'Castro', 'matthewstark@example.org', '305-508-1957', '2022-08-03'),
(805, 'Michelle', 'Wheeler', 'jonathannguyen@example.net', '5603501583', '2020-08-04'),
(806, 'Crystal', 'Hoffman', 'lucasmiller@example.com', '872.760.7683', '2021-03-04'),
(807, 'Steven', 'Hess', 'daviscarolyn@example.com', '(200)474-0490x8', '2021-07-20'),
(808, 'John', 'Aguilar', 'valdezsharon@example.net', '+1-357-809-6403', '2021-01-13'),
(809, 'Susan', 'Knight', 'brookssteven@example.com', '001-768-374-977', '2021-01-29'),
(810, 'Logan', 'Lara', 'pamela42@example.net', '+1-900-542-6037', '2021-10-26'),
(811, 'Lori', 'Jennings', 'jennifer26@example.org', '5392695803', '2021-10-14'),
(812, 'Bryan', 'Ross', 'jennifer58@example.org', '+1-582-625-5935', '2023-10-30'),
(813, 'Robert', 'Davis', 'williamlittle@example.org', '+1-713-679-1299', '2021-01-07'),
(814, 'Maureen', 'Woodard', 'joshua98@example.net', '687-784-0276x87', '2020-08-20'),
(815, 'Janice', 'Soto', 'yangnathan@example.com', '001-982-304-502', '2023-12-04'),
(816, 'Matthew', 'Crane', 'gonzalezerin@example.com', '(964)337-8418x5', '2024-05-08'),
(817, 'Melissa', 'Hull', 'martinezjames@example.com', '(295)936-2589x2', '2023-08-14'),
(818, 'Jessica', 'Brown', 'holtdanielle@example.org', '+1-449-880-1788', '2023-07-22'),
(819, 'Sara', 'Graham', 'egarner@example.com', '+1-764-513-8178', '2020-04-01'),
(820, 'Larry', 'Wilkerson', 'jenna38@example.net', '+1-785-664-0692', '2024-03-01'),
(821, 'Shane', 'Woods', 'steven34@example.org', '586.698.9479', '2023-07-17'),
(822, 'Anthony', 'Jimenez', 'ocasey@example.org', '(846)530-9252', '2022-09-11'),
(823, 'Vincent', 'Williamson', 'samanthadecker@example.net', '614.785.4681', '2022-01-30'),
(824, 'Terri', 'Goodwin', 'jack19@example.com', '+1-355-498-5279', '2023-05-26'),
(825, 'George', 'Thompson', 'edward81@example.net', '001-616-869-638', '2024-10-19'),
(826, 'Corey', 'Harmon', 'wattsbrandon@example.net', '(253)770-4486', '2020-12-17'),
(827, 'Rebecca', 'Fleming', 'lramos@example.com', '(578)495-6627x4', '2023-01-20'),
(828, 'Alicia', 'Johnson', 'beth09@example.com', '6209255553', '2024-06-23'),
(829, 'Jessica', 'Travis', 'thompsonthomas@example.net', '736-204-9235', '2020-11-10'),
(830, 'Cheryl', 'Ramirez', 'kathleentaylor@example.com', '001-296-208-721', '2021-08-18'),
(831, 'Justin', 'Price', 'mistysellers@example.org', '+1-304-742-8622', '2022-01-21'),
(832, 'Jacqueline', 'Kirk', 'princeangela@example.com', '888-258-3964x79', '2023-07-29'),
(833, 'Destiny', 'Scott', 'jwilson@example.org', '543-941-8043x28', '2021-10-02'),
(834, 'Deborah', 'Anderson', 'mwatson@example.net', '+1-401-675-5462', '2020-07-11'),
(835, 'Daniel', 'Michael', 'wstanley@example.net', '+1-668-966-8538', '2022-12-06'),
(836, 'Sabrina', 'Burgess', 'victorgreen@example.org', '(475)581-8433x0', '2023-05-06'),
(837, 'Daniel', 'Calhoun', 'briancarson@example.com', '206.419.1026x26', '2021-12-12'),
(838, 'Jessica', 'Walker', 'fowlertracy@example.org', '001-537-469-616', '2022-04-18'),
(839, 'Brittany', 'Pittman', 'nicholasjones@example.com', '469.765.1995x15', '2020-03-28'),
(840, 'Jacob', 'Ellis', 'yrobbins@example.com', '001-322-204-730', '2021-09-03'),
(841, 'Glenn', 'Velez', 'vwalker@example.com', '001-422-927-543', '2022-12-14'),
(842, 'Jennifer', 'White', 'justin12@example.net', '(393)293-9868', '2024-07-04'),
(843, 'Kyle', 'Williams', 'rcantu@example.net', '863-422-7214x00', '2024-06-28'),
(844, 'James', 'Madden', 'rachel85@example.org', '327-796-3585x35', '2022-07-27'),
(845, 'Kathleen', 'Rodriguez', 'franciskatherine@example.org', '001-245-258-229', '2021-07-08'),
(846, 'Debra', 'Reese', 'bryanpierce@example.org', '705-861-3741x44', '2020-09-13'),
(847, 'Helen', 'Tyler', 'adamscourtney@example.com', '226.718.8232x56', '2020-12-26'),
(848, 'Tammy', 'Coleman', 'hernandezjennifer@example.net', '819.254.3517x54', '2024-07-18'),
(849, 'Hayley', 'Cooley', 'brussell@example.com', '(650)548-0258x4', '2022-10-02'),
(850, 'Taylor', 'Harper', 'larsonsuzanne@example.com', '+1-323-481-3688', '2022-08-10'),
(851, 'Howard', 'Brown', 'rwalls@example.org', '4177267755', '2022-07-22'),
(852, 'Samantha', 'Miranda', 'sean61@example.net', '+1-596-840-3583', '2023-12-25'),
(853, 'Jessica', 'Carrillo', 'josephjason@example.com', '(855)497-4601', '2021-01-10'),
(854, 'Jonathan', 'Santos', 'mary10@example.net', '647.242.9370x66', '2020-10-21'),
(855, 'Mike', 'Brooks', 'blackchristopher@example.org', '(494)962-6579x4', '2023-06-11'),
(856, 'Kyle', 'Brown', 'kara54@example.com', '(800)458-7549', '2019-12-13'),
(857, 'Mark', 'Gomez', 'denniskristi@example.org', '841-617-5385x96', '2021-10-03'),
(858, 'Teresa', 'Owens', 'eric26@example.net', '001-807-654-546', '2020-01-08'),
(859, 'Ivan', 'Miller', 'kentpatricia@example.org', '618.408.1901x53', '2024-10-12'),
(860, 'Jennifer', 'Thompson', 'edwardsmark@example.net', '6682220552', '2023-06-20'),
(861, 'Savannah', 'Allen', 'jeffreyaguilar@example.com', '+1-325-432-7167', '2021-08-02'),
(862, 'Nathan', 'Porter', 'pattersonchristopher@example.net', '(204)860-4114x0', '2023-12-24'),
(863, 'Michael', 'Gibbs', 'dcook@example.net', '9478419886', '2022-11-11'),
(864, 'Sean', 'Johnston', 'juliebishop@example.org', '(726)519-2068', '2020-05-24'),
(865, 'Yvonne', 'Johnson', 'masonkevin@example.com', '+1-691-983-8213', '2020-10-16'),
(866, 'David', 'Martinez', 'kerryhodge@example.com', '467.630.5496', '2023-08-04'),
(867, 'Stacey', 'Powell', 'calvinarcher@example.com', '627-998-8753', '2024-05-02'),
(868, 'Steven', 'Gomez', 'roachshari@example.net', '+1-603-340-8787', '2020-11-09'),
(869, 'Jeremy', 'Hebert', 'eclark@example.net', '001-520-938-524', '2023-10-13'),
(870, 'Alexis', 'Cox', 'ylee@example.com', '274.636.1687x40', '2023-04-05'),
(871, 'Douglas', 'Dickson', 'pperez@example.net', '001-943-827-648', '2022-09-03'),
(872, 'Robin', 'Blair', 'joshua30@example.org', '(798)526-5681x9', '2020-06-28'),
(873, 'Clarence', 'Watkins', 'oortiz@example.org', '262.392.9212x13', '2024-05-20'),
(874, 'Robert', 'Sanchez', 'wisewendy@example.com', '352-505-1621', '2020-12-20'),
(875, 'Casey', 'Carlson', 'juliamoore@example.com', '001-840-526-627', '2020-11-01'),
(876, 'Brandon', 'Stewart', 'christinecruz@example.net', '+1-250-996-0382', '2022-02-03'),
(877, 'Teresa', 'Cummings', 'william27@example.net', '(214)959-3134', '2024-07-21'),
(878, 'Angela', 'Douglas', 'simsjessica@example.com', '241.878.8792x70', '2024-06-03'),
(879, 'Kimberly', 'Tyler', 'pleonard@example.net', '315.896.0801x36', '2021-02-03'),
(880, 'Cody', 'Parker', 'wrightstacey@example.net', '+1-734-977-4370', '2022-12-30'),
(881, 'Amanda', 'Weber', 'walkerjohn@example.org', '875-648-2627x97', '2020-12-16'),
(882, 'John', 'Walker', 'cookrichard@example.org', '981-524-9181x08', '2022-03-06'),
(883, 'Vincent', 'Miller', 'amy40@example.com', '561-458-4095x18', '2021-11-01'),
(884, 'Lisa', 'Contreras', 'ihall@example.org', '593.882.4239', '2021-08-09'),
(885, 'Devin', 'Thompson', 'jonesbradley@example.org', '859-819-6668', '2023-03-16'),
(886, 'Kayla', 'Miller', 'slee@example.org', '810.651.9756', '2022-08-14'),
(887, 'John', 'Vargas', 'joseph85@example.org', '(630)626-4775', '2021-05-31'),
(888, 'Tristan', 'Martin', 'michaelparker@example.com', '(384)558-2047', '2022-06-07'),
(889, 'Richard', 'Ochoa', 'susan53@example.com', '417-467-9934x40', '2020-02-18'),
(890, 'Brandon', 'Smith', 'brewerlaura@example.org', '449-556-5095x58', '2022-02-23'),
(891, 'Richard', 'Pierce', 'watsonthomas@example.net', '354-344-6669', '2022-11-26'),
(892, 'Robert', 'Terry', 'heathercampos@example.net', '706-606-1924x75', '2021-06-18'),
(893, 'Travis', 'Duncan', 'gail67@example.org', '751-471-3755x15', '2020-11-28'),
(894, 'Donald', 'Sanford', 'carlbyrd@example.com', '001-734-423-618', '2022-05-12'),
(895, 'Timothy', 'Lambert', 'ewilkerson@example.org', '7538459921', '2021-02-10'),
(896, 'Bryan', 'Barker', 'ysanders@example.net', '962.596.4168', '2022-04-15'),
(897, 'Karen', 'Lloyd', 'kshannon@example.net', '3478979604', '2023-02-23'),
(898, 'Crystal', 'Murphy', 'tschneider@example.com', '001-306-227-435', '2022-08-06'),
(899, 'Lauren', 'Ellis', 'kendraharper@example.com', '+1-843-238-0104', '2022-07-06'),
(900, 'April', 'Price', 'vincentdanny@example.com', '+1-959-281-4566', '2024-09-05'),
(901, 'Daniel', 'Patel', 'ywright@example.net', '575-205-6574x23', '2023-04-10'),
(902, 'Gary', 'Reeves', 'florescatherine@example.org', '8535519547', '2024-03-16'),
(903, 'Francis', 'Carey', 'angela76@example.org', '+1-270-552-1853', '2020-02-27'),
(904, 'Michael', 'Ross', 'ramseybrendan@example.org', '+1-733-840-8924', '2021-03-11'),
(905, 'Christopher', 'Holloway', 'ryancopeland@example.com', '709.464.2623x71', '2024-06-13'),
(906, 'Dana', 'Mitchell', 'pamela41@example.org', '(356)357-7882', '2023-06-21'),
(907, 'Harold', 'Jones', 'rsmith@example.net', '4168141632', '2024-08-27'),
(908, 'Cody', 'Rodriguez', 'cbarber@example.com', '416-602-8078x00', '2024-07-01'),
(909, 'Brianna', 'Pena', 'hilltodd@example.com', '+1-891-874-0983', '2021-05-31'),
(910, 'Jeffrey', 'Logan', 'timothylarson@example.org', '(998)262-8870x3', '2023-05-07'),
(911, 'Erin', 'Morgan', 'thomas76@example.org', '001-376-287-621', '2024-06-28'),
(912, 'Kevin', 'Gutierrez', 'willieponce@example.org', '001-445-410-882', '2023-12-20'),
(913, 'Ethan', 'Farley', 'hnorman@example.net', '265-213-0074x57', '2020-09-07'),
(914, 'Joshua', 'Young', 'millerangela@example.com', '406.919.8255', '2022-02-10'),
(915, 'Deanna', 'Cortez', 'pamelagilmore@example.com', '(922)499-2924x4', '2024-05-30'),
(916, 'Daniel', 'Rios', 'mckinneychelsea@example.net', '+1-989-276-1039', '2023-07-22'),
(917, 'Colton', 'Roth', 'nprice@example.com', '001-264-554-657', '2022-09-18'),
(918, 'Wendy', 'Gallegos', 'lloydann@example.com', '(296)813-1019x3', '2024-10-15'),
(919, 'Tracy', 'Davila', 'brownrobert@example.com', '(291)659-0157x1', '2024-03-26'),
(920, 'Debra', 'Olson', 'mercedes48@example.org', '001-992-749-103', '2022-11-12'),
(921, 'Tanya', 'Powell', 'jeremiahtaylor@example.com', '(576)322-2425x1', '2021-10-06'),
(922, 'Jacqueline', 'Anderson', 'lisa04@example.net', '+1-469-258-5283', '2024-05-08'),
(923, 'William', 'Thompson', 'dcaldwell@example.org', '202.350.9464', '2022-06-27'),
(924, 'Anna', 'Sanders', 'ashleybarron@example.net', '265.392.1880', '2020-11-14'),
(925, 'Pamela', 'Moore', 'johnrowe@example.org', '(793)339-9449x1', '2024-09-27'),
(926, 'Deborah', 'Waller', 'rdawson@example.org', '413.256.8678', '2024-10-24'),
(927, 'Patrick', 'Perez', 'brent75@example.com', '363.400.7932x53', '2021-05-29'),
(928, 'Aaron', 'Faulkner', 'stevencontreras@example.com', '(588)564-4522x6', '2023-12-02'),
(929, 'Melissa', 'Escobar', 'kthompson@example.com', '729.370.9500x02', '2021-01-22'),
(930, 'Deborah', 'Lucero', 'vlopez@example.net', '001-290-860-444', '2024-08-08'),
(931, 'Kyle', 'Daniel', 'victoriabrown@example.net', '269.262.1006x11', '2023-06-26'),
(932, 'Sheri', 'Smith', 'elizabeth63@example.net', '001-223-376-897', '2022-11-11'),
(933, 'Jason', 'Cisneros', 'bbennett@example.com', '+1-268-201-7165', '2019-12-11'),
(934, 'Jennifer', 'Weber', 'mikayla56@example.org', '(973)671-9085', '2020-07-28'),
(935, 'David', 'Bailey', 'mhayes@example.net', '+1-373-499-3363', '2020-07-10'),
(936, 'Mary', 'Jimenez', 'bmorrison@example.org', '+1-290-221-4857', '2020-12-26'),
(937, 'Kimberly', 'Barton', 'okrause@example.com', '4789398870', '2023-10-17'),
(938, 'Chad', 'Murphy', 'andrea46@example.com', '670-309-8185x95', '2019-12-02'),
(939, 'Samuel', 'Davis', 'danielchapman@example.net', '+1-609-226-0406', '2022-10-16'),
(940, 'Karina', 'Lopez', 'hannahholmes@example.net', '+1-486-450-9193', '2021-10-02'),
(941, 'Timothy', 'Campbell', 'jacob78@example.com', '(568)456-0731', '2020-01-12'),
(942, 'Chelsea', 'Mitchell', 'wilkinsjohn@example.org', '839-798-4482x42', '2020-09-04'),
(943, 'Kimberly', 'Andrews', 'erictorres@example.org', '298.621.4724x38', '2023-02-28'),
(944, 'Andrew', 'Steele', 'robertsonchristopher@example.org', '+1-456-720-5723', '2023-03-12'),
(945, 'Sarah', 'Peterson', 'jennifer69@example.org', '861-509-9498', '2022-11-12'),
(946, 'Ashley', 'White', 'rodriguezkatie@example.com', '772.799.9198x27', '2020-11-15'),
(947, 'Rita', 'Rodgers', 'kendrajuarez@example.com', '001-904-640-718', '2023-05-22'),
(948, 'Kristopher', 'Hensley', 'regina92@example.net', '(757)359-9201', '2022-03-22'),
(949, 'Brandy', 'Stanley', 'dpayne@example.com', '958-578-6677x61', '2024-04-07'),
(950, 'Gordon', 'Shah', 'rachael66@example.org', '(613)853-2143x6', '2021-11-23'),
(951, 'Carmen', 'Hall', 'rdixon@example.com', '327.691.8253', '2024-06-26'),
(952, 'Brandy', 'Robinson', 'franciscolopez@example.com', '640-924-1201', '2022-11-08'),
(953, 'Jamie', 'Berry', 'frank83@example.org', '+1-732-572-0031', '2024-04-17'),
(954, 'Andrew', 'Robinson', 'hhanson@example.com', '5677882520', '2019-11-01'),
(955, 'Eric', 'Anderson', 'barryerin@example.com', '837.962.5027x76', '2024-02-24'),
(956, 'Megan', 'Banks', 'leahruiz@example.com', '001-797-669-867', '2024-08-09'),
(957, 'Fred', 'Morton', 'christopherrussell@example.net', '001-700-771-105', '2022-10-10'),
(958, 'Mike', 'Wang', 'davidturner@example.org', '729.716.3324', '2019-12-19'),
(959, 'Christopher', 'Cruz', 'weberkimberly@example.net', '(643)514-6754x4', '2023-06-02'),
(960, 'Gregory', 'Wagner', 'mperez@example.net', '(596)302-7751x3', '2020-04-28'),
(961, 'Leah', 'Wood', 'nalvarez@example.org', '001-529-680-192', '2020-10-20'),
(962, 'Holly', 'Scott', 'sue49@example.org', '8205916802', '2022-08-27'),
(963, 'John', 'Wright', 'benjamin30@example.org', '001-690-850-154', '2023-05-26'),
(964, 'Robert', 'Williams', 'jasonmurphy@example.org', '991-692-6134', '2019-12-08'),
(965, 'David', 'Serrano', 'allenpeter@example.com', '(558)361-4878x5', '2021-05-24'),
(966, 'Matthew', 'Harrell', 'michael83@example.net', '497-508-8849', '2024-01-19'),
(967, 'Jennifer', 'Mitchell', 'mfox@example.net', '(380)411-0895x5', '2021-06-27'),
(968, 'Eric', 'Allison', 'houstonandrew@example.org', '(496)358-4512', '2020-04-26'),
(969, 'Carolyn', 'Dunlap', 'stephenmcclain@example.net', '801.510.4719', '2021-04-08'),
(970, 'Calvin', 'Brown', 'williamsullivan@example.org', '9144157242', '2020-11-17'),
(971, 'Sonya', 'Santiago', 'james06@example.com', '+1-793-909-2193', '2024-04-24'),
(972, 'Nathan', 'Shah', 'sharonchambers@example.org', '4267991626', '2023-03-19'),
(973, 'Jennifer', 'Moore', 'owebster@example.net', '+1-938-887-0333', '2020-12-01'),
(974, 'Tyler', 'Fowler', 'pwhite@example.org', '+1-681-375-7650', '2022-04-24'),
(975, 'Brett', 'Hicks', 'garcialisa@example.net', '856-438-7429x81', '2022-11-12'),
(976, 'James', 'Ellis', 'johnathanbarnes@example.org', '852-488-6986x87', '2022-11-16'),
(977, 'Allison', 'Adams', 'mwilson@example.net', '223-891-2831', '2023-03-20'),
(978, 'Erin', 'Copeland', 'palexander@example.org', '728.807.7968x80', '2021-09-07'),
(979, 'Maria', 'Mayer', 'timothy03@example.com', '(966)930-1895', '2022-01-19'),
(980, 'Amy', 'Padilla', 'zhinton@example.org', '973.820.6620', '2021-12-15'),
(981, 'Emily', 'Mcguire', 'monique46@example.org', '774.225.0934', '2023-03-24'),
(982, 'Hector', 'Rios', 'lisalin@example.org', '999-837-0454', '2023-07-16'),
(983, 'Micheal', 'Grant', 'garrett17@example.com', '+1-884-338-6638', '2020-02-24'),
(984, 'Victor', 'Vasquez', 'thomasjacqueline@example.org', '397.212.4105', '2020-01-24'),
(985, 'Janet', 'Rogers', 'martinezcynthia@example.com', '(301)944-2534', '2022-01-21'),
(986, 'Gerald', 'Combs', 'caleb68@example.org', '763.588.2335', '2021-03-13'),
(987, 'Francisco', 'Martin', 'alectaylor@example.net', '946-851-7294x37', '2024-01-02'),
(988, 'Lauren', 'Baker', 'clarkdean@example.org', '287.781.1828', '2023-06-27'),
(989, 'Eric', 'Smith', 'timothyblake@example.net', '+1-300-998-5990', '2023-05-04'),
(990, 'Colin', 'Baker', 'brandy92@example.org', '897.994.7620x31', '2023-12-19'),
(991, 'Jason', 'Waters', 'brandonnichols@example.net', '749.985.4992', '2024-08-27'),
(992, 'Joe', 'Barnes', 'desireehughes@example.com', '+1-429-817-7851', '2023-11-03'),
(993, 'Ana', 'Peck', 'erik14@example.com', '(410)939-5475x5', '2023-09-13'),
(994, 'Michelle', 'Underwood', 'vnunez@example.org', '+1-594-747-5551', '2024-05-25'),
(995, 'Ashley', 'Roberts', 'campbellthomas@example.net', '(297)552-4414x8', '2024-07-25'),
(996, 'Thomas', 'Escobar', 'mooresarah@example.org', '(941)870-4474', '2021-12-15'),
(997, 'Jeffrey', 'Osborn', 'lmoran@example.org', '443-517-7575x51', '2023-02-07'),
(998, 'William', 'Fuller', 'anitawilliams@example.net', '6483426478', '2023-09-07'),
(999, 'Michelle', 'Hawkins', 'matthew76@example.com', '868-434-7234x15', '2022-04-02'),
(1000, 'Tanner', 'Garza', 'lcollins@example.com', '001-208-905-414', '2024-06-27');

INSERT INTO Products (product_id, product_name, price, stock_quantity) VALUES
(1, 'Lead respond remain blood line. Vote else billion exist reality. Apply man provide more.', 450.68, 2424),
(2, 'Serious husband over phone. Author itself suggest bank. Carry explain that respond marriage become.', 1689.03, 4315),
(3, 'Seek save star. Actually six political kitchen.', 1603.46, 2852),
(4, 'Ten few direction both arm town one represent.
First summer artist rise institution.', 371.48, 6274),
(5, 'Try always key late save perform. Brother top more fly no.', 559.55, 5853),
(6, 'Produce piece civil whom everybody. Store child consider position agency. Nation company apply.', 949.88, 7704),
(7, 'Same possible east health between southern present. Free better son describe.', 1230.92, 2110),
(8, 'Loss Mr under place. Sort choose special stage research available either strategy.', 210.39, 8497),
(9, 'Agree condition big letter. Simple thus garden leg large outside today area.', 362.09, 881),
(10, 'Over ask if power southern. Kind born think sound ask magazine nature.', 1852.31, 6724),
(11, 'Happy dream start brother per early issue such. Available material crime hot.', 401.22, 6655),
(12, 'Stand guy country music whole school. General skill give strategy.', 103.77, 9977),
(13, 'Likely hair civil truth dark. Already teach never force.', 529.55, 5182),
(14, 'Not little everybody material.', 223.25, 2756),
(15, 'Around sense south especially word TV key. Area major sense church.', 1377.15, 2427),
(16, 'Nice short human. Ahead total store free team yes trade drive.', 20.07, 1075),
(17, 'Save now indeed improve.', 175.37, 1598),
(18, 'Whether sport true keep. Challenge partner well force along. Visit possible describe son add.', 1747.04, 9635),
(19, 'Where challenge center might. Gas law trade fine collection future.', 1087.74, 7797),
(20, 'Best probably allow. Office whatever cold form be.', 1511.11, 2359),
(21, 'Sing claim door half expert always. Responsibility while summer nation compare maintain but.', 1198.84, 173),
(22, 'None radio wall continue wonder have quality. Necessary option father right.', 850.4, 6523),
(23, 'Chair movie college control measure course bag.', 1104.25, 3846),
(24, 'Help black happy.', 358.73, 6810),
(25, 'Baby allow rate when.', 61.17, 5946),
(26, 'Spend success child dark. Religious chair there political raise movie institution.', 460.35, 5157),
(27, 'Outside organization share. Itself treat fight spend camera story give.', 269.33, 542),
(28, 'Money effort professor teach opportunity add. Mother child agreement believe skill find some cut.', 1172.1, 8464),
(29, 'History myself agreement.', 814.15, 55),
(30, 'Contain production fight small him fast leave. Reflect across old gun.', 899.76, 4524),
(31, 'Senior talk various common TV which both. Reality property daughter half.', 560.26, 9547),
(32, 'Treat set experience good generation. Act and smile their ready.', 614.5, 4056),
(33, 'Pick office ten traditional. Natural key care exactly bank.', 1970.87, 6701),
(34, 'Deal describe gas agent yard there. Result north sit rich. Walk hold mean speech should hold site.', 492.23, 9440),
(35, 'Leave maintain spend do term carry. First step debate everybody world.', 504.63, 9322),
(36, 'Two future PM person rock south teach list. Natural power building floor pick business consider.', 765.72, 8318),
(37, 'Employee beautiful mouth few often. Beat him medical TV.', 1286.85, 9892),
(38, 'Boy alone have. Continue around mouth wife responsibility any record.', 873.9, 6884),
(39, 'President friend let ever often. Simple ever political cover worry.', 219.88, 7673),
(40, 'Nation talk baby hair physical reflect. Use trial anyone do simply.', 523.13, 3640),
(41, 'Result case already relate. Simply soldier buy author lot they however.', 1566.48, 5087),
(42, 'Sort me see particular wrong assume something show.', 789.7, 9879),
(43, 'Method gas son you picture buy. Morning prepare several top animal huge green.', 201.31, 6650),
(44, 'Believe thought when century fight. Fish Mrs guess party draw.', 575.2, 9148),
(45, 'Team direction southern hand. Billion left without ago.', 1236.44, 3491),
(46, 'His watch under resource. Final computer military three eight notice record.', 223.52, 1111),
(47, 'Forward people why particular thousand vote. Want call hand form.', 128.93, 6164),
(48, 'Culture result rise huge process enter memory.', 924.76, 824),
(49, 'Third agent determine trouble either wind.', 1467.95, 6144),
(50, 'Answer citizen issue.', 639.5, 8192),
(51, 'Small center cell imagine even available. Realize nothing join order right region should note.', 87.02, 4818),
(52, 'Production campaign network her rest edge cause. Wall cell matter call operation.', 535.76, 6506),
(53, 'Card protect maintain task. Network develop stay professor.', 36.83, 2164),
(54, 'We course north husband author everybody.', 589.64, 4822),
(55, 'Mr of role. Family process you. Whether simply family artist movement.', 835.85, 1079),
(56, 'Customer carry sort past upon.', 967.1, 6450),
(57, 'Paper blood begin hear. Level benefit line though interview admit use.', 1030.71, 8713),
(58, 'Century group rather body board. Spend so without score. Have loss go view plant.', 1643.51, 3306),
(59, 'Official player fish skill. Material ground hair where director might. Degree with rule.', 1037.08, 6193),
(60, 'Measure put TV part small. Challenge off agreement anyone cause several.', 994.69, 1812),
(61, 'Peace nice although know structure American best. Lawyer memory chance final.', 1720.81, 3941),
(62, 'Specific final throughout nor go. Quickly along national suddenly.', 57.56, 6011),
(63, 'Born maybe protect computer focus start attorney. Laugh red dinner range economic.', 595.39, 3016),
(64, 'Part later method sometimes rise common turn purpose. Full low bring agreement.', 1681.4, 9035),
(65, 'Fine maintain their. Technology toward up low religious military sense.', 1194.39, 66),
(66, 'Him education though certain provide cup. Challenge say few.', 613.9, 7491),
(67, 'Turn necessary high more mother quality. One water low last action. Capital present civil.', 491.7, 2473),
(68, 'Home hope form whatever. Produce born example opportunity community production.', 1880.1, 184),
(69, 'Do management it big because.', 580.78, 2711),
(70, 'Pressure sit even indeed federal. Trouble what blood yourself. Artist buy artist section series.', 1190.54, 8670),
(71, 'Start allow discover trip. Husband work career machine.', 832.15, 9310),
(72, 'Get yet dark. Agreement work beyond.', 1341.52, 4330),
(73, 'Trade manager lose. Weight father physical policy fear late sit.', 1340.22, 3073),
(74, 'Use up likely take.', 381.81, 3842),
(75, 'Gun to deep side. Traditional seem discover kind. Treatment support actually place law.', 1292.06, 1865),
(76, 'Face rich around education almost control accept. List before moment maybe hundred.', 1006.24, 9120),
(77, 'Traditional follow data left national tax. Off involve alone. Soldier either here serve.', 562.21, 3749),
(78, 'Company learn city. Building tonight stay light cost turn president.', 1841.86, 8605),
(79, 'Toward race kid suggest alone. Successful begin million believe method.', 1324.37, 8142),
(80, 'Consider run positive recognize those cause. Behavior or meeting look on represent.', 861.92, 1896),
(81, 'Today new expert work. Real main risk our go sure able. Exist figure occur design.', 59.85, 4187),
(82, 'Major less action positive. Letter prove traditional best article. Just rich follow really little.', 965.83, 8553),
(83, 'Character rise control nation. Hit black modern Mr increase week none.', 119.09, 8699),
(84, 'Debate benefit discussion a.', 1434.94, 5832),
(85, 'Effect dog crime position suggest gun capital strong. Home speech clear need prepare soon.', 960.27, 5946),
(86, 'Clearly particular election hundred nice. Leg dark require. Act cell low story.', 1106.85, 7757),
(87, 'Wonder into money. Listen learn particularly leg by by. Capital game yeah big age resource.', 1193.43, 9411),
(88, 'Can create rock PM occur. Class impact summer pretty.', 96.69, 4995),
(89, 'Page simply this major here almost. Role resource sort trouble report bag.', 100.38, 7109),
(90, 'Nor painting treatment political once. Citizen eye indeed. Letter less where policy dinner.', 1116.68, 1686),
(91, 'Beyond help economic those participant author. Real box himself call weight say.', 1555.45, 6890),
(92, 'Performance respond want. Spend white station mind sign support. Animal response color.', 750.81, 2594),
(93, 'Involve somebody enjoy camera agency. Question evening move poor ball. Member behavior bank also.', 643.57, 6887),
(94, 'Improve to cost everyone state. Purpose state decide officer attorney.', 623.35, 3942),
(95, 'Final like recently debate police. Treat than spend skin.', 130.79, 1834),
(96, 'Board six receive boy contain agreement. Learn discuss buy unit offer.', 817.75, 56),
(97, 'Level best couple power.
Class billion bank yes go various get.', 1556.82, 5795),
(98, 'Because thank he next difference item. Ground from opportunity return.', 1281.71, 242),
(99, 'Opportunity politics ever.', 1740.63, 9599),
(100, 'Consider short carry only front camera. Stand my suggest class develop still.', 1608.81, 7030);

INSERT INTO Orders (order_id, customer_id, order_date, total_amount) VALUES
(1, 938, '2023-08-29', 4305),
(2, 739, '2024-08-05', 3550),
(3, 764, '2024-05-23', 1346),
(4, 197, '2023-05-11', 1716),
(5, 109, '2023-09-04', 1542),
(6, 184, '2024-01-05', 9498),
(7, 490, '2024-08-27', 897),
(8, 644, '2024-04-24', 4578),
(9, 778, '2023-08-13', 1133),
(10, 802, '2022-12-24', 2859),
(11, 356, '2024-07-06', 3261),
(12, 282, '2024-06-29', 1289),
(13, 815, '2024-08-24', 6494),
(14, 345, '2023-07-12', 4136),
(15, 819, '2023-12-08', 5358),
(16, 175, '2023-03-16', 9508),
(17, 830, '2023-09-15', 22),
(18, 579, '2024-04-23', 4677),
(19, 449, '2022-11-08', 5699),
(20, 420, '2023-08-12', 9652),
(21, 879, '2023-08-31', 251),
(22, 663, '2023-05-31', 7661),
(23, 166, '2023-10-28', 9342),
(24, 740, '2024-02-15', 6902),
(25, 925, '2023-02-09', 3428),
(26, 157, '2023-03-22', 3731),
(27, 238, '2023-01-05', 2729),
(28, 337, '2024-03-06', 9722),
(29, 123, '2023-10-05', 9528),
(30, 666, '2023-04-04', 6244),
(31, 810, '2022-11-09', 6138),
(32, 593, '2024-01-31', 5044),
(33, 613, '2023-02-16', 5827),
(34, 354, '2023-07-20', 8045),
(35, 395, '2024-06-02', 4494),
(36, 858, '2023-02-09', 1110),
(37, 933, '2023-04-24', 3318),
(38, 817, '2023-07-17', 8634),
(39, 534, '2024-08-12', 7031),
(40, 871, '2024-03-17', 4965),
(41, 237, '2023-09-11', 5672),
(42, 54, '2024-01-05', 4410),
(43, 348, '2024-01-14', 4732),
(44, 501, '2024-09-05', 20),
(45, 621, '2024-01-03', 7392),
(46, 13, '2023-02-08', 1202),
(47, 844, '2023-04-11', 7549),
(48, 203, '2022-11-26', 3960),
(49, 151, '2023-04-12', 346),
(50, 837, '2022-10-30', 434),
(51, 736, '2024-09-04', 597),
(52, 819, '2023-02-04', 1360),
(53, 932, '2023-12-03', 6008),
(54, 645, '2024-10-15', 9525),
(55, 423, '2024-02-12', 775),
(56, 383, '2023-02-19', 4036),
(57, 921, '2023-04-25', 8138),
(58, 26, '2023-04-30', 9917),
(59, 419, '2023-05-26', 5913),
(60, 700, '2023-05-18', 883),
(61, 645, '2023-05-23', 3824),
(62, 377, '2023-08-04', 4910),
(63, 335, '2024-01-30', 2295),
(64, 109, '2024-08-13', 83),
(65, 33, '2024-04-23', 5460),
(66, 273, '2023-07-09', 1735),
(67, 239, '2023-12-23', 6408),
(68, 52, '2023-05-17', 6900),
(69, 416, '2022-11-11', 2287),
(70, 628, '2024-09-11', 1434),
(71, 688, '2024-03-30', 6410),
(72, 123, '2024-10-08', 3421),
(73, 208, '2024-02-10', 961),
(74, 304, '2023-01-15', 4204),
(75, 647, '2023-12-21', 9913),
(76, 871, '2024-01-23', 5985),
(77, 510, '2023-03-30', 2968),
(78, 11, '2023-03-13', 364),
(79, 382, '2022-12-02', 9009),
(80, 553, '2024-06-09', 9720),
(81, 158, '2024-09-14', 1317),
(82, 89, '2023-07-17', 6614),
(83, 605, '2023-08-25', 6456),
(84, 818, '2023-07-07', 590),
(85, 995, '2023-05-19', 7245),
(86, 835, '2023-10-27', 9552),
(87, 523, '2023-11-17', 3849),
(88, 445, '2024-04-01', 2013),
(89, 452, '2023-10-20', 6887),
(90, 666, '2024-10-11', 1934),
(91, 589, '2023-11-02', 1808),
(92, 17, '2024-09-14', 416),
(93, 379, '2023-01-02', 1712),
(94, 244, '2023-05-22', 9885),
(95, 555, '2023-09-20', 2122),
(96, 373, '2022-10-27', 3991),
(97, 22, '2023-07-14', 3940),
(98, 639, '2023-10-16', 7959),
(99, 519, '2023-11-26', 1163),
(100, 800, '2023-01-09', 5420),
(101, 682, '2024-07-22', 3616),
(102, 688, '2023-03-13', 6674),
(103, 100, '2023-02-27', 2523),
(104, 531, '2023-07-10', 1699),
(105, 713, '2024-09-14', 935),
(106, 420, '2024-05-11', 6017),
(107, 106, '2024-03-10', 9535),
(108, 850, '2023-03-16', 9842),
(109, 951, '2024-02-19', 4181),
(110, 37, '2024-05-29', 952),
(111, 367, '2024-06-23', 6125),
(112, 538, '2024-01-24', 2245),
(113, 937, '2024-04-12', 135),
(114, 272, '2024-01-17', 7786),
(115, 718, '2023-11-11', 6950),
(116, 540, '2024-04-13', 8690),
(117, 949, '2024-07-29', 5390),
(118, 91, '2023-04-28', 3006),
(119, 435, '2023-09-15', 330),
(120, 373, '2023-02-25', 2245),
(121, 230, '2023-06-24', 5801),
(122, 368, '2023-01-12', 8246),
(123, 170, '2022-12-28', 6762),
(124, 985, '2023-10-28', 3117),
(125, 624, '2024-03-28', 9222),
(126, 124, '2023-12-03', 2709),
(127, 130, '2023-10-11', 8825),
(128, 839, '2024-06-14', 5951),
(129, 911, '2023-04-09', 2360),
(130, 629, '2023-04-20', 8285),
(131, 434, '2024-09-02', 6295),
(132, 434, '2023-05-09', 9834),
(133, 709, '2023-12-31', 2546),
(134, 926, '2024-04-29', 7404),
(135, 402, '2023-03-12', 6383),
(136, 445, '2024-06-14', 2625),
(137, 791, '2023-06-15', 3862),
(138, 599, '2024-01-20', 3845),
(139, 781, '2023-03-24', 6924),
(140, 459, '2023-10-25', 9131),
(141, 601, '2024-07-10', 7541),
(142, 430, '2024-06-08', 3726),
(143, 985, '2023-09-04', 3519),
(144, 92, '2024-09-19', 7409),
(145, 855, '2022-11-16', 2416),
(146, 259, '2022-12-04', 5746),
(147, 576, '2023-04-09', 6218),
(148, 455, '2024-08-23', 2004),
(149, 316, '2023-04-07', 3281),
(150, 410, '2023-08-30', 8406),
(151, 562, '2024-07-06', 1693),
(152, 198, '2023-04-23', 2728),
(153, 296, '2022-10-31', 1916),
(154, 805, '2022-12-20', 693),
(155, 9, '2023-04-16', 659),
(156, 284, '2022-12-27', 1701),
(157, 399, '2024-02-27', 2021),
(158, 474, '2023-02-28', 3436),
(159, 513, '2024-03-15', 9439),
(160, 687, '2023-05-15', 6626),
(161, 507, '2023-11-09', 4566),
(162, 677, '2023-02-16', 9139),
(163, 148, '2022-12-12', 2974),
(164, 828, '2024-05-05', 3471),
(165, 707, '2023-12-06', 8942),
(166, 241, '2024-09-27', 545),
(167, 251, '2024-05-23', 2490),
(168, 374, '2023-10-27', 3705),
(169, 254, '2023-12-01', 267),
(170, 867, '2024-06-27', 6645),
(171, 392, '2024-07-14', 8628),
(172, 695, '2023-06-28', 9762),
(173, 926, '2024-02-14', 5567),
(174, 203, '2024-10-12', 6715),
(175, 111, '2023-11-24', 2169),
(176, 794, '2023-11-10', 28),
(177, 323, '2024-04-29', 1379),
(178, 564, '2023-04-12', 5651),
(179, 821, '2023-02-01', 6084),
(180, 283, '2023-12-08', 7197),
(181, 379, '2023-02-15', 9450),
(182, 86, '2023-07-27', 6111),
(183, 13, '2023-12-19', 5819),
(184, 199, '2023-11-30', 3297),
(185, 303, '2023-10-18', 9968),
(186, 976, '2023-08-31', 9551),
(187, 463, '2023-06-03', 9752),
(188, 962, '2023-11-02', 6139),
(189, 884, '2022-12-16', 9068),
(190, 337, '2024-01-05', 3241),
(191, 304, '2023-05-20', 5551),
(192, 937, '2023-04-14', 3848),
(193, 615, '2024-06-12', 3139),
(194, 702, '2024-07-05', 4351),
(195, 150, '2024-02-27', 2761),
(196, 982, '2024-10-03', 3277),
(197, 20, '2022-11-18', 6830),
(198, 907, '2024-01-08', 3310),
(199, 366, '2023-11-29', 516),
(200, 853, '2023-10-26', 5958);

INSERT INTO OrderItems (order_id, product_id, quantity, price) VALUES
(25, 33, 4086, 1290.07),
(59, 67, 3639, 1859.97),
(135, 76, 9215, 88.67),
(56, 2, 8119, 1919.52),
(159, 6, 5348, 85.75),
(70, 19, 5822, 712.45),
(90, 36, 9754, 497.74),
(48, 62, 8929, 1180.13),
(119, 7, 873, 358.54),
(64, 69, 6328, 181.54),
(3, 3, 3499, 1810.43),
(158, 76, 2606, 265.74),
(150, 48, 1051, 1455.16),
(160, 15, 1201, 330.57),
(174, 33, 8005, 398.82),
(2, 53, 6453, 1426.74),
(88, 96, 6467, 861.73),
(99, 47, 3422, 482.7),
(104, 73, 9650, 307.49),
(80, 72, 2725, 1967.15),
(35, 65, 8495, 1690.77),
(158, 49, 1872, 1454.13),
(19, 73, 4308, 1648.53),
(179, 23, 788, 384.08),
(87, 42, 8423, 261.61),
(99, 37, 6163, 835.89),
(24, 6, 4745, 242.3),
(101, 4, 449, 592.33),
(89, 36, 5123, 657.65),
(198, 95, 5401, 543.78),
(46, 18, 9033, 1003.08),
(67, 13, 9220, 335.98),
(177, 26, 1469, 809.08),
(33, 66, 5369, 133.59),
(192, 15, 3772, 1182.15),
(142, 98, 2067, 1181.25),
(7, 75, 7120, 1658.15),
(43, 12, 3563, 591.95),
(68, 81, 4421, 64.91),
(155, 56, 3590, 1440.5),
(59, 29, 2588, 1865.07),
(180, 18, 7444, 312.13),
(146, 86, 3600, 1397.22),
(151, 87, 9038, 826.51),
(66, 74, 2888, 850.28),
(162, 36, 6260, 1355.78),
(139, 94, 5060, 1772.82),
(45, 67, 4601, 1642.78),
(148, 83, 9334, 726.33),
(144, 36, 2037, 1463.02),
(18, 94, 3659, 111.93),
(88, 15, 5771, 1151.57),
(10, 89, 4554, 1942.1),
(120, 62, 5899, 881.15),
(126, 46, 2188, 499.58),
(18, 39, 4170, 738.91),
(96, 85, 3161, 852.59),
(114, 12, 3880, 1695.48),
(148, 50, 6794, 1622.23),
(25, 95, 1731, 424.42),
(192, 56, 2330, 1378.61),
(44, 39, 843, 454.08),
(12, 97, 2430, 465.83),
(109, 39, 3153, 1816.36),
(26, 3, 5490, 1198.58),
(103, 59, 5585, 354.13),
(16, 81, 2555, 428.97),
(170, 20, 8449, 371.78),
(85, 33, 7258, 252.49),
(30, 88, 2813, 610.17),
(138, 62, 8503, 1836.26),
(80, 24, 5645, 564.21),
(120, 18, 815, 1411.81),
(119, 78, 4048, 1932.29),
(164, 11, 3451, 836.84),
(72, 81, 3430, 1192.29),
(161, 11, 2756, 1818.78),
(177, 17, 3115, 1496.23),
(169, 54, 4563, 339.54),
(58, 49, 1777, 108.48),
(31, 72, 1857, 1619.9),
(70, 10, 7292, 708.92),
(54, 39, 9972, 1706.35),
(15, 16, 9212, 546.95),
(167, 51, 1046, 967.94),
(94, 82, 6344, 221.38),
(19, 92, 212, 128.26),
(178, 85, 260, 1475.25),
(139, 21, 9346, 260.04),
(117, 60, 426, 754.94),
(31, 43, 8301, 340.5),
(72, 93, 4685, 769.5),
(51, 16, 6862, 832.12),
(151, 25, 2272, 727.47),
(120, 36, 4365, 803.18),
(19, 23, 2248, 934.8),
(101, 91, 3645, 116.17),
(43, 45, 4843, 261.63),
(65, 59, 3914, 1750.16),
(174, 16, 3072, 1824.61),
(102, 36, 696, 437.63),
(89, 66, 4815, 967.36),
(106, 9, 6830, 1928.12),
(24, 66, 9086, 26.62),
(159, 76, 1445, 1753.98),
(176, 39, 9281, 472.03),
(79, 84, 809, 1576.69),
(132, 99, 9442, 1300.03),
(157, 30, 3562, 1279.1),
(181, 76, 5608, 1131.79),
(126, 70, 7950, 313.27),
(116, 59, 7892, 1806.95),
(22, 71, 3997, 310.19),
(147, 21, 9203, 398.91),
(152, 67, 5120, 473.68),
(138, 49, 8233, 1873.53),
(139, 23, 7010, 1209.95),
(94, 98, 1190, 139.56),
(136, 98, 8484, 1270.91),
(180, 64, 3683, 1282.99),
(13, 28, 7441, 303.08),
(176, 42, 939, 342.69),
(26, 28, 474, 1911.55),
(80, 18, 3365, 314.72),
(173, 63, 6670, 841.94),
(193, 100, 499, 1385.01),
(188, 2, 1609, 900.84),
(41, 85, 5174, 224.89),
(173, 45, 1083, 1957.48),
(86, 20, 4522, 452.49),
(165, 65, 2964, 1801.77),
(151, 4, 149, 172.92),
(84, 58, 3465, 947.11),
(21, 85, 296, 1832.16),
(59, 1, 8052, 259.07),
(150, 75, 8381, 1062.14),
(22, 90, 5022, 1662.51),
(155, 77, 6821, 793.79),
(117, 25, 1477, 459.31),
(19, 67, 3009, 1310.17),
(142, 53, 5360, 1604.85),
(36, 83, 3855, 1928.84),
(96, 89, 7645, 1674.52),
(29, 87, 9057, 207.65),
(173, 22, 9059, 1652.63),
(20, 36, 3297, 142.92),
(36, 96, 1048, 1547.39),
(62, 100, 423, 1390.91),
(193, 98, 7455, 1580.77),
(75, 15, 6805, 1030.97),
(60, 59, 4310, 701.02),
(7, 29, 3679, 1562.67),
(196, 32, 1027, 795.28),
(112, 73, 8959, 1941.03),
(101, 47, 4606, 1698.77),
(153, 71, 3949, 1029.72),
(88, 17, 6718, 233.16),
(116, 19, 5172, 55.42),
(33, 90, 6842, 1751.31),
(128, 48, 6070, 632.15),
(95, 13, 5275, 679.47),
(111, 36, 2158, 941.03),
(177, 79, 14, 1867.99),
(97, 3, 2827, 1392.96),
(84, 11, 4527, 300.31),
(45, 7, 5106, 751.37),
(157, 22, 9373, 1450.66),
(61, 60, 7592, 367.29),
(195, 13, 803, 1126.15),
(41, 2, 906, 1231.71),
(186, 98, 1148, 647.36),
(165, 49, 6245, 522.75),
(158, 57, 5887, 1882.66),
(56, 87, 8234, 189.15),
(163, 75, 5654, 726.8),
(168, 54, 2058, 1824.14),
(82, 36, 1666, 1402.09),
(190, 50, 1141, 1882.8),
(144, 1, 3258, 535.02),
(16, 17, 6123, 748.97),
(119, 15, 8010, 1173.24),
(198, 50, 771, 1844.87),
(31, 74, 2080, 260.73),
(186, 84, 7135, 522.34),
(12, 82, 6303, 1006.56),
(157, 40, 5837, 764.58),
(184, 29, 8091, 1316.24),
(70, 24, 5629, 1894.65),
(38, 12, 4795, 492.77),
(195, 59, 3268, 1352.78),
(38, 71, 449, 1116.24),
(63, 14, 7040, 949.98),
(102, 63, 3920, 217.58),
(110, 80, 7413, 1045.59),
(35, 8, 1869, 1393.9),
(28, 98, 8896, 1489.66),
(132, 56, 3312, 1261.89),
(192, 41, 1100, 1940.77),
(91, 29, 6979, 1784.39),
(178, 98, 4257, 1729.36),
(133, 83, 7243, 1509.64),
(180, 63, 8957, 268.03),
(166, 29, 2629, 611.48),
(184, 1, 5041, 393.74),
(32, 1, 5877, 743.59),
(155, 40, 4931, 1669.66),
(78, 81, 4303, 1885.73),
(45, 23, 6874, 1621.38),
(75, 63, 3095, 1597.1),
(38, 81, 9990, 1420.46),
(134, 9, 7765, 1723.19),
(163, 44, 610, 1660.68),
(90, 83, 2697, 1801.87),
(104, 97, 1291, 849.63),
(46, 76, 9144, 1294.58),
(79, 74, 6182, 1557.51),
(89, 10, 3820, 1659.52),
(179, 42, 4194, 80.33),
(121, 37, 8491, 493.27),
(147, 55, 1811, 866.48),
(109, 54, 2929, 328.37),
(33, 40, 4986, 1580.21),
(175, 85, 1809, 289.18),
(103, 71, 2609, 192.49),
(101, 81, 5032, 1843.61),
(103, 4, 8936, 1622.86),
(199, 77, 357, 877.3),
(16, 83, 158, 681.63),
(63, 98, 6597, 1196.46),
(20, 19, 1117, 1221.19),
(116, 71, 5011, 1885.87),
(115, 34, 4296, 222.13),
(124, 99, 2554, 1951.41),
(22, 94, 4427, 190.39),
(70, 8, 239, 36.45),
(187, 70, 8, 70.29),
(77, 94, 8670, 564.44),
(18, 49, 5323, 1717.64),
(35, 53, 1089, 417.92),
(192, 28, 8460, 36.81),
(176, 47, 9647, 1330.87),
(91, 57, 4259, 476.74),
(72, 4, 2107, 1582.83),
(50, 43, 4434, 1746.13),
(55, 70, 893, 1608.12),
(196, 85, 1278, 706.89),
(86, 70, 7803, 486.97),
(55, 56, 149, 654.86),
(60, 38, 1736, 462.53),
(167, 16, 5665, 362.86),
(64, 43, 9751, 1708.29),
(189, 35, 4601, 637.04),
(182, 77, 3303, 583.91),
(164, 13, 9510, 1196.97),
(156, 77, 4208, 583.68),
(158, 27, 3240, 1812.69),
(88, 68, 4203, 370.56),
(132, 61, 1884, 384.56),
(185, 9, 1128, 1222.54),
(29, 59, 8362, 267.51),
(99, 60, 6006, 284.91),
(100, 54, 7126, 857.63),
(56, 91, 4053, 1935.76),
(200, 53, 5655, 1953.63),
(154, 91, 4086, 513.17),
(185, 91, 1224, 428.71),
(130, 8, 8423, 73.6),
(84, 26, 2579, 870.78),
(192, 94, 7604, 850.36),
(112, 48, 3734, 350.02),
(54, 38, 2381, 1031.33),
(13, 47, 10001, 677.76),
(38, 66, 4106, 446.98),
(197, 98, 4802, 319.34),
(96, 7, 7842, 922.93),
(85, 89, 6476, 266.53),
(198, 17, 7166, 1519.97),
(3, 48, 542, 1404.4),
(175, 27, 890, 359.69),
(42, 99, 8362, 1117.04),
(15, 76, 3306, 818.26),
(175, 77, 4023, 228.49),
(137, 95, 859, 1330.72),
(57, 40, 743, 1582.63),
(107, 64, 1136, 914.05),
(124, 87, 3667, 1995.56),
(7, 94, 4239, 654.89),
(191, 83, 309, 1359.15),
(62, 10, 8580, 30.82),
(95, 85, 1777, 1026.06),
(164, 30, 6954, 1675.69),
(53, 5, 4203, 758.75),
(25, 2, 4548, 249.68),
(67, 68, 9935, 1057.63),
(173, 49, 8569, 1213.7),
(100, 53, 6451, 56.39),
(53, 93, 8676, 846.52),
(65, 3, 4368, 785.63),
(80, 51, 3730, 1544.16),
(92, 60, 879, 455.5),
(32, 79, 1873, 883.22),
(141, 27, 6218, 1790.07),
(138, 21, 6976, 1289.54),
(34, 49, 7583, 268.67),
(34, 15, 7483, 1593.6),
(125, 26, 7477, 1001.46),
(160, 3, 9568, 641.15),
(64, 65, 4885, 570.2),
(70, 67, 1867, 1485.14),
(160, 60, 9403, 1267.34),
(35, 18, 7524, 1039.49),
(71, 21, 3138, 1914.72),
(93, 59, 9372, 1774.7),
(20, 94, 7223, 869.42),
(62, 7, 2587, 878.71),
(45, 79, 9712, 198.77),
(14, 90, 1030, 1395.15),
(99, 90, 7763, 661.34),
(5, 82, 9468, 505.52),
(196, 65, 2080, 1883.0),
(183, 14, 3167, 304.12),
(139, 73, 7563, 668.85),
(98, 95, 2479, 778.56),
(167, 27, 680, 1691.27),
(194, 24, 3053, 554.93),
(197, 62, 6969, 1573.18),
(176, 21, 3683, 1192.36),
(165, 76, 743, 651.44),
(119, 72, 4160, 1997.49),
(123, 41, 1329, 1118.93),
(47, 59, 7188, 540.52),
(179, 31, 595, 1499.28),
(170, 96, 4367, 189.09),
(170, 60, 214, 677.45),
(49, 7, 3395, 1623.01),
(86, 10, 5528, 905.4),
(92, 9, 2070, 595.87),
(67, 85, 4154, 367.23),
(153, 16, 2996, 27.35),
(190, 6, 2698, 1912.13),
(146, 11, 6678, 1570.1),
(141, 51, 1061, 1686.3),
(156, 95, 9874, 191.11),
(148, 72, 9582, 1622.81),
(64, 7, 2362, 792.11),
(153, 10, 8040, 1175.83),
(164, 3, 1174, 480.35),
(82, 19, 1770, 101.89),
(13, 97, 6037, 1987.55),
(95, 20, 5764, 1403.91),
(23, 98, 8537, 1161.41),
(78, 82, 476, 381.56),
(101, 88, 7699, 426.41),
(28, 52, 8425, 786.65),
(3, 88, 1105, 1571.16),
(17, 12, 2347, 464.07),
(149, 1, 9654, 406.59),
(176, 11, 776, 284.49),
(136, 26, 8620, 745.65),
(158, 4, 1430, 1787.46),
(134, 91, 9750, 1437.99),
(155, 60, 7433, 1552.41),
(46, 51, 5776, 1710.58),
(170, 43, 5881, 569.28),
(170, 46, 8784, 1842.83),
(166, 7, 5551, 1987.4),
(182, 17, 6807, 1591.6),
(66, 67, 3289, 130.28),
(62, 38, 2055, 1498.19),
(93, 17, 4195, 1896.69),
(83, 21, 596, 850.68),
(10, 98, 1383, 1619.98),
(181, 42, 7274, 1825.22),
(60, 16, 4449, 1412.12),
(133, 44, 2182, 406.09),
(85, 47, 1404, 1670.74),
(1, 25, 7265, 1953.5),
(114, 40, 4922, 1013.85),
(162, 81, 8004, 1723.56),
(151, 66, 1990, 793.33),
(99, 67, 9466, 1499.58),
(89, 75, 925, 44.91),
(16, 88, 6290, 1860.8),
(194, 69, 1753, 168.64),
(51, 80, 4846, 425.83),
(43, 41, 3268, 334.21),
(158, 6, 8588, 889.8),
(150, 38, 7016, 1960.0),
(189, 31, 9568, 1562.69),
(20, 10, 8000, 291.98),
(115, 45, 3756, 1864.84),
(108, 60, 9112, 1942.09),
(136, 65, 8515, 230.32),
(41, 73, 9802, 1860.4),
(65, 34, 4672, 448.13),
(82, 27, 1325, 1661.09),
(126, 53, 8656, 1460.56),
(26, 71, 9803, 846.07),
(115, 87, 5328, 1246.97),
(163, 77, 4162, 1949.28),
(175, 76, 5992, 960.86),
(30, 47, 9901, 570.41),
(180, 94, 9487, 91.96),
(54, 45, 2194, 1803.05),
(1, 96, 26, 188.53),
(153, 17, 219, 1081.82),
(92, 40, 9456, 818.37),
(12, 93, 3845, 535.85),
(16, 61, 1461, 323.48),
(141, 44, 8257, 1799.86),
(82, 74, 1701, 1225.89),
(24, 38, 3789, 1049.96),
(191, 97, 6510, 171.65),
(155, 100, 4944, 1384.96),
(37, 16, 3652, 1284.52),
(124, 56, 1455, 725.32),
(176, 6, 9264, 1870.13),
(14, 33, 6312, 229.98),
(26, 74, 3733, 1578.12),
(68, 83, 4095, 576.75),
(156, 85, 4620, 869.01),
(152, 94, 5435, 512.66),
(154, 1, 541, 941.95),
(33, 16, 7571, 1883.16),
(142, 38, 7681, 550.82),
(181, 69, 3937, 775.56),
(47, 23, 2275, 1242.12),
(23, 8, 3911, 396.81),
(164, 24, 3985, 1151.36),
(119, 91, 1198, 297.65),
(118, 75, 6792, 1024.71),
(64, 81, 5026, 1915.38),
(24, 26, 2268, 999.39),
(138, 50, 2248, 1125.31),
(102, 75, 1785, 1000.68),
(171, 2, 6984, 1718.88),
(120, 43, 1018, 729.51),
(42, 16, 5628, 1345.89),
(35, 29, 777, 1429.43),
(127, 69, 4349, 1838.93),
(77, 14, 9722, 1816.29),
(11, 38, 1629, 1041.25),
(100, 87, 733, 270.61),
(57, 48, 7102, 424.59),
(109, 91, 7140, 1562.41),
(160, 51, 8794, 1231.49),
(160, 63, 7176, 1270.51),
(96, 27, 3522, 1536.79),
(99, 35, 3823, 1372.85),
(121, 97, 8936, 1073.52),
(134, 42, 6750, 191.75),
(76, 67, 4033, 1279.28),
(163, 76, 4040, 252.65),
(191, 76, 583, 984.08),
(194, 7, 5604, 750.23),
(52, 21, 2897, 147.71),
(7, 11, 8433, 558.99),
(67, 20, 516, 166.24),
(101, 40, 5781, 935.02),
(191, 82, 8386, 226.24),
(16, 20, 8463, 786.5),
(23, 95, 1033, 461.33),
(92, 56, 475, 1934.64),
(10, 51, 8491, 1014.19),
(111, 62, 6509, 1104.7),
(86, 94, 8425, 358.33),
(152, 19, 7035, 1221.35),
(47, 98, 7586, 1593.6),
(84, 13, 2543, 1054.39),
(155, 5, 2973, 1663.36),
(197, 65, 2988, 1164.21),
(80, 64, 8821, 367.13),
(98, 40, 3960, 1416.59),
(21, 70, 9562, 1120.73),
(61, 13, 6525, 1995.41),
(178, 22, 9585, 140.83),
(73, 80, 7045, 1736.71),
(148, 45, 435, 1099.75),
(39, 87, 3910, 1678.22),
(88, 100, 9037, 1536.19),
(116, 65, 10000, 1720.52),
(69, 19, 4147, 1262.46),
(44, 41, 996, 740.31),
(153, 81, 4132, 1405.37),
(179, 32, 7623, 1778.31),
(118, 93, 4514, 686.3),
(18, 70, 4172, 1016.57),
(189, 14, 8845, 270.49),
(67, 32, 3830, 1959.49),
(32, 2, 9514, 1014.48),
(132, 22, 8375, 553.82),
(170, 34, 9975, 1118.17),
(134, 2, 2873, 1670.04),
(162, 100, 8702, 1677.72),
(67, 78, 3385, 114.98),
(102, 84, 7868, 1463.22),
(36, 52, 8491, 1445.35),
(161, 87, 1103, 1142.77),
(19, 10, 6743, 931.56),
(13, 60, 2257, 1804.94);

INSERT INTO Suppliers (supplier_id, supplier_name, contact_name, contact_email) VALUES
(1, 'Of road whole trial you deep discuss. Generation bad inside I total. Hear daughter laugh body.', 'Robert Hamilton', 'gonzalezharold@example.org'),
(2, 'Walk national artist public firm.', 'Susan Butler', 'nicholas15@example.org'),
(3, 'Realize part idea trouble thing yeah health. Positive call term. Head notice race live.', 'Angela Garcia', 'lhansen@example.net'),
(4, 'Upon accept age history affect compare. Along long development always. Catch remember able season.', 'Erin Melendez', 'marcwest@example.com'),
(5, 'Feel usually environmental take position live real. Resource along stay ahead appear interesting.', 'Dennis Williams', 'kelly17@example.org');

INSERT INTO ProductSuppliers (product_id, supplier_id, supply_price) VALUES
(30, 5, 671.18),
(53, 4, 496.67),
(14, 2, 669.32),
(19, 2, 382.02),
(58, 3, 937.7),
(96, 5, 820.54),
(63, 4, 142.63),
(91, 4, 716.52),
(32, 1, 546.06),
(42, 4, 435.76),
(83, 2, 557.02),
(64, 1, 74.61),
(80, 3, 189.72),
(41, 1, 713.53),
(73, 3, 141.28),
(10, 1, 876.84),
(54, 1, 955.85),
(78, 5, 893.35),
(62, 4, 367.48),
(66, 3, 605.43),
(6, 1, 407.2),
(30, 2, 236.64),
(1, 2, 605.78),
(99, 2, 21.23),
(20, 3, 20.81),
(92, 4, 627.77),
(46, 5, 229.85),
(35, 5, 255.69),
(88, 5, 218.21),
(76, 5, 963.6);